,firmgrowthregpred1620
0,0.7576599725913771
1,0.18285771670625775
2,0.16491096005674302
3,0.11323037071673515
4,0.5395001612799109
5,0.21199846478687925
6,0.268536287346702
7,0.10634841150869226
8,0.11027080850819064
9,0.11776150243477695
10,0.2835702878545172
11,0.7557488774778884
12,0.9705744298396481
13,0.5357936751920757
14,0.9239240192848085
15,0.3898494348195508
16,0.44097349509681993
17,0.42209559324909185
18,0.6123365873907093
19,0.5131774329696949
20,0.09860467833427727
21,0.28287649681978416
22,0.6174494538260259
23,0.5352549304758456
24,0.4149229509202799
25,0.2073841881386182
26,0.197959401924097
27,0.07168944528168628
28,0.1376732673985679
29,0.26710197036286126
30,0.15598910641407923
31,0.14755051034601654
32,0.10064085604918993
33,0.5052098827233409
34,0.15536314268591347
35,0.1921628067723734
36,0.09348384171920263
37,0.18202964446590367
38,0.11063634972516036
39,0.10212104392370276
40,0.2642473415017846
41,0.49496380676954105
42,0.10799393583804687
43,0.09306484136154784
44,0.09557064154001789
45,0.10199524390603433
46,0.09926877694610091
47,0.09728952923488088
48,0.3393862911855261
49,0.47149661657966796
50,0.11505018199588685
51,0.3082637770301448
52,0.09967090098244612
53,0.1839115749479144
54,0.10840771216051048
55,0.2492717398191542
56,0.4942379851964721
57,0.10434111618188653
58,0.5478668406633258
59,0.3754341231067669
60,0.09813959039935698
61,0.7078711707148828
62,0.16965209485298535
63,0.21006502192147972
64,0.29116996766956604
65,0.09820449895890485
66,0.7614565110955624
67,0.09955184992814779
68,0.1043989463345182
69,0.1232711159289971
70,0.14567913820631698
71,0.5834989953338345
72,0.15127691823377948
73,0.12124404899184248
74,0.18177001999285808
75,0.10970054459700099
76,0.5658765477806157
77,0.11610895534982908
78,0.481543668578739
79,0.3576333869972041
80,0.13847495579058405
81,0.16004614136084222
82,0.12546721895447122
83,0.18960774004088274
84,0.10795287025136288
85,0.13190739703148519
86,0.11104925017939765
87,0.18466856870647771
88,0.34358647963988037
89,0.09940788229317467
90,0.10593636238876747
91,0.20135387963091536
92,0.203571064399789
93,0.10820300341811571
94,0.19658950819008547
95,0.08830768885942399
96,0.2785589968040086
97,0.1040766799119229
98,0.40485424328896796
99,0.1667664193075911
100,0.16837735202446347
101,0.10483878996047633
102,0.19079759144601785
103,0.1030249292750036
104,0.09921595643976197
105,0.14282396893759705
106,0.2970230226151396
107,0.09901400113402127
108,0.09467832652248004
109,0.19867346076071818
110,0.21121486869121917
111,0.18134738731781858
112,0.10428759017501951
113,0.26841999109229714
114,0.10469747819636699
115,0.10286397363265991
116,0.1978998779383024
117,0.10323341871187983
118,0.10697834887046546
119,0.22322557390667647
120,0.19896999484873215
121,0.10898979178405344
122,0.10703253026229964
123,0.13183323999222962
124,0.09713728621583735
125,0.19998086234692272
126,0.11008353941951983
127,0.13138511011343018
128,0.11916620088491668
129,0.0943554600456906
130,0.16136666907234254
131,0.20803793024079054
132,0.1016673057657939
133,0.15751270443865598
134,0.09440978462148021
135,0.1027900767126274
136,0.2760820258089867
137,0.10643446728635005
138,0.35053328402273015
139,0.10572961838155423
140,0.2703192865032006
141,0.10644915769375247
142,0.09994923889776333
143,0.19851846311782947
144,0.36223841588445
145,0.13534094108821962
146,0.10515144840652801
147,0.21239684215386048
148,0.16118036188769683
149,0.10505052944073229
150,0.15155540842752774
151,0.18930334129736728
152,0.11825061629766247
153,0.20100018455340765
154,0.17790606687167326
155,0.11284654627663863
156,0.16119477941786933
157,0.4480633907803223
158,0.19294421127943823
159,0.15854431495218876
160,0.19321676951040506
161,0.10334677609946717
162,0.10640442796077149
163,0.0997490843859012
164,0.10224072391576346
165,0.17859901663763983
166,0.18167860063145483
167,0.09666017624624854
168,0.49757092054731583
169,0.09901153860579753
170,0.15520636371872917
171,0.17618431930604642
172,0.1302942059050942
173,0.19971620221564937
174,0.19723809933444694
175,0.4957396597368248
176,0.10074295625747737
177,0.20227614053411241
178,0.13168991700086846
179,0.7361252093704785
180,0.16291125312909482
181,0.13431038714894247
182,0.11095809386678021
183,0.11665010060731947
184,0.22294500723052346
185,0.22108762772158685
186,0.30665211478426835
187,0.25018276957572033
188,0.0995349546391219
189,0.19274489069935188
190,0.13570246580448092
191,0.09528760585809093
192,0.15154487319355994
193,0.10461697459083333
194,0.09946985432220111
195,0.09876738550543633
196,0.10011658982555341
197,0.09807989554438079
198,0.12455586443337742
199,0.18343279467871978
200,0.10902472982115086
201,0.1051008448774343
202,0.16514879020352058
203,0.09584975989147768
204,0.09989989087340487
205,0.09786689422273635
206,0.1818781347733336
207,0.20694409359189875
208,0.31415649683286695
209,0.09844184960956799
210,0.10662990142738728
211,0.09730757133823968
212,0.09787183169626455
213,0.09681392337902003
214,0.5490679207814491
215,0.10434983657193497
216,0.7415098975552034
217,0.0953396221596704
218,0.4714307522185426
219,0.09711349927669262
220,0.10078056678295923
221,0.09664226510122194
222,0.12606902510777063
223,0.09833502527803518
224,0.1845469142778637
225,0.09300752286048918
226,0.164407444147004
227,0.0974497158194001
228,0.1914316139037854
229,0.43570905716571573
230,0.09761565750327203
231,0.1026469556976354
232,0.10424715185676953
233,0.24266521958902204
234,0.6845466992061607
235,0.09727460433572725
236,0.09737833114026834
237,0.22207276397432396
238,0.09523830021116855
239,0.10066734901945693
240,0.0937718883358592
241,0.0959216160430828
242,0.23585593339127117
243,0.09769321728646563
244,0.09189805584037805
245,0.1510300269954703
246,0.09540141793047854
247,0.3520428953812514
248,0.10113025461668775
249,0.19043436179942838
250,0.09657221654210299
251,0.0985941860963015
252,0.10876241568915164
253,0.09492091274339065
254,0.09608172946502333
255,0.0997324331855044
256,0.09318368954264887
257,0.11319950469185185
258,0.09555526757539527
259,0.17245072671964595
260,0.09774099934798414
261,0.09592057974164939
262,0.09772606899936662
263,0.08949919003584839
264,0.09903305048198022
265,0.4890496222320026
266,0.5794599963413454
267,0.5021682652823966
268,0.8135237288661356
269,0.490806540749289
270,0.7953309495246641
271,0.43459687309998435
272,0.41577050825485773
273,0.6232899951571601
274,0.5157461463170907
275,0.5587323317040366
276,0.5051600754371016
277,0.6735972523481604
278,0.6716785231420729
279,0.6946945195900004
280,0.5400537886493458
281,0.2029866998672773
282,0.09570606072498693
283,0.09971476672844094
284,0.19205876324618648
285,0.6467097998977593
286,0.1022663750883697
287,0.4707081251768333
288,0.21128704226969156
289,0.10190928220232749
290,0.10137146545707365
291,0.10013381563287518
292,0.4371256137461239
293,0.16764352932876
294,0.12507133237075682
295,0.10603222340747587
296,0.12665146080629408
297,0.10844311639619401
298,0.13042576265125547
299,0.09760422897310572
300,0.13276982122194753
301,0.13076985579936398
302,0.17028925881499393
303,0.2771886676882055
304,0.10894004935704463
305,0.09662227495587258
306,0.10478879799657886
307,0.09593965720704496
308,0.11463115580695381
309,0.09740109329183019
310,0.09842882085559784
311,0.10106753222966841
312,0.24529666201795491
313,0.099608445726413
314,0.11020258356205083
315,0.12861815092954626
316,0.1527992677247581
317,0.10068026031375242
318,0.1719326637892178
319,0.1872478546901065
320,0.2581752820541666
321,0.3418384444621806
322,0.42376396616714157
323,0.24170369570896458
324,0.36681351298480214
325,0.09594561509141201
326,0.5097339913779457
327,0.20212389671527736
328,0.2793273620787599
329,0.13289612256288216
330,0.4655360667337253
331,0.17575905166715294
332,0.12684684322281797
333,0.42064216975550694
334,0.48297307636186754
335,0.15073742929682116
336,0.5663507969963841
337,0.20496162539166438
338,0.18504227267191503
339,0.7429071858911634
340,0.28493105279355585
341,0.15690290905959794
342,0.4301646112605806
343,0.12448863279292746
344,0.6695258473255221
345,0.22928366502830944
346,0.4323576329375283
347,0.4208314472008034
348,0.1905824283241728
349,0.29366413175986317
350,0.5203715477733443
351,0.4333448432767718
352,0.3919495267866823
353,0.09623955367466262
354,0.28825540808927214
355,0.11614052903003658
356,0.39658406284993786
357,0.1314184791610337
358,0.19658624498140198
359,0.10550950293357379
360,0.31401452678665087
361,0.40678179475817344
362,0.1272625782520778
363,0.31038940561710243
364,0.10477334221557799
365,0.24507002003513362
366,0.7294417343380534
367,0.122522519187842
368,0.1473151876598508
369,0.10846772320699341
370,0.10309583278302145
371,0.10440963556680483
372,0.18206022739825453
373,0.1059887302337422
374,0.09602601935110608
375,0.11540231308862198
376,0.25564685530676784
377,0.14445257821583066
378,0.11746461214103276
379,0.08571226330339494
380,0.13251962539140275
381,0.10552761957271525
382,0.10720678484662012
383,0.11426116123529076
384,0.12976472684688345
385,0.10409392013808591
386,0.18214834085484327
387,0.17713314020303184
388,0.17671356871438568
389,0.10422469517073409
390,0.10650799798928573
391,0.10362223541353811
392,0.07570870419579048
393,0.3462074568499087
394,0.46724232306753943
395,0.1597286685267025
396,0.09712113856757146
397,0.14407468695213876
398,0.13886905859825296
399,0.21188888268739556
400,0.4469025688046294
401,0.1180933180789731
402,0.10225576696253767
403,0.4352884735916087
404,0.13195427941160817
405,0.19041883870211976
406,0.10999609960720237
407,0.1371675092441472
408,0.10434326397900753
409,0.11994156466727655
410,0.1762002179549454
411,0.34679895004762407
412,0.10293240885214085
413,0.1599039039791947
414,0.11865234953708186
415,0.28613346546186547
416,0.20695223209784827
417,0.209557107631582
418,0.14897742477629433
419,0.14540283242912747
420,0.3808156107214227
421,0.14062519002567456
422,0.27242455729240544
423,0.2165432146897247
424,0.1506249460833662
425,0.10998819259489626
426,0.22059926319437836
427,0.138198830660003
428,0.10063933556759935
429,0.10848329101179953
430,0.10367369993776825
431,0.3513099776239911
432,0.16739287967906283
433,0.14285836815385888
434,0.10592726151159718
435,0.10525306858426942
436,0.15922134847089978
437,0.10400386188722298
438,0.10113695637399518
439,0.1365275239262783
440,0.22633799440449542
441,0.13133916117740885
442,0.16301568984943052
443,0.10423433000178899
444,0.10721249004992044
445,0.10457745298822584
446,0.10740042314679143
447,0.10998412491857315
448,0.15036940314034689
449,0.31632187062170797
450,0.09906258616711441
451,0.16356376858215527
452,0.10738472602747802
453,0.10113190647120546
454,0.23047831510139954
455,0.10521414021506303
456,0.27060823562002606
457,0.10689504896547909
458,0.15437650308059767
459,0.21339878415015914
460,0.10760864002948217
461,0.10678856405020373
462,0.20950748138098213
463,0.10755142228087212
464,0.1212642570140438
465,0.10676541882248981
466,0.10214671449904413
467,0.1520342455642663
468,0.10237302712713699
469,0.2157708675819096
470,0.10832643740425665
471,0.11427106318475713
472,0.1004774047231401
473,0.11247759836928393
474,0.36540444746994966
475,0.2121874797318237
476,0.3337446437966199
477,0.13107349649725591
478,0.13597970485863906
479,0.09441865690416669
480,0.10849555596837863
481,0.10714742682124245
482,0.10161047631024016
483,0.10738657782429631
484,0.10697243732041169
485,0.1608388022000099
486,0.10403532341780157
487,0.24751588233420432
488,0.12656823986018959
489,0.10262762212727455
490,0.10198861052715806
491,0.10201988917697123
492,0.1935750457336108
493,0.10394611704132573
494,0.6096769570094945
495,0.10486945481561002
496,0.18060657484035655
497,0.5102137323902921
498,0.1851674530179951
499,0.1075581474649869
500,0.17498346728581707
501,0.10277856179147898
502,0.19703428713099105
503,0.11533912411327983
504,0.11620636490215751
505,0.17389251307208967
506,0.103821389762873
507,0.326153667278613
508,0.11623964967446694
509,0.3310397572533576
510,0.10061913575596125
511,0.12079393406933747
512,0.15845967257908594
513,0.16760179760982755
514,0.10033790397379871
515,0.4817924755436923
516,0.15845558298778284
517,0.10511794017353575
518,0.11633703067290632
519,0.13273873491670465
520,0.22555522716982526
521,0.1632813397659349
522,0.39548117225749385
523,0.5201636461049133
524,0.10234229741366903
525,0.09908843538666003
526,0.10908325226440305
527,0.2283261835021252
528,0.16711246000882063
529,0.19710427414133957
530,0.21521590277373123
531,0.15337293523821388
532,0.1619326619657833
533,0.1669250001232972
534,0.10041488656661642
535,0.12261049065561329
536,0.2891684410143553
537,0.10514169611892189
538,0.3396491201857548
539,0.15365261703823488
540,0.10809045942892886
541,0.09781337609334838
542,0.09965270290786735
543,0.2839970545172961
544,0.12044262435106397
545,0.30541469995337944
546,0.17935200748312824
547,0.1322253808748801
548,0.30749127845970786
549,0.09478793765804382
550,0.103311223998762
551,0.1585707340413056
552,0.21103528210306982
553,0.3923123844994754
554,0.1343656927564517
555,0.12496361351342831
556,0.11187773172611107
557,0.10249706562473695
558,0.09738926873971669
559,0.12846132085245549
560,0.2580882290796276
561,0.09529451009523057
562,0.10092849764062375
563,0.14591531095419796
564,0.09773722033358061
565,0.21626140682362002
566,0.14796977192411154
567,0.1580040170795618
568,0.09626355215943844
569,0.7121783817937435
570,0.10566654078123434
571,0.10368756616531365
572,0.12581684694798842
573,0.1271953631614738
574,0.19834438302086166
575,0.14891495622975204
576,0.20733404239426287
577,0.1079549475776296
578,0.1515412698530694
579,0.1035130824485875
580,0.19117092344950884
581,0.12756331291231754
582,0.10264528115970431
583,0.4458625865887082
584,0.10142023833011014
585,0.1585831198050495
586,0.09534321059885897
587,0.09936735422742637
588,0.14266069577283455
589,0.14933018643859267
590,0.09668896475523457
591,0.10617260362876331
592,0.09805827600607592
593,0.36396594974785945
594,0.1751347504769282
595,0.12613966894092513
596,0.1564115136269635
597,0.4907279249556037
598,0.11833849863413279
599,0.09718972564890928
600,0.6791166271214671
601,0.09704017776168775
602,0.11329733597553167
603,0.3600456623798831
604,0.1545547853181751
605,0.09862407640023674
606,0.09406376894058618
607,0.16730332884655258
608,0.20115432381656856
609,0.15456644902950054
610,0.09473655707401762
611,0.09227696165948414
612,0.18344949735607816
613,0.24209739204532504
614,0.1527007142583018
615,0.19518760883780603
616,0.1485850641803773
617,0.15281889953029285
618,0.14509902307272143
619,0.09285138632515474
620,0.10340929514565016
621,0.18402053296661475
622,0.11521419584493617
623,0.5465513053852169
624,0.2757896057590008
625,0.10305038934114943
626,0.15366935157252296
627,0.4677161921415375
628,0.48366780214011096
629,0.10651927533682808
630,0.1754358487295599
631,0.4761186723965447
632,0.11304171644108114
633,0.11496727925658179
634,0.09686601411858858
635,0.15724580639898572
636,0.09521981230175998
637,0.09799981787641622
638,0.2410944632656236
639,0.13239579945812277
640,0.13174034698428072
641,0.12331683704833331
642,0.11087927430875277
643,0.12197040121906531
644,0.1490741023255368
645,0.09843150166598584
646,0.14534171470929386
647,0.10093980017590397
648,0.16211844652505886
649,0.1499763942639254
650,0.6805589407170964
651,0.1865054759439616
652,0.09834477294425763
653,0.1191808934528775
654,0.24084751117775516
655,0.1510294065682927
656,0.18136856057748432
657,0.28592364691272537
658,0.1795869568778861
659,0.12601813906012216
660,0.2903450980291917
661,0.13257457637498574
662,0.09026198625560958
663,0.16361056637680624
664,0.28145673645136243
665,0.182244325029347
666,0.19707198869531697
667,0.13077955913270123
668,0.4650582823235906
669,0.49999393931394526
670,0.17416647602187668
671,0.17222743325838286
672,0.10061476100130391
673,0.20669273080896422
674,0.20821040040682204
675,0.481856518144995
676,0.17874088146345365
677,0.13756524814905455
678,0.18757128750321977
679,0.4390506206778679
680,0.49606278642984636
681,0.1584498533251097
682,0.11494135931068478
683,0.17728259106942673
684,0.4364211815601999
685,0.17319672116789775
686,0.42231136006128817
687,0.14181498109723353
688,0.765847034024181
689,0.10181780019238618
690,0.47054104599721386
691,0.191752438832578
692,0.4094978889321472
693,0.10347669987611678
694,0.44922376658025537
695,0.19491054155114998
696,0.09879827246416999
697,0.37015430589567877
698,0.1773663476258448
699,0.16648210159780127
700,0.33891751714465396
701,0.10448530924989057
702,0.183890645807574
703,0.2605980599668994
704,0.1479115803107809
705,0.15897071353855033
706,0.47561312177618587
707,0.16174033433409107
708,0.19699686790464024
709,0.45457389936601095
710,0.15015394520706465
711,0.17115368201204845
712,0.5268639203511194
713,0.6465654180069261
714,0.1835651539708907
715,0.48162919107245344
716,0.12220892682893651
717,0.24868273216244097
718,0.17821450719348497
719,0.19000121499897848
720,0.19159332336717136
721,0.09472258447529887
722,0.22251934336280096
723,0.169567526144926
724,0.09966400877955656
725,0.48618030654377925
726,0.12645353648277674
727,0.13052552651257646
728,0.17189495795076898
729,0.26903451918776644
730,0.16923614391838582
731,0.3098712274882419
732,0.09740586237671997
733,0.10119433197985715
734,0.11866529322857364
735,0.12216255444596814
736,0.48657704691114795
737,0.28887865680648317
738,0.11299396386347917
739,0.18658970806795627
740,0.20131043200169513
741,0.12617483719041464
742,0.23489674508809352
743,0.3191759752051929
744,0.11995037155498955
745,0.3159447299400413
746,0.26537611999524724
747,0.26877018935243047
748,0.17803001568101298
749,0.14442191669204865
750,0.46150533693375595
751,0.18222956959476472
752,0.12192189137977466
753,0.096905503909006
754,0.4379659441527694
755,0.1990074261851879
756,0.4415897380257341
757,0.10221616602449682
758,0.18707154186764086
759,0.5051122755291935
760,0.12856309850230654
761,0.7722375066824335
762,0.14841760811307506
763,0.30442503843174595
764,0.45991552955961196
765,0.3062279158463594
766,0.15800972931265828
767,0.16995734803682785
768,0.18795644214580745
769,0.21047737787042478
770,0.23754174957354116
771,0.09847489405963661
772,0.10198470595717295
773,0.4714657184964498
774,0.10474685897029713
775,0.39049578124668577
776,0.4514145206484662
777,0.3558181672146742
778,0.1591353809283035
779,0.18242036155868385
780,0.11319682786376249
781,0.12217438030640078
782,0.15097046058473193
783,0.1392671730182055
784,0.11466167677654492
785,0.10827728126176048
786,0.36999991964929474
787,0.10003575663174484
788,0.11149752701923198
789,0.20076309124344718
790,0.11388130014899218
791,0.10316238277243829
792,0.18922865460962943
793,0.10827016669090118
794,0.10229576304162681
795,0.1522119357732286
796,0.132656962928955
797,0.12960020292954305
798,0.10451256722886718
799,0.14665030809650714
800,0.1362097536463766
801,0.15157465348407395
802,0.1289566249182742
803,0.13295604018888976
804,0.1728463694623203
805,0.18822409809451918
806,0.0972061134004701
807,0.10340799376413669
808,0.10500823564801487
809,0.1157981116682753
810,0.12890687820733204
811,0.10329530679584596
812,0.10422168881511543
813,0.15085670164477152
814,0.37016646896912525
815,0.1600222877301366
816,0.12183050135800408
817,0.10646963706440599
818,0.19749970414387671
819,0.10403496902211579
820,0.14538101247207863
821,0.12355705148266267
822,0.11061656094394172
823,0.345484098588198
824,0.12164219589274718
825,0.29580786688453276
826,0.10413808986391751
827,0.1305882994283628
828,0.09925444903761428
829,0.10356457296688075
830,0.2928526388089906
831,0.16045005376286547
832,0.5312649414525183
833,0.708074427548544
834,0.1069399525100697
835,0.18214146444103843
836,0.18416649263099685
837,0.10783322228996313
838,0.16344726499688225
839,0.1019015052182954
840,0.11493596517390016
841,0.1376437610418449
842,0.15704732387489678
843,0.11612097948407313
844,0.15219497293179296
845,0.22501620849137316
846,0.427118278301352
847,0.12272408124558248
848,0.17856078933294958
849,0.4215603859374676
850,0.17776726432221937
851,0.28559322513567087
852,0.1500877670297542
853,0.18237791945873638
854,0.11287485171513319
855,0.26307096558604404
856,0.31588818283963116
857,0.13113076271531068
858,0.14781434944380656
859,0.17371016096278888
860,0.10903148469832596
861,0.10386930847629165
862,0.2326529440613086
863,0.17764173831371113
864,0.19464752322349607
865,0.16384437465207308
866,0.13948816129523223
867,0.10459201481037635
868,0.19080514864582504
869,0.15932580060073478
870,0.15609642196871185
871,0.1457110942995449
872,0.10661902044107932
873,0.15507422069439195
874,0.10273060576978202
875,0.13039690310118748
876,0.10509023676918391
877,0.14523706669931732
878,0.17313778319645143
879,0.10794887764340377
880,0.10224032893519244
881,0.10125890302704808
882,0.5119277998788592
883,0.1583335992390582
884,0.11209641630891878
885,0.1574774001297201
886,0.1853556082164459
887,0.3739267987435473
888,0.5271322377693762
889,0.10063259488057802
890,0.20734312523732648
891,0.11135793984043929
892,0.4028616184873361
893,0.13997005775671592
894,0.11387387801834607
895,0.1355579935661116
896,0.1998980493009125
897,0.22397144905314767
898,0.1032495687551239
899,0.4443934151582368
900,0.5935525723320189
901,0.31140340408420136
902,0.1589197840062654
903,0.1425929747795714
904,0.4624026829620639
905,0.3072325595981543
906,0.08368497525114056
907,0.10295977736494885
908,0.1761219450418974
909,0.14130271161283095
910,0.24468730453377413
911,0.24533570630380205
912,0.136019854394342
913,0.1923222275620937
914,0.1019937431062389
915,0.13253037042181054
916,0.09556827392575165
917,0.13040144334325537
918,0.1878642779338373
919,0.15478141644870758
920,0.11247161018771556
921,0.21909359465842698
922,0.40046675161927625
923,0.21333214856015217
924,0.23061939840586676
925,0.1160087742405691
926,0.13802713104927974
927,0.13955247133150203
928,0.13138845677265812
929,0.11684580206353058
930,0.2879694078392659
931,0.0998393588099732
932,0.20218906525654345
933,0.15468786779572755
934,0.21170931643849306
935,0.12732557490098828
936,0.08637660159105687
937,0.16094917083376312
938,0.18733889083835528
939,0.10204431335145932
940,0.11269321805565906
941,0.47111021216588855
942,0.20041342163597795
943,0.6819405730207986
944,0.12698151458007692
945,0.10960029625560296
946,0.5135173009671916
947,0.09559413578066
948,0.09340720560025204
949,0.09885559671440937
950,0.2569358779675423
951,0.15073602123953783
952,0.48054322963095253
953,0.1139098214716136
954,0.09838450040480394
955,0.39826111111970053
956,0.1959629236604624
957,0.1084102298847244
958,0.2409937413101063
959,0.12669553655751825
960,0.19381852878066183
961,0.09780889117714026
962,0.09186903819318837
963,0.1727170958196761
964,0.7388905855384982
965,0.46360667497251
966,0.10096893186250623
967,0.4951113436240928
968,0.13090015097069832
969,0.0978189467416394
970,0.09393982497656586
971,0.3788203840154276
972,0.5851555866257638
973,0.09273432809859711
974,0.0932842672896458
975,0.10836090917327743
976,0.09485756708024275
977,0.4829693779814346
978,0.09873829293880529
979,0.3088499472782915
980,0.09221828377889829
981,0.10438369552737703
982,0.09875089043726404
983,0.0939708188410945
984,0.34965022009998553
985,0.7362523581134934
986,0.10245769806585503
987,0.1903272552655647
988,0.09256202320307155
989,0.09457176228131169
990,0.22659366407683443
991,0.20205410346022423
992,0.4296309793953668
993,0.12900822741480145
994,0.4309629867731999
995,0.2585117499077028
996,0.09827254529266218
997,0.09766481738284402
998,0.09793537337645365
999,0.19606657286438436
1000,0.10066614872835161
1001,0.0984080848141157
1002,0.10950931848493753
1003,0.18175365356316814
1004,0.09769228315565069
1005,0.10755090429235994
1006,0.10336329911791077
1007,0.15168516353294692
1008,0.10295792947840465
1009,0.10920485387544263
1010,0.1031130805073803
1011,0.2621301470271463
1012,0.09965367492310358
1013,0.10377542657967044
1014,0.10778927666458855
1015,0.10336333739382769
1016,0.10463506108061311
1017,0.10525984192451451
1018,0.1398750129914092
1019,0.0996932112031463
1020,0.15814980799773937
1021,0.09754978178346863
1022,0.15316717063179178
1023,0.14838499861954096
1024,0.1028252160783279
1025,0.162807114411066
1026,0.0977000462150506
1027,0.10748145102450109
1028,0.10312599857318785
1029,0.10387572147985497
1030,0.0998744907460518
1031,0.10007925111054553
1032,0.10280231422520762
1033,0.10169611229309171
1034,0.10060345127219837
1035,0.10017134041657079
1036,0.38221430540229345
1037,0.09812593009004954
1038,0.20162058262783014
1039,0.12269042671934602
1040,0.3705200397664681
1041,0.1683770126187956
1042,0.10393876410644408
1043,0.0944835709980579
1044,0.10985363919064892
1045,0.1098831791934283
1046,0.10135417193257122
1047,0.10019840819287229
1048,0.10032491562923129
1049,0.09931262740507969
1050,0.10479688695579742
1051,0.10092278250804826
1052,0.10153854523341019
1053,0.10030962721962897
1054,0.25301294503390254
1055,0.1045480727723013
1056,0.27519909210799615
1057,0.10144950437106799
1058,0.1039277746795866
1059,0.1063469031913577
1060,0.1016243055258146
1061,0.10080485592305288
1062,0.10055198697281875
1063,0.1014462209758261
1064,0.6714936775843963
1065,0.17071676651325926
1066,0.10792229597188277
1067,0.10511052199423682
1068,0.09807280815805841
1069,0.1037851419401186
1070,0.200975759503177
1071,0.10891138768597672
1072,0.10160981523214152
1073,0.10095546190869113
1074,0.10031567909082442
1075,0.10372556424492806
1076,0.3331517549359188
1077,0.10029664434582264
1078,0.10525994617994916
1079,0.09878997607925062
1080,0.1261941977256317
1081,0.10269180560617175
1082,0.11228935388068129
1083,0.10040514069340231
1084,0.10623179503152391
1085,0.09996275813079182
1086,0.10491767187146274
1087,0.10538048747479334
1088,0.10209612473755812
1089,0.10396558216765163
1090,0.10638594204259956
1091,0.10224715903984237
1092,0.10007661694585367
1093,0.09973992508677401
1094,0.10310381052302481
1095,0.09898024296334658
1096,0.1076832751764118
1097,0.10773604327794802
1098,0.10063257687453442
1099,0.10368597945423783
1100,0.11216569430461053
1101,0.10024962988583463
1102,0.1071010595537447
1103,0.10798488186699802
1104,0.17720879512654183
1105,0.10023955785139767
1106,0.10425307581947213
1107,0.10653211368025729
1108,0.1003246477060908
1109,0.09955513301111577
1110,0.0998977218005571
1111,0.10816244930791032
1112,0.13272175216851653
1113,0.10019927024924025
1114,0.10624220988107219
1115,0.09984419037608676
1116,0.10240318254191585
1117,0.10085260938502373
1118,0.10815255168135655
1119,0.10021658882416824
1120,0.10197852983997915
1121,0.15370523194388516
1122,0.10512817174681502
1123,0.11057488439678012
1124,0.10172381067877748
1125,0.09808418135375907
1126,0.10509689570187435
1127,0.09745405099438365
1128,0.1691390183006016
1129,0.10360152164041915
1130,0.09708151835045811
1131,0.13684906366772634
1132,0.10076247304212653
1133,0.11276197159959979
1134,0.10245698366271516
1135,0.1075441190025276
1136,0.10395962541443735
1137,0.10317231749524067
1138,0.09673968047742869
1139,0.10726239283480522
1140,0.08304208819756778
1141,0.10041611585087488
1142,0.10683974372701478
1143,0.10086029912777049
1144,0.10466774607495627
1145,0.10712378743317505
1146,0.10432394310251072
1147,0.16714594647356562
1148,0.10882479086770061
1149,0.10003106984955804
1150,0.1036711926979462
1151,0.10858348522965333
1152,0.10278442094915172
1153,0.0989833343072325
1154,0.16583013919613604
1155,0.09968253467334195
1156,0.10038888670766197
1157,0.103999814382619
1158,0.1065960348658787
1159,0.09898284161143046
1160,0.10161218752754726
1161,0.10243974377219961
1162,0.09976570439900428
1163,0.10839265681556003
1164,0.1047065232722877
1165,0.1014754409357952
1166,0.10258180972279855
1167,0.09860756248692384
1168,0.1075033291917086
1169,0.10829409295909598
1170,0.10065474571372653
1171,0.1003968898275829
1172,0.11107886170511237
1173,0.0975870253215345
1174,0.12429068344260676
1175,0.10989365252111119
1176,0.10032814232838587
1177,0.0986505520062228
1178,0.10798569716771757
1179,0.10654478889231965
1180,0.10045213917316392
1181,0.39629848707370985
1182,0.11485261075430998
1183,0.1047678068777195
1184,0.09865154382108675
1185,0.10730852860043685
1186,0.09920476107454229
1187,0.14780211852914735
1188,0.10731932122873096
1189,0.10256288138329933
1190,0.1010312818794879
1191,0.10258016318030014
1192,0.10227852533393532
1193,0.10478445080990308
1194,0.10209488119913585
1195,0.12789550834755714
1196,0.10748403564776852
1197,0.10036115510266692
1198,0.10481520221732758
1199,0.09972761803430408
1200,0.10804706286598104
1201,0.11021314306396864
1202,0.11574754523458261
1203,0.10146885495979856
1204,0.10536206871097754
1205,0.10481550825582148
1206,0.10645711209405663
1207,0.10304812776460273
1208,0.10691360298410593
1209,0.10215268327068464
1210,0.10197403452225223
1211,0.10094315118576513
1212,0.10532296616091597
1213,0.10024786643755575
1214,0.10045071301844657
1215,0.10251943605675046
1216,0.09920195235393113
1217,0.10784526598703119
1218,0.1047894627720469
1219,0.10543193152850387
1220,0.10720528342850437
1221,0.1076032264537374
1222,0.10033642290480767
1223,0.10049777718519089
1224,0.1680095006814826
1225,0.10215699108332779
1226,0.10226793801620154
1227,0.10896402407180977
1228,0.10541981454664738
1229,0.05364749310335596
1230,0.1041111477225075
1231,0.10067374075167089
1232,0.10208204332464715
1233,0.09939972717441743
1234,0.09890387327771138
1235,0.10852367341249014
1236,0.10990169890944347
1237,0.09985874230572066
1238,0.10111602091172167
1239,0.10777481241509566
1240,0.10390237329160153
1241,0.0947870468192095
1242,0.10158127474480026
1243,0.10487202617564828
1244,0.09984242230802662
1245,0.029226142276520366
1246,0.10019447215851737
1247,0.10258468359265117
1248,0.10079477560999134
1249,0.10170255511040777
1250,0.10202150209914647
1251,0.10068520000835698
1252,0.0986300662807251
1253,0.10677187618128105
1254,0.09918307424148529
1255,0.09997782129613007
1256,0.09721966399979107
1257,0.10558646764897414
1258,0.1020989161124168
1259,0.10817289072803084
1260,0.10049213250513295
1261,0.10246882116082108
1262,0.09967863662790281
1263,0.10386944329688276
1264,0.1085931455677316
1265,0.09925000507008398
1266,0.09744216454687775
1267,0.09945205585698154
1268,0.09768531300397784
1269,0.10184067192911207
1270,0.09888064575192618
1271,0.10622022380212247
1272,0.10333277682545657
1273,0.10659047546738692
1274,0.10706484486461498
1275,0.13698256121185567
1276,0.10205809201289023
1277,0.09834994498780977
1278,0.1043205381183296
1279,0.11133150880009579
1280,0.10394990381268313
1281,0.09995119771178781
1282,0.10012051121111194
1283,0.09756992746118204
1284,0.10709743640249407
1285,0.10446044127938174
1286,0.10860533392658435
1287,0.10508621031290372
1288,0.10250195683352051
1289,0.11123413116973979
1290,0.13315894542587323
1291,0.11676034005251346
1292,0.16336668563486187
1293,0.09906258692564214
1294,0.10229799896504747
1295,0.16020876990383942
1296,0.10049519897269406
1297,0.10313973344191701
1298,0.09891784634549955
1299,0.10254794313890851
1300,0.10211264174000322
1301,0.10965964173071001
1302,0.10319472170171705
1303,0.10004713698713817
1304,0.1036100822014535
1305,0.09781090689985854
1306,0.100944334601677
1307,0.10469135790474882
1308,0.10615848013789164
1309,0.10902669577535325
1310,0.10308274365001847
1311,0.10437980015022445
1312,0.10023520816357423
1313,0.10274459297657844
1314,0.10773706676581506
1315,0.3646121382585323
1316,0.10332087543243036
1317,0.10284688372052471
1318,0.1028317787172151
1319,0.10324185145279782
1320,0.10631557124993672
1321,0.20486469076974032
1322,0.10651894109969619
1323,0.10444961080045564
1324,0.1291206846202068
1325,0.10197988788807373
1326,0.09822748498183823
1327,0.10371956658848294
1328,0.09677555254228772
1329,0.10845068657574786
1330,0.09769447240732806
1331,0.1825271341847505
1332,0.1087855670419722
1333,0.10226988306751354
1334,0.11591558693872914
1335,0.16754674629412664
1336,0.1037626756646601
1337,0.10020785062884997
1338,0.10725168019121445
1339,0.10554339717404992
1340,0.09600597337898382
1341,0.09725560421258497
1342,0.09773462769756415
1343,0.1034676437766153
1344,0.10625216783114162
1345,0.10212044380882498
1346,0.10480270111593958
1347,0.15826302361900946
1348,0.09874960079040532
1349,0.09889589790148161
1350,0.10182688023756649
1351,0.10318823879042703
1352,0.10802392258913092
1353,0.10662587196416173
1354,0.10450752627371368
1355,0.10395725444420341
1356,0.10861749195303701
1357,0.10169950268760014
1358,0.10767866674981644
1359,0.09506798818103895
1360,0.09848772590107271
1361,0.1658150567891527
1362,0.10682310477073588
1363,0.09981503167686907
1364,0.09890817006884328
1365,0.10181515553858786
1366,0.09948412176330654
1367,0.10578488719450231
1368,0.09713499248535083
1369,0.09829637007250835
1370,0.10780741953274905
1371,0.10624338591698287
1372,0.12195598187280207
1373,0.1088165697641027
1374,0.10317974081339003
1375,0.09824118697957494
1376,0.09633442494019596
1377,0.10314330695031837
1378,0.10052538092208328
1379,0.0981509325638848
1380,0.11051199763764542
1381,0.09906348909468067
1382,0.41313311577785206
1383,0.10790088899924635
1384,0.09885295033168827
1385,0.10982078610508961
1386,0.1049728106837108
1387,0.33945027904079605
1388,0.1003099955364033
1389,0.10485061428747448
1390,0.10446755879881789
1391,0.1006335340114642
1392,0.09944591508443922
1393,0.09992260965633348
1394,0.2712577002624693
1395,0.10670071514795731
1396,0.20223745215636782
1397,0.09818098074189432
1398,0.14595367508547202
1399,0.09628421168699079
1400,0.09687106289791839
1401,0.10626212167630246
1402,0.10125763693972112
1403,0.11648035615978936
1404,0.09805762242829129
1405,0.10908746607807465
1406,0.13553362264282653
1407,0.10183892110855124
1408,0.10388886059555441
1409,0.09570299345070525
1410,0.35925941372454495
1411,0.11075941102951055
1412,0.10266172816312308
1413,0.10763126469180002
1414,0.10653218532082219
1415,0.11464605668538778
1416,0.10780774791043851
1417,0.10026409156512656
1418,0.10107970907053558
1419,0.10329507793840995
1420,0.11053461844958247
1421,0.09940214345597376
1422,0.1037737892430284
1423,0.10384610040061179
1424,0.10791954299025111
1425,0.10361186771616038
1426,0.09823740499053531
1427,0.10206039312291339
1428,0.10439832652709657
1429,0.1002916134601275
1430,0.09945527326830812
1431,0.09897003396473904
1432,0.10226964603271067
1433,0.10215406971064021
1434,0.1054552274067249
1435,0.09831877640104963
1436,0.11644566060244324
1437,0.1034876716737348
1438,0.11846811146050894
1439,0.10784266157139386
1440,0.10297440592461236
1441,0.1046985997581388
1442,0.10407508678910612
1443,0.10146033796981838
1444,0.1305578244596137
1445,0.10783652033415764
1446,0.10590263109487495
1447,0.10775564612110632
1448,0.10594097904376532
1449,0.09919799232221606
1450,0.08948915825583756
1451,0.09720434134735198
1452,0.09817250468411491
1453,0.10394363548628312
1454,0.1081366199067117
1455,0.10071929137639583
1456,0.09528830632718867
1457,0.10040297576665329
1458,0.1076623915000917
1459,0.10078061537159463
1460,0.104370064256555
1461,0.10245180944582793
1462,0.10260053025080795
1463,0.10600098553758953
1464,0.13120752092893495
1465,0.10912875337640013
1466,0.1991849854269483
1467,0.10087049222971288
1468,0.10192500308250792
1469,0.10046102662807524
1470,0.10276455898128557
1471,0.09690243193816415
1472,0.16499831313397867
1473,0.10314674760752124
1474,0.10845880211246962
1475,0.10102948566446104
1476,0.10678929990029853
1477,0.10493300943286231
1478,0.10094112611971133
1479,0.22107209322777077
1480,0.10866342270725118
1481,0.10086240920074875
1482,0.09972453908173569
1483,0.09498962273444507
1484,0.10061396447518275
1485,0.10750574332996694
1486,0.1035853891191092
1487,0.09870908608424038
1488,0.10991467992512038
1489,0.10005899759672683
1490,0.1060867504114058
1491,0.10529478002387091
1492,0.09813149979936134
1493,0.10071735534114477
1494,0.09911213150264808
1495,0.10264883257915777
1496,0.09996449220096056
1497,0.10303723888883388
1498,0.10661377778229726
1499,0.09879614424797144
1500,0.09919645351937416
1501,0.10119579857460394
1502,0.10428685067639483
1503,0.10497434038103289
1504,0.10237989513887027
1505,0.10284105418468595
1506,0.10489485078321678
1507,0.10738099394676985
1508,0.10016961615250487
1509,0.10857800333747818
1510,0.11183200587881041
1511,0.10551071028474059
1512,0.2938534188829571
1513,0.1021763285433385
1514,0.09877572382518694
1515,0.11011612360650827
1516,0.10451620619940076
1517,0.11529408995909021
1518,0.11009150723425418
1519,0.099697527217888
1520,0.1006692558044116
1521,0.10376745355902822
1522,0.12647497046348571
1523,0.11293278967216969
1524,0.10142265885126978
1525,0.09923477808866743
1526,0.10571205027517057
1527,0.10328421898941825
1528,0.09949763266547226
1529,0.09972638700653237
1530,0.10229473598763185
1531,0.10207047073084972
1532,0.0993139751554584
1533,0.10718459616655591
1534,0.10309481407426514
1535,0.10518673810171933
1536,0.1014662362156936
1537,0.15107230228895413
1538,0.09993616764968231
1539,0.10774673569171525
1540,0.09936207422676334
1541,0.10258341819081347
1542,0.1310355016634499
1543,0.12525921757810965
1544,0.09821138887425254
1545,0.09611853735546054
1546,0.11742101258720682
1547,0.10359134338941987
1548,0.17490289315509905
1549,0.10219831963841271
1550,0.13993629154084947
1551,0.09780849746947302
1552,0.10719165679439935
1553,0.10633365028818095
1554,0.16264058327077674
1555,0.10868066499177899
1556,0.1383506247863999
1557,0.10663765819331233
1558,0.09906726171960661
1559,0.0962160804829872
1560,0.10593302743412274
1561,0.1006788464516494
1562,0.21635191613686974
1563,0.09774018570784086
1564,0.0982825086514719
1565,0.10155424857303427
1566,0.10076991654550403
1567,0.1671387584025283
1568,0.2105176320212203
1569,0.1025803879846351
1570,0.24315639684858908
1571,0.23042249845577892
1572,0.102939468990359
1573,0.10579865320527687
1574,0.0965697090386814
1575,0.10131592056531215
1576,0.09508260666391628
1577,0.2385425623623869
1578,0.10042069153460559
1579,0.09932942221231543
1580,0.1583262406081095
1581,0.0963661393277897
1582,0.43996468826374807
1583,0.10381726535724148
1584,0.17111382759685131
1585,0.10235330848327354
1586,0.4543321911164127
1587,0.1083965768967054
1588,0.09948935200434525
1589,0.11981662368677098
1590,0.1038038944228539
1591,0.09534506506610518
1592,0.10024800057103375
1593,0.14901360802958113
1594,0.09746621869312408
1595,0.09714392933237413
1596,0.09415235749190473
1597,0.10198890762142047
1598,0.09931001787738193
1599,0.10268574437868147
1600,0.09508727130837905
1601,0.25126300835454046
1602,0.1399447593798646
1603,0.10438008026978604
1604,0.09735666469094975
1605,0.1150561525938388
1606,0.10415462206724545
1607,0.10413230176820787
1608,0.702267461160561
1609,0.09514486523058757
1610,0.18938859623572418
1611,0.11818793809010486
1612,0.23788929895035962
1613,0.11688199303029369
1614,0.14759283963868422
1615,0.14259256676616416
1616,0.10539088810925076
1617,0.1105048333978883
1618,0.17438034979489023
1619,0.0949082377456397
1620,0.24160546436441796
1621,0.19900857159647484
1622,0.09383091720843559
1623,0.09425997833774576
1624,0.09853784906752125
1625,0.08323565655372282
1626,0.09510802632174603
1627,0.10472083115336792
1628,0.10745668651266407
1629,0.0988719121010862
1630,0.14555516226213447
1631,0.10660614162953579
1632,0.1423785457955054
1633,0.10106746182839232
1634,0.15228428254182783
1635,0.1018113675740291
1636,0.1494178468475605
1637,0.09935547593997227
1638,0.2735400447376113
1639,0.11019323290799
1640,0.13005491884802534
1641,0.4547249155639798
1642,0.133394055476289
1643,0.11420654072320584
1644,0.09653433484502665
1645,0.10398649182562326
1646,0.09988919846041085
1647,0.09707880227419483
1648,0.09520835530662637
1649,0.11343368128536058
1650,0.1084314312608932
1651,0.10344140780586218
1652,0.34410468295241725
1653,0.10757372526567623
1654,0.11509558469326006
1655,0.0951402551647872
1656,0.11934713708526556
1657,0.155306334622325
1658,0.1347622095104892
1659,0.09936912442956278
1660,0.10609869634692964
1661,0.20717769944847558
1662,0.10272278044219726
1663,0.09726978582361333
1664,0.09751477469536238
1665,0.09842469932733253
1666,0.11143237297254051
1667,0.10263790766747696
1668,0.1004059353745491
1669,0.14442875683167608
1670,0.0990766519222629
1671,0.18423902558221306
1672,0.09806737539867341
1673,0.17230829304577866
1674,0.10516869571364987
1675,0.1453923695353182
1676,0.1268460141123612
1677,0.1979605447271338
1678,0.1258447452689903
1679,0.1071123521727591
1680,0.09560114890174513
1681,0.7072447218489485
1682,0.1908034275233482
1683,0.10660211203988758
1684,0.1608363245825295
1685,0.1550863835660645
1686,0.3899599476028745
1687,0.0964765047556883
1688,0.10042552887463929
1689,0.10384415084440987
1690,0.10412500593021222
1691,0.15387755066253442
1692,0.12809402224168212
1693,0.0970099013394782
1694,0.09647480300836439
1695,0.10202911954260697
1696,0.12946532567878447
1697,0.09781365871875938
1698,0.09738395387571876
1699,0.43646545808072196
1700,0.10119699412080263
1701,0.15143351812787834
1702,0.09609481741302194
1703,0.1474949522084291
1704,0.1066956013881749
1705,0.15723895224434464
1706,0.09628066313972544
1707,0.5119695284077337
1708,0.09646448990169952
1709,0.1877535195590926
1710,0.18556988629262794
1711,0.11533187506128834
1712,0.10277994795172293
1713,0.09320196168354603
1714,0.10584423538625465
1715,0.1006237419814059
1716,0.1640791590759043
1717,0.10182044159014819
1718,0.1319290590199021
1719,0.120529342349235
1720,0.15205458308334277
1721,0.29981855785670625
1722,0.09561774643443276
1723,0.505805182015207
1724,0.11132154318378797
1725,0.10104292263029754
1726,0.10741733532873547
1727,0.09439829645490425
1728,0.15505114665084194
1729,0.09808486146918964
1730,0.16053320920019148
1731,0.3177985336452686
1732,0.0992142043879227
1733,0.10905525907877134
1734,0.10204130625125592
1735,0.1209163709555373
1736,0.1266448488330029
1737,0.11603385236169475
1738,0.10554224820073238
1739,0.17218005724917904
1740,0.12483304268697658
1741,0.5155105635007049
1742,0.1045473792791717
1743,0.09917703069261632
1744,0.20046977386604
1745,0.10432546724674771
1746,0.17553099942835812
1747,0.17872570424241596
1748,0.09717104598306674
1749,0.10054015631840384
1750,0.10944171068234926
1751,0.0970255228840252
1752,0.10246993537749852
1753,0.19433289364340803
1754,0.09359682124497333
1755,0.11271906870880855
1756,0.15760667342710463
1757,0.09558708888397625
1758,0.15770467583639133
1759,0.096560150666356
1760,0.10437152624254001
1761,0.18329167522013134
1762,0.11566923755292874
1763,0.09580660337560568
1764,0.29678152327195456
1765,0.09618554507913865
1766,0.18687568693179538
1767,0.09465515848785111
1768,0.09954875818629293
1769,0.10711528935094378
1770,0.10280034203923537
1771,0.10653588009609787
1772,0.16998835168860624
1773,0.09527696202301063
1774,0.23674295493228734
1775,0.2580518370931485
1776,0.10258145756790166
1777,0.0973929377709346
1778,0.1614188193341325
1779,0.1177036407192729
1780,0.10505815771084154
1781,0.15710733114025477
1782,0.09836818851230676
1783,0.09265541761372362
1784,0.15679820776750023
1785,0.20142731849895962
1786,0.11142076328544438
1787,0.10245489392957492
1788,0.2658637420687803
1789,0.2442920666839611
1790,0.4511835521070065
1791,0.3047590181832793
1792,0.14724756391142801
1793,0.1991792663796009
1794,0.10325695793366858
1795,0.7289516619177141
1796,0.23645060121793482
1797,0.10542605508304384
1798,0.7464584374382537
1799,0.11618837486213823
1800,0.47198184374881674
1801,0.37852223122208595
1802,0.157073908142263
1803,0.3941634489794099
1804,0.2795380715823626
1805,0.19875416056758297
1806,0.7441150131620867
1807,0.2117675666045509
1808,0.15605974141513995
1809,0.5177410770940314
1810,0.23987490373742806
1811,0.11132558436679356
1812,0.0999593615622808
1813,0.1293767183955188
1814,0.09948398057184228
1815,0.16574536396754885
1816,0.10229978213578693
1817,0.15625538522648916
1818,0.16497175357581814
1819,0.10490632388730828
1820,0.180768939637689
1821,0.2056581179616547
1822,0.10348544984014717
1823,0.4574806725750742
1824,0.10147376941416392
1825,0.18679289065382604
1826,0.18263192237382833
1827,0.10752224155972426
1828,0.10191382118290417
1829,0.09977624519176993
1830,0.5420855945671124
1831,0.1355245214785285
1832,0.11503169657907976
1833,0.12560236815616657
1834,0.34646698327412
1835,0.1917604803803719
1836,0.10036280422697036
1837,0.11718936191154285
1838,0.6810582697519899
1839,0.10198268247094924
1840,0.09751890794744168
1841,0.1106910114001286
1842,0.19815644912243463
1843,0.10396197482740228
1844,0.09551896116569907
1845,0.5301694612725399
1846,0.15274249554925146
1847,0.24649719145608567
1848,0.09845059039938325
1849,0.10424726865384135
1850,0.13842248091074305
1851,0.10203280166532748
1852,0.12506901771704224
1853,0.1081488124095684
1854,0.09827896294785606
1855,0.15100467958392974
1856,0.12115680316546543
1857,0.09939042472064237
1858,0.09413871445340313
1859,0.18651983332256977
1860,0.2961758092032504
1861,0.122793172973183
1862,0.10761349461910981
1863,0.184019556304481
1864,0.19229677796392664
1865,0.11275029284502902
1866,0.13408203873900984
1867,0.16787831524733335
1868,0.1563263811111553
1869,0.5673275752853184
1870,0.25038591869486376
1871,0.13223732562152618
1872,0.1454847547099682
1873,0.11514531907097898
1874,0.8197838469445392
1875,0.1663821895901341
1876,0.10554816225397118
1877,0.3141416359967338
1878,0.25297584485724994
1879,0.533430202845505
1880,0.5832271883094935
1881,0.15656784651018812
1882,0.11288749693772641
1883,0.5062304535326468
1884,0.023983606268104272
1885,0.1443202478392233
1886,0.4548263823340053
1887,0.09809965100293695
1888,0.39212156433076745
1889,0.1165446500479708
1890,0.13123009537175534
1891,0.10076874797197154
1892,0.09679460229504096
1893,0.10148991125734455
1894,0.09636589804621866
1895,0.10337697787535952
1896,0.09807147578314931
1897,0.10802358436314255
1898,0.13779329022799594
1899,0.09823648332977582
1900,0.09860576957850685
1901,0.10210898970947596
1902,0.10185115216006752
1903,0.4878829194742636
1904,0.6470300964420661
1905,0.2893393498394435
1906,0.09681369624090588
1907,0.10694314276268928
1908,0.10076181789761182
1909,0.10531504728761826
1910,0.10442885674460008
1911,0.27327145912696227
1912,0.14926215390113945
1913,0.11353123023197108
1914,0.10450625797516594
1915,0.5416858316472035
1916,0.8137529459921009
1917,0.10338748521980233
1918,0.10335097191131747
1919,0.39349718497937425
1920,0.10028916237082205
1921,0.1267466716580547
1922,0.24727330014542145
1923,0.09362957004322525
1924,0.1091260795125696
1925,0.10891817792378655
1926,0.09299742189598996
1927,0.1582468893215759
1928,0.41455458285516156
1929,0.46995341202297514
1930,0.1028419366609268
1931,0.09829833016686004
1932,0.1047797696418938
1933,0.1057835804152104
1934,0.4444730428804029
1935,0.09496735977722909
1936,0.10127434379429008
1937,0.09568718068748715
1938,0.09691175210297909
1939,0.10682644975693631
1940,0.10070320553786093
1941,0.5240108491013477
1942,0.09775342091489941
1943,0.10056029835902036
1944,0.13481442402371976
1945,0.10066487540644938
1946,0.10259467469767067
1947,0.10086974576044715
1948,0.09536930662827393
1949,0.10599100939606716
1950,0.09634809984193746
1951,0.1044082378482618
1952,0.10588215895358312
1953,0.10563874310067525
1954,0.10756255130398967
1955,0.09310158559830986
1956,0.1466361942935758
1957,0.13921882624486426
1958,0.0619701632471203
1959,0.11618716741818264
1960,0.5305839072198528
1961,0.27909929501005626
1962,0.7296791295504017
1963,0.41434857204220105
1964,0.3582297576003999
1965,0.2243254355738424
1966,0.3883284445001293
1967,0.15556116251911473
1968,0.2446406710143239
1969,0.1391453091509823
1970,0.38184852104608474
1971,0.19374074980682154
1972,0.31174889787282134
1973,0.19582719493748077
1974,0.29808187678980735
1975,0.19905315932300238
1976,0.059108115532441566
1977,0.1749342559387135
1978,0.5007511175841614
1979,0.1005044196290667
1980,0.09235691731761106
1981,0.09642616417107674
1982,0.1437463701726031
1983,0.0946920356460198
1984,0.40807787919320027
1985,0.09273806657457863
1986,0.09643280756695326
1987,0.188374228397402
1988,0.10166563825368395
1989,0.09410350064036219
1990,0.1423428225252798
1991,0.12222988745433838
1992,0.12450728792190355
1993,0.10231593396676249
1994,0.10290597431414174
1995,0.09467894928124015
1996,0.38769261733847715
1997,0.4433727635888602
1998,0.09292905067644715
1999,0.10129416202895423
2000,0.1783474254935029
2001,0.09351177510385075
2002,0.4274771701338302
2003,0.0905804939462188
2004,0.12007508223864635
2005,0.10779955940055345
2006,0.09989123791275768
2007,0.5800726111123325
2008,0.4031520553663351
2009,0.09805602287033274
2010,0.2028528030283144
2011,0.09962191807958987
2012,0.16659232760929435
2013,0.505270497707958
2014,0.17394498116535925
2015,0.32699090765809097
2016,0.4856473233975931
2017,0.09039812742756403
2018,0.1545934355518784
2019,0.11454267418868529
2020,0.20482564316457522
2021,0.08035403369334927
2022,0.10635297072450399
2023,0.4920337394317414
2024,0.27193110571614443
2025,0.13430221912049864
2026,0.1301216274020199
2027,0.09573089505800103
2028,0.41638038218105705
2029,0.0975741580114789
2030,0.09664410642667523
2031,0.4278591670005013
2032,0.11205327186559032
2033,0.19851603357804928
2034,0.10956159675320622
2035,0.15063980901751337
2036,0.22469376014826992
2037,0.16660774433192632
2038,0.11943336238179761
2039,0.1612592690288357
2040,0.09598087800947816
2041,0.1461626117816791
2042,0.17448689750423893
2043,0.286503283498067
2044,0.13929429407560012
2045,0.16140267390358068
2046,0.1876996914187189
2047,0.10672962120097129
2048,0.11690393844542996
2049,0.26074370290979576
2050,0.11237958211592414
2051,0.46432567947856246
2052,0.18760079701776028
2053,0.11022165181205439
2054,0.15268250563115207
2055,0.1026382045627708
2056,0.15184708144506393
2057,0.17686999861303931
2058,0.09787120823096616
2059,0.2546111325454276
2060,0.15536238371712932
2061,0.19858865111820587
2062,0.24755748807949984
2063,0.10070716068374816
2064,0.09791334014309228
2065,0.09869352503494755
2066,0.16018556879362872
2067,0.10481623637993723
2068,0.13943199101456988
2069,0.09431982592820573
2070,0.1017661364196915
2071,0.11835667871498332
2072,0.10371114607114396
2073,0.09698154308122342
2074,0.10577478881470662
2075,0.10024883741522252
2076,0.12967490619417454
2077,0.11161918673966546
2078,0.14227285920560093
2079,0.09267027936651312
2080,0.09083219296556244
2081,0.3155458881015082
2082,0.12655743037754322
2083,0.039070344107098434
2084,0.10064746039531643
2085,0.09263652480242443
2086,0.09528639973581185
2087,0.14478372281694799
2088,0.20187540707120913
2089,0.264366610343782
2090,0.024363709033035023
2091,0.16483981427890565
2092,0.20895439914152553
2093,0.11681450075025984
2094,0.12663117568256316
2095,0.09177672144451757
2096,0.09293199454295556
2097,0.09209240445511986
2098,0.09461492647797148
2099,0.17417534058673514
2100,0.14370038252311812
2101,0.14253042173739738
2102,0.09988472918078133
2103,0.11425063915167581
2104,0.16007121003690036
2105,0.09563496650305478
2106,0.45268492267190885
2107,0.09546304336378877
2108,0.2025216331423691
2109,0.09782516425256534
2110,0.22925748101503182
2111,0.11301618295996196
2112,0.1563275486045239
2113,0.09892638231402291
2114,0.11500896990445007
2115,0.09691230934792368
2116,0.5377669103999597
2117,0.45951566673282923
2118,0.176660188819075
2119,0.09206056285097226
2120,0.09103786726458495
2121,0.11266904366006748
2122,0.4517687823259113
2123,0.3082904813948069
2124,0.10704980713687563
2125,0.17266755396774666
2126,0.33447273373144204
2127,0.10061299756464863
2128,0.10932609210853891
2129,0.1455398117171765
2130,0.10084221767155044
2131,0.16341269722401006
2132,0.04351594493627139
2133,0.09184334849511136
2134,0.09056414485511592
2135,0.09732915243302231
2136,0.14250118058270853
2137,0.11820986793185102
2138,0.10461602872357191
2139,0.19861809358349447
2140,0.13592338222518044
2141,0.09717755673250074
2142,0.08833656339971763
2143,0.22751085796715828
2144,0.13289728579434967
2145,0.10514480906837395
2146,0.4252484085517677
2147,0.14373030137994333
2148,0.09942547232452914
2149,0.31480837626827507
2150,0.11752411398708366
2151,0.1760245501095529
2152,0.08870608711646583
2153,0.090406994201652
2154,0.09491587075354567
2155,0.14202238039072707
2156,0.0973728519216832
2157,0.09812159629110012
2158,0.11986735073143606
2159,0.12475093044437055
2160,0.10039083212246463
2161,0.13232725079205887
2162,0.08152727742468989
2163,0.29420254508690424
2164,0.16919283223072265
2165,0.5374375339314342
2166,0.09123954378747175
2167,0.1406977977625177
2168,0.09550554317939651
2169,0.11000287874847076
2170,0.1465775880244523
2171,0.10173351742394292
2172,0.11310419624334646
2173,0.10279326799142746
2174,0.08937134777482215
2175,0.1495745266635415
2176,0.08839702703472646
2177,0.1412095107230494
2178,0.1133945106581754
2179,0.1572996075892884
2180,0.45366022917092436
2181,0.09529482098486067
2182,0.09455531527124772
2183,0.14483435148106566
2184,0.09260503969776053
2185,0.09289684298015131
2186,0.4598680378399315
2187,0.2260255580895491
2188,0.09824872387335665
2189,0.1172868375192297
2190,0.150692813319452
2191,0.08911614481606386
2192,0.09794731600731506
2193,0.17546126302353246
2194,0.13398551454631916
2195,0.11984972133522717
2196,0.424610067687597
2197,0.09581200056169016
2198,0.12577843340382078
2199,0.09599857167987697
2200,0.09175329306433506
2201,0.34539027520960747
2202,0.3011823448324474
2203,0.1670382895499391
2204,0.1293861275730723
2205,0.10476494463925783
2206,0.36266484829257056
2207,0.13563314313249064
2208,0.14777443007165492
2209,0.40318450937386574
2210,0.14385272430768997
2211,0.10265198190300752
2212,0.10220540378471152
2213,0.1442706589371901
2214,0.09457439526337778
2215,0.0890311109224136
2216,0.2281508339449139
2217,0.09154383726613205
2218,0.09299215089817991
2219,0.40533953455091065
2220,0.0943709329326185
2221,0.12920456611541573
2222,0.1590392981813059
2223,0.11826501985863963
2224,0.08833555352034518
2225,0.10410280375144523
2226,0.16286914837522673
2227,0.1532876504694355
2228,0.0939821729411819
2229,0.04179656957697619
2230,0.11395826481809583
2231,0.088893443945021
2232,0.09428954936878353
2233,0.22822769442714957
2234,0.08910905257423389
2235,0.10734011942189665
2236,0.10829464870248932
2237,0.09873770092091155
2238,0.21967250114355763
2239,0.1662320119595925
2240,0.09320319993303129
2241,0.09079393053949152
2242,0.1268697375572553
2243,0.09259788057183392
2244,0.09423528710910165
2245,0.10485497301532702
2246,0.09778733615866309
2247,0.07854718120290984
2248,0.09948355648555779
2249,0.08847847844769316
2250,0.0995126274047355
2251,0.16298671969462564
2252,0.3362202949807812
2253,0.2075924415428393
2254,0.09126122888362538
2255,0.0963857443652134
2256,0.03130565909903203
2257,0.09309554878420022
2258,0.09471965890645621
2259,0.13587984491138244
2260,0.09888904052902933
2261,0.21158069506715413
2262,0.09262927481743603
2263,0.09062291488408708
2264,0.10239679675481643
2265,0.08681150388507908
2266,0.11160928967010242
2267,0.3693413609656249
2268,0.08291454735799642
2269,0.13545038789322073
2270,0.1044369052462976
2271,0.5196763186912814
2272,0.11553755872893733
2273,0.08701259454984914
2274,0.12279864259479227
2275,0.09866640496310906
2276,0.08929758244166122
2277,0.10411428822967797
2278,0.098483500424518
2279,0.17071221334519018
2280,0.0945832325948583
2281,0.10421991399008307
2282,0.12133564810524473
2283,0.1310860311891945
2284,0.1546294054843946
2285,0.1714659687410075
2286,0.11766334666918647
2287,0.1102894714087358
2288,0.11037148194101817
2289,0.1216502385830307
2290,0.0987776549935533
2291,0.09843440826923322
2292,0.12844611990744995
2293,0.044444746677980124
2294,0.10409557661862989
2295,0.09772071068223877
2296,0.12223026151431858
2297,0.11877532583409753
2298,0.09620463551164858
2299,0.09779907859259819
2300,0.09518754683853749
2301,0.037281241643057204
2302,0.09848700305273861
2303,0.11332182568119187
2304,0.10017250740810081
2305,0.09837750716203729
2306,0.09813223392425209
2307,0.09689802242097109
2308,0.09840874852711269
2309,0.18826955076581814
2310,0.09855223050329398
2311,0.09987120904816901
2312,0.09786821956055172
2313,0.10782586000350004
2314,0.10823463973645649
2315,0.10753081518042856
2316,0.09455895100876137
2317,0.11776074580915384
2318,0.02773550948021589
2319,0.09777718984497612
2320,0.0994334457903346
2321,0.09694658471866971
2322,0.13720763293414295
2323,0.15058571660152262
2324,0.09732176964019622
2325,0.09599597577428784
2326,0.10892035821293387
2327,0.111667220745536
2328,0.15106381145115472
2329,0.09862755727923052
2330,0.18968311040101876
2331,0.2868347519430134
2332,0.09512288678635086
2333,0.09590512550746987
2334,0.10518843391510939
2335,0.09540479194035252
2336,0.10076192308527879
2337,0.12023521722087945
2338,0.16381178252926704
2339,0.10310239758080084
2340,0.8073866197840653
2341,0.09418862438877719
2342,0.20831723453464385
2343,0.15433334927883294
2344,0.09774909813261635
2345,0.10004310090324904
2346,0.18814947578300126
2347,0.09980121306877218
2348,0.17617462378005336
2349,0.4606172404280761
2350,0.0949468220731753
2351,0.08142036600953204
2352,0.09581482037139387
2353,0.09562260045165089
2354,0.09549533911628383
2355,0.09074006817892095
2356,0.09388414594171103
2357,0.11973302304531717
2358,0.05120981292536329
2359,0.10138465149366174
2360,0.0992892110516757
2361,0.09564913150578702
2362,0.09646642027658157
2363,0.105586710034843
2364,0.0982005923392646
2365,0.13045848990439735
2366,0.1257232096003432
2367,0.0994562170669469
2368,0.09605047604681678
2369,0.24797597904161395
2370,0.14104752172151944
2371,0.09673706082084689
2372,0.09663284741387457
2373,0.05712852524556036
2374,0.10126335359680474
2375,0.1382891431226754
2376,0.0941758794903298
2377,0.09572418548846967
2378,0.09531972231075234
2379,0.2899451167310464
2380,0.09544638994725835
2381,0.14468095113924148
2382,0.10293257769304082
2383,0.1462642867801257
2384,0.09564956260823926
2385,0.09514784485617322
2386,0.336905672333605
2387,0.09765344517885152
2388,0.13868454383333234
2389,0.09810218090088262
2390,0.09408217739593998
2391,0.5202042994477435
2392,0.3922306685408905
2393,0.09522485472146296
2394,0.1048245353952867
2395,0.09310363634808012
2396,0.09385341631904282
2397,0.0973310360729565
2398,0.09856244183836556
2399,0.09748539832985323
2400,0.10015499407204916
2401,0.30049221072779847
2402,0.11450537882782495
2403,0.11342791965441495
2404,0.11526234581534263
2405,0.10913797242189505
2406,0.45755585652117736
2407,0.09779972914768888
2408,0.10017960391927669
2409,0.1021843601735584
2410,0.12927521365319927
2411,0.10387865217899753
2412,0.15449495157726956
2413,0.44668430158121203
2414,0.0953712956306905
2415,0.16162861512168597
2416,0.27479085328280367
2417,0.0994563015072726
2418,0.16225625672967056
2419,0.16234512052580075
2420,0.2126352847318515
2421,0.12693556830107655
2422,0.0998817526344237
2423,0.09658840033352369
2424,0.0942638156771355
2425,0.16059807657559957
2426,0.09809975858670668
2427,0.1074454215489028
2428,0.13456482171917686
2429,0.09342849649563047
2430,0.17683394148606804
2431,0.10157559217074848
2432,0.20711782426231198
2433,0.1282102483538293
2434,0.20132851078841427
2435,0.3125263555135025
2436,0.09200260127973021
2437,0.09487240937605818
2438,0.28650549059523567
2439,0.10389546439443086
2440,0.15429379522689513
2441,0.09319584957410923
2442,0.1039720184206323
2443,0.07444144854130275
2444,0.1861600463544533
2445,0.14392733272577582
2446,0.10702060650459005
2447,0.20014420242521305
2448,0.10816752856870321
2449,0.12094310107287402
2450,0.1149882077810071
2451,0.14709007040260738
2452,0.4876693912207559
2453,0.16303533342808343
2454,0.09432038506180097
