,firmgrowthregpred
0,0.7341785967160905
1,0.147814618641323
2,0.1649599624711457
3,0.06231491389291896
4,0.5047333899901307
5,0.16960142676342727
6,0.16577771403069597
7,0.04460356681693973
8,0.06906294927911205
9,0.06588287263381389
10,0.19693189942114472
11,0.8565526022784951
12,1.0841963344464145
13,0.4825232344180789
14,1.057041727547231
15,0.30213052308529
16,0.3630556998630255
17,0.37283254362117957
18,0.6079384524711934
19,0.5173018962656496
20,-0.014958251266296758
21,0.18955750274762345
22,0.612120261149881
23,0.5119091943779082
24,0.3449841346321221
25,0.15743028954993407
26,0.1623761017142668
27,-0.09454219224914945
28,0.09167901567928721
29,0.18483881705599328
30,0.14205652653009884
31,0.12360287763179488
32,0.012211406141951731
33,0.3817882128257475
34,0.09817673910970223
35,0.07936929229171674
36,0.012370651397083161
37,0.12067413419301493
38,0.06685564744038201
39,0.01513901826945014
40,0.16143610854251197
41,0.36527095046870156
42,0.06197946421661739
43,0.012263223822813512
44,0.009429511815699128
45,0.05404721112250179
46,0.011405912952901722
47,0.01232186621823787
48,0.25899436822050764
49,0.3204134535024916
50,0.034456082507125285
51,0.2169474188702651
52,0.030190333852774774
53,0.17584448013785947
54,0.06389188965217657
55,0.21897703979467525
56,0.522620694001825
57,0.014241578899368133
58,0.5114333094178243
59,0.2967656502836956
60,0.012332975876852593
61,0.6236807321206784
62,0.10585482192862959
63,0.14260116625838432
64,0.24574483962238244
65,0.025283661326740935
66,0.731183704422473
67,0.055991224681544806
68,0.023691795268072628
69,0.06945746294130564
70,0.04471780187492486
71,0.5746836848551711
72,0.11567799099281956
73,0.08723982554590731
74,0.1422591176615949
75,0.04896013097308968
76,0.5530682973592141
77,0.047216394931890934
78,0.46906348768176664
79,0.2523953035950544
80,0.08952745644819711
81,0.136048247654558
82,0.03648285602017461
83,0.14299775742305626
84,0.07011463851277255
85,0.09715981545352351
86,0.08055375525801461
87,0.1384569332040765
88,0.1662582208702589
89,0.0321101323995428
90,0.05990174594119793
91,0.1652931341569679
92,0.17951672221262258
93,0.06486340806234077
94,0.17115368622186797
95,0.007913950411355558
96,0.2542458104311046
97,0.050847888810923586
98,0.37984471904022166
99,0.1605426270413355
100,0.11632848393584838
101,0.05699855196859402
102,0.1349888192842079
103,0.059915669223738796
104,0.033475804281079435
105,0.11909569825184049
106,0.24227993132142278
107,0.020795946288481557
108,0.02460828837807391
109,0.18182853366562968
110,0.19790263042113615
111,0.16468198991909994
112,0.03170356353643585
113,0.222185067236033
114,0.06438431835481669
115,0.03368146348032263
116,0.17010181925810075
117,0.0563469775599159
118,0.07128447647767373
119,0.2301177961052258
120,0.2508683193242916
121,0.05811741502556203
122,0.06576336100787082
123,0.08923030401221121
124,0.01895317492603179
125,0.1712386979759441
126,0.06615862472864188
127,0.06886358200749933
128,0.06506889857701918
129,0.021738135274991105
130,0.15664840296237859
131,0.24364237766146613
132,0.03226771747544418
133,0.07873691438077515
134,0.021554823439376706
135,0.05628231675033793
136,0.25118285191572715
137,0.016364303264979
138,0.3452308332226359
139,0.06374776526068054
140,0.23717736567661635
141,0.05402729278378878
142,0.020749258023129193
143,0.19709871928096193
144,0.3314260712156927
145,0.06723719593601417
146,0.058656336869995544
147,0.1490757441903059
148,0.1422135737409784
149,0.06439760141208953
150,0.18235851529010205
151,0.15553760797732888
152,0.05724148985544249
153,0.17232971203044883
154,0.13148104638343344
155,0.07977651031173845
156,0.14479821171280813
157,0.4629481501270485
158,0.15979536811517814
159,0.12769181268469254
160,0.16708707366541983
161,0.055109903388043065
162,0.054206079390227806
163,0.03619303559156941
164,0.06446831324513651
165,0.10825810804827489
166,0.13681696969940899
167,0.013130860838976728
168,0.5265182940182398
169,0.018555849178070984
170,0.07097753689995533
171,0.15491112955226813
172,0.11465902768590189
173,0.1812976567707208
174,0.1913890983295253
175,0.46726950975500686
176,0.029339404386138607
177,0.18904003611716938
178,0.11948109938081726
179,0.7098659844300492
180,0.1733876403496979
181,0.11140400686292162
182,0.05739824565238342
183,0.06683326349948204
184,0.1842446278867808
185,0.17582574939027756
186,0.37134195351511456
187,0.19318001871838356
188,0.03344008372636073
189,0.14245461216893018
190,0.0952164996562327
191,0.01994291036568028
192,0.07964296183349424
193,0.05983975415669679
194,0.06114651876771664
195,0.03226082673684196
196,0.01972139985880204
197,0.013798669945293595
198,0.06955247447930801
199,0.0965445389470404
200,0.04367975036717062
201,0.08842538512205253
202,0.11102943781730028
203,0.01827506138879157
204,0.0794249533685417
205,0.05324688695982935
206,0.1314857188628115
207,0.10332189455686387
208,0.29572601472783183
209,0.04604918071554143
210,0.0635612831247557
211,0.013071986776301385
212,0.012526698405979132
213,0.016149137480819413
214,0.7601973699745085
215,0.017533480593396877
216,0.7819404128518421
217,0.036090399575979946
218,0.42891555809715154
219,0.013464680084661266
220,0.017781191121564757
221,0.016754455325492447
222,0.053002012972635335
223,0.01344391725660635
224,0.1650042143458977
225,0.029484946957905434
226,0.1281687915258914
227,0.045399362873059255
228,0.15692556386641432
229,0.5803133371544997
230,0.012015327750996223
231,0.033167893782377694
232,0.05843682576625481
233,0.18302592003422577
234,0.7917895549410576
235,0.01920950407875701
236,0.018900591879940812
237,0.11898303510050641
238,0.011536438588171641
239,0.012189946414747943
240,0.013402987888405143
241,0.016019952138462287
242,0.16174756828881917
243,0.03174378349304753
244,0.017541096029410296
245,0.09823632750493763
246,0.012875374794789639
247,0.41490089875758235
248,0.02920995584772902
249,0.1155598963171064
250,0.019466727853793015
251,0.033399513545857545
252,0.0585089961537905
253,0.013013568888962832
254,0.013154158612202751
255,0.009120727799803136
256,0.016391662652712368
257,0.07048490396375443
258,0.01513599264279372
259,0.14652583672752448
260,0.018076539951848273
261,0.012183742029004494
262,0.05730690799042948
263,0.03117630812752129
264,0.014636984485363285
265,0.40695629639850206
266,0.6889134806490347
267,0.674018035534957
268,0.7688558543669164
269,0.45208151918327083
270,0.8641406923309959
271,0.4206516185311443
272,0.3654573998126697
273,0.7585214088631539
274,0.4880687884349673
275,0.6125551986247522
276,0.5525755038085989
277,0.6112626673546083
278,0.5471801505419535
279,0.6268876143968449
280,0.46729125358310075
281,0.14753683638553217
282,0.016188188428098504
283,0.01739282472570798
284,0.16460727912887607
285,0.5719404968699039
286,0.05420086887544702
287,0.5278825758383261
288,0.17177137555200217
289,0.06092749323666616
290,0.017982924646468636
291,0.01354444614706519
292,0.4682212840411025
293,0.11679291452482507
294,0.10329881824509912
295,0.05606131580352973
296,0.0658705653303451
297,0.05806884122005355
298,0.06660330557456921
299,0.017590594042943532
300,0.06277911220566582
301,0.06373944642960289
302,0.11133067593869711
303,0.19558848739964188
304,0.06578635099130144
305,0.013497850172119135
306,0.05653565867552566
307,0.020583375702862047
308,0.06289568281856106
309,0.013865795113245451
310,0.012394458617075286
311,0.03408317093064842
312,0.1987973702246406
313,0.03312270152579558
314,0.08590055109588643
315,0.06428423572370515
316,0.07903442889004726
317,0.04065139530393096
318,0.0927468431486881
319,0.12107832361340963
320,0.20331346688825608
321,0.22022057040327803
322,0.2281204208604852
323,0.16807468827518104
324,0.29688531053175216
325,0.017064287586623282
326,0.42869780219986814
327,0.15497544297176166
328,0.2272933143193551
329,0.06667749082678806
330,0.3290936978975733
331,0.12719757426467015
332,0.08330332641593305
333,0.28547169483488255
334,0.3526400873827343
335,0.0703826033187245
336,0.5311817332312487
337,0.15910875398342644
338,0.1325726501431802
339,0.7914829747037354
340,0.20812024451780795
341,0.07725284168213184
342,0.2590573898590289
343,0.06663079661857998
344,0.3141652397559445
345,0.16188897553348425
346,0.38617180455207883
347,0.2904222002687478
348,0.1460224142472201
349,0.20321215770871048
350,0.47075781538412637
351,0.3251845918109918
352,0.28120502863086067
353,0.022612989063343077
354,0.22529201236753188
355,0.03448305883724292
356,0.4506292894664842
357,0.06575754699205291
358,0.16104305556891332
359,0.06355269117134657
360,0.2312862211880658
361,0.24355701251521325
362,0.06451192753971376
363,0.25762777921875163
364,0.05992219799703698
365,0.1449657918620641
366,0.6851544518113883
367,0.07467294324469337
368,0.14756067949570809
369,0.06454724475308646
370,0.037316085528039375
371,0.0541895107140758
372,0.14610398211805417
373,0.0442696452603659
374,0.017802708704363575
375,0.0819649666813946
376,0.19259186306333448
377,0.15051756611709172
378,0.06360665921046064
379,-0.10383409811681693
380,0.07060570440983273
381,0.039672747885177655
382,-0.006754612318284441
383,0.06641913485366797
384,0.06929941938095618
385,0.05896551839711735
386,0.1436714256342449
387,0.1556642591765478
388,0.047000077870140676
389,0.033657826347638385
390,0.0595859860448746
391,0.04902813104601938
392,0.05074771111839401
393,0.2943265759617814
394,0.44361423851360804
395,0.04476658139611453
396,0.027234952836745926
397,0.11439794913245513
398,0.0634327312135833
399,0.17022736632430138
400,0.47680890629697487
401,0.06321839815378341
402,0.03272015630044651
403,0.46748000685532015
404,0.1113982548863938
405,0.12612970329953285
406,0.07958439539346984
407,0.07062437987468144
408,0.06493572475652683
409,0.08009877454056039
410,0.11270557649679247
411,0.2961735630097642
412,0.03086608128781636
413,0.14431072239299955
414,0.06313529612049139
415,0.22048072917313496
416,0.17454213913838107
417,0.16801262724129026
418,0.11944411867589953
419,0.11217981082431601
420,0.3398860365803005
421,0.13862129852642652
422,0.1776276705048462
423,0.18009528259278307
424,0.0752057465025451
425,0.06139027887711029
426,0.1696076463862509
427,0.06884985764783128
428,0.053775153045280355
429,0.061004992301946885
430,0.03510951971021059
431,0.2808887470491297
432,0.10164583348623821
433,-0.10752380647227006
434,0.05669479202217891
435,0.03747836295132343
436,0.11713227114099496
437,0.055130811532669105
438,0.04707484639359618
439,0.0896903928712728
440,0.17817491149200745
441,0.10322761204103947
442,0.003381720469437928
443,0.05957090836525672
444,0.058806771362510064
445,0.0381307824785222
446,0.05525838625956309
447,0.05703503332383692
448,0.12391433918422456
449,0.2727175464125024
450,0.031858689586918204
451,0.0893852254143747
452,0.05659992533649319
453,0.06345707962253387
454,0.1648906266600892
455,0.05642076002977081
456,0.15549883281192958
457,0.062780977647497
458,0.12527931855088245
459,0.16176593382304802
460,0.05544060603197084
461,0.04877022710569784
462,0.16502340270212001
463,0.06212913174805687
464,0.07340827098395221
465,0.05423456952113714
466,0.012375951383933718
467,0.0854419086801139
468,0.060574183113958194
469,0.1756283035108146
470,0.05346055051432929
471,0.07828351993483006
472,0.05480735480561037
473,0.07522057439765857
474,0.27075948722819515
475,0.1617398837140216
476,0.31860924692294923
477,0.06455468727639418
478,0.06403674822849362
479,0.014096016530359428
480,0.053306058134154254
481,0.055553103095702674
482,0.04814404950041672
483,0.06020494900115331
484,0.025537344275146298
485,0.1015415843306323
486,0.05352186945589806
487,0.21930326715807025
488,0.06429635060859398
489,0.027882743398372604
490,0.055898357057906065
491,0.045223352910508594
492,0.14368515596043616
493,0.018183086585129828
494,0.6229337819208008
495,0.06250310124494911
496,0.10310835833710985
497,0.5784878779003926
498,0.15424914930409103
499,0.05553552723968006
500,0.11415758538974842
501,0.06115738137372969
502,0.1613146034552652
503,0.062256766165031834
504,0.05580853936664429
505,0.12775943725584013
506,0.0563673952630373
507,0.32218457618566415
508,0.0844854167671308
509,0.32518384353032875
510,0.05552662995069478
511,0.06775793914979154
512,0.07082352878990293
513,0.14192381274633384
514,0.05657103657371922
515,0.4562119515955154
516,0.09523449168101651
517,0.054059122909699414
518,0.0719229994270999
519,0.10946216110490657
520,0.1182376786444102
521,0.0917574524157536
522,0.365944234934991
523,0.46529234638038797
524,0.0584942648661934
525,0.03156657795841902
526,0.07173413314009681
527,0.16169599730732936
528,0.09730972576390574
529,0.1606146399611454
530,0.1292397760717683
531,0.0923704066519647
532,0.1189243801762637
533,0.10127690751924594
534,0.02160809277047966
535,0.060572624115017785
536,0.285201020367535
537,0.049519167068272
538,0.24273591303248424
539,0.07196077558255373
540,0.03605014072813185
541,0.01705940316502475
542,0.0205755084792497
543,0.21106817234712114
544,0.0411430921269989
545,0.22960523327660398
546,0.15016448858984505
547,0.07267985451380882
548,0.22574403182545733
549,0.029440068921110566
550,0.05199772893108294
551,0.07077432604536055
552,0.16559431344627587
553,0.4566010880589602
554,0.11227808180287475
555,0.08943972401724816
556,-0.00450650478292462
557,0.054713844943123834
558,0.01386580095899801
559,0.059299724254662754
560,0.1887539031927372
561,0.016066086676956318
562,0.018228436273291043
563,0.09098933117381357
564,0.012730618638672907
565,0.15624152726182255
566,0.1024230437960998
567,0.09810280644192342
568,0.01718808801467446
569,0.6569542223021854
570,0.05449849780735834
571,0.008385080440933087
572,0.05137322633814037
573,0.15885801106568678
574,0.1623514243429667
575,0.08287783673511855
576,0.15495365309000858
577,0.08656686634796833
578,0.08299986992195446
579,0.038435867236915056
580,0.14458966522972247
581,0.06785039792038587
582,0.026010446675403035
583,0.4369113536370652
584,-0.000732307574650794
585,0.09741499439528782
586,0.013897614793379136
587,0.016626044129278785
588,0.07874697064764527
589,0.07996198282872308
590,0.019625854989920984
591,0.061182793340718404
592,0.014881869030996243
593,0.3281481615953927
594,0.14347165335026912
595,0.06428883570342085
596,0.17612586267746666
597,0.4673542649656367
598,0.06393777495818988
599,0.04062743889052731
600,0.47778156827854384
601,0.013841369546010297
602,0.018208892372873826
603,0.2358044140586262
604,0.09431950470615463
605,0.02198560144237753
606,0.015829552312180837
607,0.11629364613425969
608,0.15031078382078458
609,0.08317372522953852
610,0.01790927611961484
611,0.015015484982856132
612,0.16147880697424935
613,0.21277217037807164
614,0.0941389537445575
615,0.16114534388750062
616,0.08399394776292485
617,0.08298967015739012
618,0.07800650845267709
619,0.01402337712327729
620,0.040886903481529915
621,0.14845110423212263
622,0.06175311546562997
623,0.3690883886444316
624,0.19376305928402743
625,0.04454383014878192
626,0.07719536727230245
627,0.5046156760146742
628,0.43346789288308524
629,0.04742259979130533
630,0.129002024689094
631,0.4962179226119445
632,0.02013148864916835
633,0.036281701652489576
634,0.018578826125234746
635,0.09591827928129501
636,0.018098641892783974
637,0.020223515786369235
638,0.16734750086395564
639,0.06659820663336086
640,0.0642154032834349
641,0.03497284707199883
642,0.012490871557549887
643,0.06417780063476174
644,0.08240767666083984
645,0.022281438247313646
646,0.0960483548766855
647,0.013398313904205166
648,0.09569821665079051
649,0.1276484011314704
650,0.7291276052127247
651,0.12208375848449585
652,0.036633627019343015
653,0.061229158611941
654,0.1860744321696971
655,0.08122091862127932
656,0.14193892903183597
657,0.25762365532050574
658,0.12235057679265157
659,0.0662489767932727
660,0.22370197203866826
661,0.07484786620919334
662,0.01746842630744989
663,0.11276382117375156
664,0.19328724302727654
665,0.1272626158574136
666,0.15689565497423294
667,0.06809483557754803
668,0.46591704272989887
669,0.42133087225280746
670,0.14889110570838315
671,0.1172099170605952
672,0.05106436759868725
673,0.1628825888710129
674,0.1785702016184644
675,0.3755830517001589
676,0.1404386620897819
677,0.06454268088962753
678,0.14585853890002887
679,0.43836034684102676
680,0.42339413868704096
681,0.104884320235697
682,0.06386778547533847
683,0.11846158694346656
684,0.352141747787424
685,0.09188318065061948
686,0.38910744492013805
687,0.11531702397196968
688,0.7156975063890456
689,0.05271488935270123
690,0.26060692615812564
691,0.16074845751782144
692,0.29950396693506515
693,0.05324121872916918
694,0.41660247678335643
695,0.15550693133646545
696,0.026080444854108705
697,0.3236711058131394
698,0.11451719322452009
699,0.11638827406976929
700,0.17466879197041937
701,0.05757850596621586
702,0.15778618354316987
703,0.23000212231488323
704,0.07549898440493759
705,0.11654632820559085
706,0.441852764536407
707,0.11106536316427192
708,0.14847560130401719
709,0.444504777310006
710,0.08480966625959242
711,0.12503266959976328
712,0.40524161789347524
713,0.6180228320564072
714,0.14812345606567345
715,0.3484919846943586
716,0.054567801183719844
717,0.09373608116156532
718,0.11782384623646694
719,0.14237358560077376
720,0.1462234835696179
721,0.018355269557435543
722,0.18980346969158338
723,0.12984293793791615
724,0.022358889224974355
725,0.380908474576982
726,0.06266995791786029
727,0.06986457106723058
728,0.10633432670046553
729,0.17183921921610598
730,0.12106786555418902
731,0.20865548082457167
732,0.01928347854713482
733,0.040510071163055245
734,0.06296538236342421
735,0.09160890461185703
736,0.38352016302358577
737,0.23634866451020906
738,0.06556649140249506
739,0.15653168276760313
740,0.1661804837713343
741,0.11096019474988206
742,0.18087635747611583
743,0.2347538500283492
744,0.06583776412398706
745,0.23915972465552723
746,0.16317846945412848
747,0.22259077656716386
748,0.12484052993237364
749,0.13045713677040097
750,0.3551944808986707
751,0.15131833148472676
752,0.06705121712602319
753,0.025116209399371325
754,0.47307477084219857
755,0.15625733370379916
756,0.31708210357494093
757,0.055115744414221214
758,0.14070416982625436
759,0.4231086097613794
760,0.10675302974725552
761,0.8306332535929106
762,0.0878108418725262
763,0.23234313267218346
764,0.41900593649208573
765,0.2328786800493985
766,0.12073257995041599
767,0.1140971123563393
768,0.1557995986504476
769,0.1326587339458255
770,0.16846133126746354
771,0.017635352828683705
772,0.061550766875404096
773,0.2862037161453235
774,0.061217956780163146
775,0.2704125976625452
776,0.40901557284023776
777,0.2757125492022433
778,0.12529812712509542
779,0.15536422773638614
780,0.06508728631787587
781,0.06863115245919095
782,0.0835408914887251
783,0.048855712630364895
784,0.0462574116941883
785,0.0642675778291359
786,0.31993664968616686
787,0.012888109434672832
788,-0.006331799001797256
789,0.1549403472822151
790,0.060007150485085835
791,0.04202207786418682
792,0.162884829454984
793,0.051647427023575415
794,0.044095266188640694
795,0.0917858195849581
796,0.07660527239668549
797,0.09781444391645112
798,0.04604906508230631
799,0.08526785316931221
800,0.07020422563405354
801,0.09391241565600351
802,0.07188945594014738
803,0.0650581343118357
804,0.09196817101355423
805,0.14590458743289683
806,0.017516041348239163
807,0.01980633937357636
808,0.023739962062048533
809,-0.015558238397771249
810,0.06602463041017084
811,0.05102504876963478
812,0.013544962168543284
813,0.09446400970190884
814,0.1893127360001917
815,0.09713287185020071
816,0.05668920681500349
817,0.03842747866740947
818,0.15366394586627274
819,0.03486488451690584
820,0.0788085999744605
821,0.06638042588323186
822,0.05693751643953559
823,0.26653783720143104
824,0.06570941167418497
825,0.20248561683304872
826,0.053375435042905
827,0.0653253329535792
828,0.02264743118225013
829,0.06645646367475232
830,0.2516881625669339
831,0.08729793594933462
832,0.45468325225910383
833,0.7311052073841744
834,0.040244290982919755
835,0.13728261437881126
836,0.12554170207357299
837,0.036309509300014225
838,0.0898042587725828
839,0.027474525702379696
840,0.058193724366882776
841,0.03379009118426389
842,0.09498068635856974
843,0.0661490296922819
844,0.10042199049283734
845,0.185628735293706
846,0.3615599236181822
847,0.054889126623816197
848,0.09855782273869279
849,0.4792949018015478
850,0.09470670981832734
851,0.19975572102287065
852,0.07435850308248225
853,0.1038446804923582
854,0.036351676578396504
855,0.2304794349152929
856,0.30556696508301917
857,0.0678596234413262
858,0.05339397167183774
859,0.16343186451014857
860,0.05762973394471273
861,0.03852257809733866
862,0.19377836812765634
863,0.09463713402560675
864,0.13889691768348905
865,0.1645181347507688
866,0.067405684255963
867,0.064751462906551
868,0.17864394571136374
869,0.10777760981773596
870,0.09754734102458887
871,0.07353342770484991
872,0.05120455580324417
873,0.10759682499429596
874,0.03687749689817437
875,0.06368681881812256
876,0.031866738862450825
877,0.15188636234515765
878,0.09646828046863797
879,0.061098587464728675
880,0.021250642327803618
881,0.04233410523629111
882,0.5212083870735884
883,0.05664649445138186
884,0.05402385885614898
885,0.09264038052131858
886,0.13071362170154693
887,0.2543112114721288
888,0.4732430493874582
889,0.014879962893417621
890,0.11459473625572236
891,0.05019408887636876
892,0.33834094164396233
893,0.11603877850273844
894,0.06563890055544055
895,0.08864356725325509
896,0.1209915416838637
897,0.13485305532518638
898,0.03934269879717988
899,0.3670068878786022
900,0.47893115950921206
901,0.1817717966819007
902,0.08836666856470418
903,0.0858289808839688
904,0.4053450975327157
905,0.19375043315994894
906,0.05167352326137606
907,0.05908202791646421
908,0.11504691731598393
909,0.06566062016676698
910,0.19266985552488522
911,0.20110057913566087
912,0.0851766153306462
913,0.14560286166116393
914,0.028480858452187577
915,0.07707189991818258
916,0.03241791563435386
917,0.1073366951919025
918,0.10930382279060857
919,0.09907123159923638
920,0.06282766807441285
921,0.1559676077803422
922,0.2349681061004024
923,0.16121195996888452
924,0.13682423530279994
925,0.05282506397180656
926,0.08069510750894468
927,0.09369454124045089
928,0.07657879547076345
929,0.06311655569925027
930,0.29769849285385075
931,0.054751941863941535
932,0.11063357517656462
933,0.07795959036493119
934,0.15830977476900762
935,0.0826415085372874
936,0.03405356899774466
937,0.10637868699540524
938,0.13001486905103452
939,0.030125341113318698
940,0.061366142439729036
941,0.43502436892219104
942,0.1426428201126452
943,0.5988973034793716
944,0.0826780071443126
945,0.05425835651673061
946,0.506166139316161
947,0.013591187801207709
948,0.010978677834678275
949,0.012401676204891025
950,0.17552735211116943
951,0.09745406919521252
952,0.4518396390717212
953,0.0666294706594304
954,0.01621077501281547
955,0.45480334622864727
956,0.0881084525318619
957,0.060166575782278305
958,0.1123030133084198
959,0.08425112166323148
960,0.14724306105197843
961,0.012098221309432035
962,0.010835779440738283
963,0.1498538002334517
964,0.5238480820533812
965,0.3967661623700471
966,0.008517214140515946
967,0.47076926773471245
968,0.06924121188545908
969,0.012044548604964756
970,0.0191244408020833
971,0.3148241074422463
972,0.7120745339276554
973,0.012243990400433035
974,0.01211229773406737
975,0.0404904533313329
976,0.015859987742260537
977,0.45686104390451754
978,0.007272963909623382
979,0.20999453721641165
980,0.01922905165209467
981,0.01212202095511201
982,0.03177549176066647
983,0.018586756933193692
984,0.36468529071009387
985,0.6270736030415852
986,0.011878343987922277
987,0.10439901419328035
988,0.01739435826075749
989,0.014233514058980656
990,0.1684869700423848
991,0.1592278599395688
992,0.4236658860851236
993,0.07930462404432975
994,0.38556010819304865
995,0.18105227773388657
996,0.011456373502786337
997,0.012977318590607776
998,0.012230231133405165
999,0.08774474904126436
1000,0.015009131406965224
1001,0.01368835992624022
1002,0.06742524866638651
1003,0.10222247645270384
1004,0.01639201847759565
1005,0.013510689500019353
1006,0.03284703702444264
1007,0.07571637359370419
1008,0.012138665385158521
1009,0.05426469229478703
1010,0.017721618856024933
1011,0.1749179256103573
1012,0.01726711537425718
1013,0.04045431893100938
1014,0.013234710280925144
1015,0.012259748207832757
1016,0.014090055232954394
1017,0.015838903521428263
1018,0.06360783352931428
1019,0.012134552419393287
1020,0.08617969896254428
1021,0.017300414431013617
1022,0.07581693472366695
1023,0.060312999727394
1024,0.014075050612726698
1025,0.09680856602221898
1026,0.01786436491506637
1027,0.03707210043761361
1028,0.03459331933208281
1029,0.012176824969533937
1030,0.014503055470624188
1031,0.013163721382966046
1032,0.011989024747694178
1033,0.018728924564905495
1034,0.017700241911645213
1035,0.011563073095346528
1036,0.3008838865171384
1037,0.01865554262804907
1038,0.13252720119134484
1039,0.03683307983565148
1040,0.49399863850161735
1041,0.16890142289687884
1042,0.040764096086619475
1043,0.01400687628628735
1044,0.013541746737146514
1045,0.013657470961907866
1046,0.013629359749981241
1047,0.01568607484271178
1048,0.01913329658265105
1049,0.024457804082401082
1050,0.013459401357551356
1051,0.01219156506309129
1052,0.007869132066430147
1053,0.014131063371371315
1054,0.17206883361375755
1055,0.050800106511562644
1056,0.22221135221683036
1057,0.0146729070839467
1058,0.013137765699131965
1059,0.01210517616516755
1060,0.021140258435417128
1061,0.0306995880031312
1062,0.011721789911618496
1063,0.02367834593574385
1064,0.7891759178588963
1065,0.09470093119064536
1066,0.0134401892076524
1067,0.029125508800275906
1068,0.015168365450357256
1069,0.025945969498469446
1070,0.14014881779777633
1071,0.012681463204467096
1072,0.016112311538846607
1073,0.013851995162468368
1074,0.012614405999784186
1075,0.012138665385158521
1076,0.38920277505236817
1077,0.012780445729687746
1078,0.012019575128970767
1079,0.017833274283312724
1080,0.04082850285127251
1081,0.02309642567369455
1082,0.06507767388115134
1083,0.013629702118159342
1084,0.009686642899550934
1085,0.013500874043871887
1086,0.012185711000055903
1087,0.02200092223426486
1088,0.02231762144940385
1089,0.012718845297770152
1090,0.012716952090385245
1091,0.011799682280908028
1092,0.01579439700114339
1093,0.01280760957855492
1094,0.012217311884126846
1095,0.018915200530045098
1096,0.01216363917965957
1097,0.012138665385158521
1098,0.013629359749981241
1099,0.018022682380900757
1100,0.024081998749946553
1101,0.01389957803412096
1102,0.02916277721361479
1103,0.012133448028343633
1104,0.09278828798195532
1105,0.01772995929088281
1106,0.013645946305025471
1107,0.012777308312262172
1108,0.018919207260168294
1109,0.013071259359707077
1110,0.013342522207219825
1111,0.012191750391586195
1112,0.05735020486247674
1113,0.017037854284319497
1114,0.015190189948050138
1115,0.012548993006831542
1116,0.012752444632737933
1117,0.011773553922586215
1118,0.013677450637807264
1119,0.011805019338383594
1120,0.015529047857454962
1121,0.06671029782756217
1122,0.05379346968099489
1123,0.028580377835656357
1124,0.012123546715721087
1125,0.012207472887462677
1126,0.013629702118159342
1127,-0.015892545465118497
1128,0.07521701392509152
1129,0.013244085271689531
1130,0.016025746368885367
1131,0.09070630949418568
1132,0.03136886044356304
1133,0.04740754698589416
1134,0.013789856066087316
1135,0.012718760619158106
1136,0.014042503274294248
1137,0.012778708688369583
1138,0.00394987501251297
1139,0.013541746737146514
1140,-0.024432840658233097
1141,0.012464454734154466
1142,0.01501285822083702
1143,0.014638370498437948
1144,0.012459729245540061
1145,0.012445118840398135
1146,0.012805419524188797
1147,0.08941020608082838
1148,0.013484375152052403
1149,0.014291832737765756
1150,0.018244191218725433
1151,0.014656263553851532
1152,0.013954817461128456
1153,0.014185480693238443
1154,0.11879483895095531
1155,0.014678729927766358
1156,0.017393333223877615
1157,0.012365348563976726
1158,0.014053788715816641
1159,0.014014851599603735
1160,0.01243303858893494
1161,0.01329538344723441
1162,0.012272722521023051
1163,0.061273966342988664
1164,0.012431047951491817
1165,0.011964909648841976
1166,-0.05472633341233747
1167,0.016732685836886196
1168,0.05635863952273593
1169,0.01302494303049027
1170,0.013734730942800059
1171,0.019468133015680306
1172,0.01183329734266245
1173,0.01381704481560212
1174,0.057840058532954805
1175,0.01982087432501163
1176,0.012192338089625799
1177,0.015523702212783009
1178,0.01356834912281243
1179,0.012779768429138742
1180,0.0128612822830222
1181,0.26351619230789664
1182,0.04856277927319274
1183,0.012247613150419598
1184,0.013162739493633016
1185,0.0470679242312411
1186,0.013853766769194711
1187,0.08362598311834268
1188,0.013508621589232757
1189,0.013683374822626616
1190,0.013411259921875425
1191,0.01097783786322255
1192,0.01216363917965957
1193,0.01216363917965957
1194,0.015285071147234158
1195,0.0770931964919735
1196,0.012545058749063281
1197,0.01685898181924116
1198,0.01213236236502716
1199,0.019275971000236834
1200,0.013715484453408807
1201,0.012080769599949198
1202,0.05229677776151622
1203,0.013826739481808376
1204,0.04059820984940318
1205,0.03309404173793356
1206,0.013747247639577216
1207,0.028420310890771648
1208,0.013588361168061636
1209,0.014083764327118949
1210,0.0173524826303333
1211,0.01314365571183309
1212,0.01368835992624022
1213,0.012217311884126846
1214,0.01572280969646502
1215,0.01216363917965957
1216,0.01436201707817741
1217,0.013525847838372934
1218,0.013205437815189501
1219,0.012205330632114986
1220,0.012160676098758937
1221,0.014337128289937145
1222,0.019252797563090007
1223,0.01368716363659405
1224,0.08341580795749204
1225,0.014668249879128369
1226,0.03157793176429009
1227,0.01221742199910366
1228,0.013849915223079054
1229,-0.054612137307073344
1230,0.012114920822894738
1231,0.030657772022547936
1232,0.015333992147789223
1233,0.012705893388757243
1234,0.012653655848785732
1235,0.013892232237506054
1236,0.01186233867212789
1237,0.013468818493180271
1238,0.013629267884738944
1239,0.05518453465551979
1240,0.012779554382482641
1241,0.017145176296051806
1242,0.012131059557129396
1243,0.013266578031373445
1244,0.012844423584405358
1245,-0.04395496239535561
1246,0.016260351745330717
1247,0.012651029119845482
1248,0.01214962490127179
1249,0.012969534486772854
1250,0.013161310869093144
1251,0.014083291337757426
1252,0.013996292101426359
1253,0.01356834912281243
1254,0.012166776597085146
1255,0.012132564886832313
1256,0.01347249491054455
1257,0.013313842351326054
1258,0.030562811296261937
1259,0.012723635607794893
1260,0.01437450510048023
1261,0.014625644921338686
1262,0.026632041003100675
1263,0.03996659840202339
1264,0.012130484947443
1265,0.01216363917965957
1266,0.01970945495103071
1267,0.013658058659947467
1268,0.014619822077519024
1269,0.022128978077357433
1270,0.01527440259280509
1271,0.013297170278117207
1272,0.033743277676903126
1273,0.015001197247762664
1274,0.05575731346193368
1275,0.02281638830690857
1276,0.01371334210134981
1277,0.015035548251126294
1278,0.01280760957855492
1279,0.013747247639577216
1280,0.013897385985542299
1281,0.013376152169092959
1282,0.014129129027083255
1283,0.01516017183631768
1284,0.01207555224313431
1285,0.012166776597085146
1286,0.012698661813293842
1287,0.012228198107029244
1288,0.017334272090646752
1289,0.013711143666375143
1290,0.07333524539677223
1291,0.03782854107531202
1292,0.08571533820903261
1293,0.01216363917965957
1294,0.012451415360632302
1295,0.09168176755438828
1296,0.011992326227604317
1297,0.03235415933430568
1298,0.013290324482949584
1299,0.019119398674221254
1300,0.012711654355783033
1301,0.013512486363979028
1302,0.02207434376440396
1303,0.01608878169105577
1304,-0.0015202368709850119
1305,0.016107516419975113
1306,-0.03704484434022927
1307,0.03417550577873809
1308,0.012010485984694775
1309,0.05602991620588699
1310,0.013947093755067653
1311,0.017206482458989307
1312,0.013734730942800059
1313,0.01386412102557943
1314,0.012777308312262172
1315,0.5046051907379161
1316,0.012133854606376872
1317,0.013713333720741268
1318,0.012698661813293842
1319,0.013908956450451478
1320,0.013990859094884936
1321,0.09181725614245445
1322,0.06215506725311388
1323,0.017357039264219408
1324,-0.014048334584055504
1325,0.012653191341291012
1326,0.013745617678070914
1327,0.017023684485752925
1328,0.01219156506309129
1329,0.01356834912281243
1330,0.010903897247838799
1331,0.08871831157682439
1332,0.012751746819721514
1333,0.01307803471134953
1334,0.013110398188372152
1335,0.08224179322153612
1336,0.019497712591604436
1337,0.011997830959427885
1338,0.014118289173139729
1339,0.012436150307814474
1340,0.012247411170200489
1341,0.013378567583043833
1342,0.01606796833266528
1343,0.011999684192667968
1344,0.015324844063829633
1345,0.03940735567105118
1346,0.012215700162007332
1347,0.08603525309173046
1348,0.01402881492131559
1349,0.017347128422599112
1350,0.013762198034645333
1351,0.013432610486501953
1352,0.012723635607794893
1353,0.013429391156707464
1354,0.012095609840319405
1355,0.013709757148299008
1356,0.012751746819721514
1357,0.017781789006898287
1358,0.012721555668405578
1359,0.011744491918291449
1360,0.013208926514657075
1361,0.09398187363836796
1362,0.01168314020353362
1363,0.017492751471042546
1364,0.018035458614307595
1365,0.011602052733872466
1366,0.012509057090460202
1367,0.013121573959406288
1368,0.012752444632737933
1369,0.013734730942800059
1370,0.012449827932917514
1371,0.012187120732810908
1372,0.06533047004247151
1373,0.015155289695713451
1374,0.052446300471070184
1375,0.016249234894839086
1376,0.013474809824780222
1377,0.010316234167835253
1378,0.018434742830211466
1379,0.012166776597085146
1380,0.01357328577578966
1381,0.0204458800217996
1382,0.31003382348775693
1383,0.05639595843266612
1384,0.015614709827864087
1385,0.015011211346354539
1386,0.01386412102557943
1387,0.39547655696712625
1388,0.013690510658907756
1389,0.02922566603296208
1390,0.01729581194344113
1391,0.014647933289445652
1392,0.012086904300196783
1393,0.014502948691516814
1394,0.2588629673157801
1395,0.023759756529633125
1396,0.13164808746482368
1397,0.014585506689968717
1398,0.07253925850577689
1399,0.014025692178552497
1400,0.014899244418987417
1401,0.01216398154783767
1402,0.012534653596763754
1403,-0.18191076259274847
1404,0.03964861585934316
1405,0.012247613150419598
1406,0.04860804696403502
1407,0.014040665469595082
1408,0.014148480324455667
1409,0.013010641877905947
1410,0.23296315677347265
1411,0.05426650933290035
1412,0.0184605824086326
1413,0.01330063864365098
1414,0.0428533606537659
1415,-0.004599115503068182
1416,0.01216363917965957
1417,0.012744953187335057
1418,0.02339918317282958
1419,0.012668470661977906
1420,0.012693786824657055
1421,0.01591275912320645
1422,0.01342808228092545
1423,0.031010960750090792
1424,0.0650923616636913
1425,0.013377567676434977
1426,0.013709757148299008
1427,0.013500025843431376
1428,0.012545452627519589
1429,0.01201525381656087
1430,0.015039322558281163
1431,0.018591723563353906
1432,0.014049518967369388
1433,0.012079051439698299
1434,0.05689102033935462
1435,0.012187120732810908
1436,-0.00638055679665957
1437,0.013929843666627405
1438,0.04075328445371414
1439,0.01207555224313431
1440,0.012247613150419598
1441,0.013629359749981241
1442,0.013462331645310952
1443,0.024372550773293634
1444,0.06519798493422624
1445,0.013430750657098768
1446,0.014175302123357054
1447,0.05455965041277151
1448,0.01348751256947798
1449,0.024337116751056112
1450,0.005433953541199868
1451,0.014050800565660063
1452,0.014091824544226571
1453,0.011285127432770345
1454,0.013622124756667933
1455,0.012166776597085146
1456,0.022287188655614663
1457,0.018279069187962918
1458,0.013629359749981241
1459,0.02086573816144179
1460,0.013459401357551356
1461,0.012752444632737933
1462,0.012232189791688957
1463,0.04656414162063766
1464,0.07358094104066533
1465,0.04686552410658828
1466,0.1571958895591046
1467,0.01895106159699811
1468,0.012333143772688295
1469,0.014511384428148593
1470,0.011774141620625818
1471,0.014259949266128192
1472,0.07863138662517079
1473,0.013353033036950606
1474,0.013585604258182678
1475,0.012159416098917523
1476,0.012161559240270257
1477,0.01216363917965957
1478,0.011793581782581818
1479,0.22139907122185765
1480,0.056921335446573726
1481,0.019942220186201433
1482,0.014766381271901453
1483,0.014236908039085387
1484,0.012752334517761124
1485,0.012423249541072984
1486,0.019248555308511574
1487,0.014763010401154672
1488,0.0188801639329083
1489,0.01353005880481907
1490,0.01280760957855492
1491,0.017661054430026253
1492,0.014617742138129716
1493,0.01310822586266547
1494,0.018705474884266122
1495,0.02935044284109418
1496,0.012905685216098101
1497,0.03737547454458265
1498,0.01221742199910366
1499,0.017567563530241356
1500,0.012080769599949198
1501,0.012220449301552423
1502,0.047504987632447385
1503,0.011967710801006576
1504,0.015422262583399647
1505,0.01282238093515615
1506,0.05297903285427137
1507,0.01280760957855492
1508,0.014679224342493625
1509,0.012160676098758937
1510,0.03671449293000272
1511,0.012133854606376872
1512,0.22541961411769185
1513,0.019920991954069774
1514,0.0174892976870846
1515,0.012693444456478957
1516,0.01748132966629977
1517,0.03897883967734471
1518,0.012693444456478957
1519,0.011712000427350468
1520,0.012171666154927402
1521,0.011672686993895162
1522,0.05367877611307587
1523,0.06203665998017767
1524,0.014043671863180463
1525,0.013501122908583437
1526,0.013541185273945258
1527,0.013991876549084417
1528,0.014192383312137432
1529,0.01590962170578087
1530,0.012987487701916989
1531,0.018224850105011944
1532,0.015356730623333576
1533,0.01219244820460261
1534,0.03675523180618104
1535,0.01218895534233872
1536,0.0224486387203891
1537,0.05968910036168709
1538,0.012214348803226215
1539,0.012107591092331263
1540,0.01862277126437147
1541,0.0124585218034185
1542,0.052679436841792965
1543,0.04525473228933891
1544,0.01280760957855492
1545,0.01250463713778145
1546,0.06155762790943859
1547,0.020556188435528824
1548,0.08232026953004651
1549,0.011857121315313001
1550,0.06438724722129714
1551,0.01901340181334484
1552,0.015076933987402516
1553,0.012188521108918323
1554,0.08987027559433258
1555,0.011882327363015338
1556,0.05572428559640607
1557,0.021460785735926243
1558,0.012233167936935801
1559,0.01221504661624263
1560,0.012668470661977906
1561,0.010938315409015865
1562,0.1758452118992256
1563,0.013690510658907756
1564,0.015128021193608648
1565,0.012180073429294834
1566,0.01173448037529825
1567,0.09396314525378162
1568,0.18701767581342524
1569,0.050806171561991714
1570,0.19499834298241103
1571,0.16100352302949267
1572,0.016671155610303627
1573,0.06186569200586146
1574,0.014349058841217321
1575,0.06107828293971928
1576,0.013486427205500388
1577,0.2083012368496744
1578,0.015121981817787568
1579,0.021775999792724474
1580,0.09517935910637172
1581,0.0202126017061216
1582,0.3001360683942998
1583,0.034148635138099265
1584,0.11975689918719246
1585,0.016286957815730065
1586,0.44002170328458096
1587,0.03441581015252869
1588,0.01194858637623902
1589,0.062070143405521
1590,0.04262772816676423
1591,0.013448784409354599
1592,0.00946576344564765
1593,0.076673548458637
1594,0.016916416116634594
1595,0.01470641175434313
1596,0.017100698198458553
1597,0.012239517353878356
1598,0.019351839654758386
1599,0.015605065736560786
1600,0.021110146661004334
1601,0.16784422784600112
1602,0.07968883953287421
1603,0.05459356959840637
1604,0.013520421369414169
1605,0.051542035351227915
1606,0.04785343207559313
1607,0.04669808852370934
1608,0.556026850509413
1609,0.015141812424488182
1610,0.162577922166657
1611,0.06412107226208469
1612,0.18175707076616476
1613,0.03398364194620464
1614,0.09254615271662835
1615,0.09939968564501675
1616,0.056744108749745066
1617,0.06819166054980268
1618,0.14156670597258492
1619,0.014634230181162602
1620,0.18733131763981703
1621,0.12560514628884317
1622,0.01989301117845125
1623,0.01242307035525103
1624,0.030754951671624904
1625,0.015652376235559436
1626,0.01614149834195748
1627,0.03731413341191241
1628,0.05475296516303956
1629,0.01915111177230568
1630,0.06757369162391529
1631,0.061087780685661786
1632,0.09578638857067297
1633,0.02355991574751304
1634,0.08509352832504007
1635,0.032779712088140504
1636,0.082137818444438
1637,0.02922542401536112
1638,0.24304108833185287
1639,0.0632552491042155
1640,0.05815235831146107
1641,0.29379475657653314
1642,0.0659238094151016
1643,0.09407283548608018
1644,0.01815991882900416
1645,0.05538066629353078
1646,0.021503954465313294
1647,0.014598700063920798
1648,0.015434782681714913
1649,0.0478096740909274
1650,0.0694571316373342
1651,0.033632661881561936
1652,0.3391018805805983
1653,0.051539548832213906
1654,0.06190512964598675
1655,0.01753810612720977
1656,0.06193161161525971
1657,0.09796063960619163
1658,0.06484983647310377
1659,0.021786469689368943
1660,0.03134286894700468
1661,0.15684123213985585
1662,0.013669026096045738
1663,0.013912091549307932
1664,0.012963355292893917
1665,0.020471591304152204
1666,0.06457871623128118
1667,0.050886762098134995
1668,0.013771316978713245
1669,0.0971571941786838
1670,0.022079929144835964
1671,0.12417445038604548
1672,0.02008053383290289
1673,0.11433523742077357
1674,0.06017214836949808
1675,0.0870646687643629
1676,0.075138047136572
1677,0.16570826884221201
1678,0.06727592377484323
1679,0.0538583080760272
1680,0.020104042253211257
1681,0.7886698726322376
1682,0.1615969025416175
1683,0.05856353552119132
1684,0.09311527185494024
1685,0.11047136713812308
1686,1.0695491032191067
1687,0.018767272940573912
1688,0.011792642443669054
1689,0.049784362615837914
1690,0.018169462797513854
1691,0.09471169556963895
1692,0.038581833534557144
1693,0.018688718547644513
1694,0.014290308789025733
1695,0.036932040581991704
1696,0.07524455884175733
1697,0.01574533610727232
1698,0.012141122526697306
1699,0.3664793954687246
1700,0.015839827012158973
1701,0.09679609286521115
1702,0.012230313854272222
1703,0.09472010274964347
1704,0.05273937772705823
1705,0.08774161332878967
1706,0.013015098938568444
1707,0.42549626804682966
1708,0.01387290306965247
1709,0.13660018327798104
1710,0.14189660735554765
1711,0.09013721071537066
1712,0.054622692465270226
1713,0.011899904329628239
1714,0.03572823738250482
1715,0.03099760476775574
1716,0.09820304794819414
1717,0.03398868279722686
1718,0.052842216683538765
1719,0.06509926088090111
1720,0.08943373070924292
1721,0.29544955597894146
1722,0.023022473913677163
1723,0.4942368239148713
1724,0.05503682192604382
1725,-0.023478538334286855
1726,0.039964730218051525
1727,0.014837857157905091
1728,0.08225582346744924
1729,0.021442883501573223
1730,0.10462558791936168
1731,0.26335313370055413
1732,0.013713129870373365
1733,0.03883603856249575
1734,0.05399438696411665
1735,0.02311384708322941
1736,0.07070696168789989
1737,0.062484541545051286
1738,0.011092608150702805
1739,0.09679941634688764
1740,0.030575047889922755
1741,0.4486860700288089
1742,0.061250290791562426
1743,0.037794182806191276
1744,0.1658926320975851
1745,0.05513522532933782
1746,0.10574194736579527
1747,0.13892043423522416
1748,0.023960897907582695
1749,0.021249273292278686
1750,0.06494864415862457
1751,0.025407776416198662
1752,0.0397882016028616
1753,0.16711601533848566
1754,0.018944833123413746
1755,0.06251772980998682
1756,0.09873078477214782
1757,0.01185964394647928
1758,0.0795974435761413
1759,0.018598948803843954
1760,0.018990144410383214
1761,0.13570928777093327
1762,0.07007049646659996
1763,0.010531659332495872
1764,0.2760223456413127
1765,0.01185110545816107
1766,0.16031957249151493
1767,0.018700290633150398
1768,0.013866272904769559
1769,0.06220667877031018
1770,0.02277774960813199
1771,0.0413399233416883
1772,0.11103614022160205
1773,0.01784377512736413
1774,0.18845014721519993
1775,0.2586864520271237
1776,0.03770222136870878
1777,0.020657986974158646
1778,0.09220585397359418
1779,0.07993488065075051
1780,0.0541379940665004
1781,0.09305108134963017
1782,0.017221150577496912
1783,0.01403458407381928
1784,0.09204417041862553
1785,0.1589120340153039
1786,0.08381683187754864
1787,0.057813640353270884
1788,0.14215533068204558
1789,0.17871047482292615
1790,0.5102641517023149
1791,0.1806359787432342
1792,0.10073332140678846
1793,0.11488796205580667
1794,0.056093128282810184
1795,0.5737053995794843
1796,0.1865203139403084
1797,0.06222965490397742
1798,0.6629934888657991
1799,0.05204722223156659
1800,0.5419176153483584
1801,0.24151849135262143
1802,0.0930600125016682
1803,0.34007716557326007
1804,0.19307649315211253
1805,0.0522930404028822
1806,0.73476431698419
1807,0.2483768823345141
1808,0.06419030487901642
1809,0.4230495948548532
1810,0.18800548899505415
1811,0.06658232335313068
1812,0.03202269727680605
1813,0.10941502522639705
1814,0.017367654324685334
1815,0.09293667287976062
1816,0.0546894288207226
1817,0.09363059324473919
1818,0.08241874036808573
1819,0.012135260202675453
1820,0.15366080214239103
1821,0.15439291100375324
1822,0.06656740342097987
1823,0.3729956640787157
1824,0.06252500179287777
1825,0.10003857576565772
1826,0.14165051055098857
1827,0.07287793673016524
1828,0.054401919020567076
1829,0.01814620819386659
1830,0.4702234472304804
1831,0.1037906734809866
1832,0.06595634436578121
1833,0.0649596505861446
1834,0.3209790645257143
1835,0.1451440271411003
1836,0.04609847367519926
1837,0.07054383885600161
1838,0.7765266672362411
1839,0.06407291763731533
1840,0.017846511897922773
1841,0.05171506820629587
1842,0.15288213672996337
1843,0.053617144007116285
1844,0.0371828298724333
1845,0.4841062803987016
1846,0.1329479982723344
1847,0.23423315714831217
1848,0.05416455236914744
1849,0.05540234835542297
1850,0.13048535492358881
1851,0.06468297986277134
1852,0.07854799316707131
1853,0.0528876560841113
1854,0.03789157264780303
1855,0.06959956440677316
1856,0.06358516328722966
1857,0.05354427088878449
1858,0.019645418038355705
1859,0.1536172201841589
1860,0.2069700669438912
1861,0.05729538015445208
1862,0.06070991752218697
1863,0.13789427344500071
1864,0.14802720593669416
1865,0.07943771229879999
1866,0.0724093167283431
1867,0.13108012332958194
1868,0.09779184469540977
1869,0.7363100764935632
1870,0.1404782495229994
1871,0.09451036347312851
1872,0.1017517439202206
1873,0.044516487864194244
1874,0.9564736200988677
1875,0.09600558972872608
1876,0.0830266080735162
1877,0.19989507271389165
1878,0.19334915427475297
1879,0.5121137503700649
1880,0.5905200639610146
1881,0.15533607826708543
1882,0.14978969233343178
1883,0.37871606574775013
1884,-0.02579151553631222
1885,0.13254312200284274
1886,0.5672561236609854
1887,0.01370647726824722
1888,0.40825654507558856
1889,0.06780470480242683
1890,0.059863699009392195
1891,0.011644094054887389
1892,0.01278460990943192
1893,0.011913967103644669
1894,0.011831449707795537
1895,0.011860184284200579
1896,0.011940985171096218
1897,0.012401311667276428
1898,0.08332647133373287
1899,0.011329258274789826
1900,0.010553025110021562
1901,0.011940985171096218
1902,0.017778125367467288
1903,0.42365060288962075
1904,0.5910064119177836
1905,0.1854037021493471
1906,0.02158421311087282
1907,0.011691073854205397
1908,0.011835210489699531
1909,0.038893520007688386
1910,0.012771620017906717
1911,0.18422766030516347
1912,0.172383663104834
1913,0.05670395217475289
1914,0.012411319334116058
1915,0.4973741466349607
1916,0.8126242060275606
1917,0.012464992038583332
1918,0.012680962529737041
1919,0.30336507106785643
1920,0.011799717947346841
1921,0.06740560592617197
1922,0.1505004240619589
1923,0.01195698666770429
1924,0.024216523049791158
1925,0.030199451409679803
1926,0.012301764239284496
1927,0.1078143275347948
1928,0.3510036227707303
1929,0.4904103646601361
1930,0.011985062665244932
1931,0.013837302751054839
1932,0.012189717365210274
1933,0.037574028517313174
1934,0.32353756739946127
1935,0.013491190567668537
1936,0.012070411999280493
1937,0.021041485342623904
1938,0.010785133289649359
1939,0.011985062665244932
1940,0.01218304963760137
1941,0.5132292098672215
1942,0.04222135270777773
1943,-0.007350820129949136
1944,0.07543807982893574
1945,0.01116924207893225
1946,0.013246713464393043
1947,0.011515469985823748
1948,0.011863321701626156
1949,0.01179854818584417
1950,0.011035495993106374
1951,0.011919045601916062
1952,0.05644751093052465
1953,0.012217311884126846
1954,0.011833130550310218
1955,0.01834423297063651
1956,0.06837293776290652
1957,-0.06368931476634034
1958,0.05574871756741213
1959,0.08490477435798095
1960,0.528396722356254
1961,0.22275580263056724
1962,0.7203759210559779
1963,0.3930369581319839
1964,0.25791617645971626
1965,0.014444426058743982
1966,0.34614301602988057
1967,0.12252659288966294
1968,0.15830684168207415
1969,-0.04179970800929394
1970,0.410875677480234
1971,0.19123928498490433
1972,0.27518671342586615
1973,0.15578366857871798
1974,0.17101422009787498
1975,0.08157603191323283
1976,0.06430662169340727
1977,-0.05654005197994455
1978,0.47851550473283094
1979,0.050753273263914475
1980,0.01881784927923664
1981,0.030864474221021856
1982,-0.0743479468280621
1983,0.016800692189015767
1984,0.21162987640141354
1985,0.012341675506747883
1986,0.04479627411659909
1987,0.09129519906210176
1988,0.05279844902251157
1989,-0.1763032298385058
1990,0.08907352202121073
1991,0.10488735764830351
1992,0.0641854962415135
1993,0.03599347484505101
1994,0.0686967984441732
1995,0.013269145700789093
1996,0.3414347346997873
1997,0.4427976893350298
1998,0.01810184718911038
1999,0.022932059163166776
2000,0.0774017648039792
2001,0.014367370014640609
2002,0.5006749799337443
2003,0.013694719284252857
2004,0.06216413776137808
2005,0.06485087320851257
2006,0.011690912193860724
2007,0.44304762519488416
2008,0.3771965716656272
2009,0.04500347547913628
2010,0.15167211451764248
2011,0.012161559240270257
2012,-0.09461362637445091
2013,0.41949417916164705
2014,0.12564470057715507
2015,0.2260336491716115
2016,0.4231448787285116
2017,0.024784467462478074
2018,0.1026381390779203
2019,0.06634738701969485
2020,0.11180132685217037
2021,-0.007172727760538468
2022,0.054067112014929815
2023,0.4401517041886973
2024,0.1849638465683895
2025,0.09425113701757488
2026,0.06364823984382739
2027,0.021939875398374956
2028,0.31820022425354133
2029,0.020198051228478356
2030,0.03717845142078241
2031,0.3273673206956805
2032,0.04079241518484291
2033,0.1500076199666603
2034,0.05320308307696164
2035,0.07556604498260372
2036,0.16568993696924436
2037,0.09723363052754001
2038,0.049579311504857
2039,0.09549394844711183
2040,0.021166088766484153
2041,0.10626758545987751
2042,0.11762110810561638
2043,0.1907792546352977
2044,0.10437301245421726
2045,0.08997490006195506
2046,0.10525047772720782
2047,0.05744859347980582
2048,0.0550831415618215
2049,0.16938212123661245
2050,0.0644145759252059
2051,0.38336963370121785
2052,0.09949897155648559
2053,0.024254813091417034
2054,0.08538883779698853
2055,0.040381901412399314
2056,0.08372988648721952
2057,0.10213671585029607
2058,0.05386735996933117
2059,0.1459339910910848
2060,0.09906355912573801
2061,0.16952884462311196
2062,0.1846076953966296
2063,0.024306189331057777
2064,0.021167478245392442
2065,0.018045501193428043
2066,0.11534767960253414
2067,0.021846891558497006
2068,0.09216392773284737
2069,0.012736039695323338
2070,0.022972360436648503
2071,0.04772439077129336
2072,0.02467954910008734
2073,0.018451452399808402
2074,0.03826317820200533
2075,0.022985821285606844
2076,0.05446962226913297
2077,0.03991112336450454
2078,0.02559044386717261
2079,0.031012402881531512
2080,0.02013787025669831
2081,0.213931992037528
2082,0.09903736687992526
2083,-0.009618526187613562
2084,0.05714075617666175
2085,0.019666033830344196
2086,0.05036555868688063
2087,0.12049071219186022
2088,0.15572207258674586
2089,0.1781833842319513
2090,0.008782449363227116
2091,0.11077636136175202
2092,0.1715230472584945
2093,0.11762299041189216
2094,0.029438372329556265
2095,0.013539028464602705
2096,0.012276312060385826
2097,0.018104799525347468
2098,0.05348565587750791
2099,0.10996511633084571
2100,0.08095804176563731
2101,0.1174147039358901
2102,0.06033838892334982
2103,0.07664395398313063
2104,0.14285070388954407
2105,0.05507358681570417
2106,0.44699958599615575
2107,0.05381055819142214
2108,0.15956232000459686
2109,0.053359571703823966
2110,0.1253209970819875
2111,0.06526199904553111
2112,0.12863844224546023
2113,0.06231282213173473
2114,0.056584230133847765
2115,0.03758470454664011
2116,0.3094344638204879
2117,0.46981662214013004
2118,0.13596496658806909
2119,0.013171971126834074
2120,0.018751771758780563
2121,0.06858034992069276
2122,0.48074668997294717
2123,0.1850565720933335
2124,0.06539589181045966
2125,0.15848849699225506
2126,0.21063320977089908
2127,0.06694383888869367
2128,0.0621655089993508
2129,0.08276598454441117
2130,0.06468037425291315
2131,0.11659850377743314
2132,0.0221680764381131
2133,0.0538041560867766
2134,0.029665537026438482
2135,0.06125791065683579
2136,0.1178570600766946
2137,0.06670316999546215
2138,0.06369409955724986
2139,0.13869366789082896
2140,0.06913261158204917
2141,0.05860513570677731
2142,0.016131935565395897
2143,0.16105897514571121
2144,0.09993956799670174
2145,0.06204665118561015
2146,0.18409711627199793
2147,0.027351597278464944
2148,0.03499825583073465
2149,0.22343565796377765
2150,0.06828708836906691
2151,0.13998630619070157
2152,0.031800823540891504
2153,-0.003443326224979903
2154,0.05394008775522616
2155,0.13452070976896505
2156,0.06158666834773811
2157,0.05581551580326211
2158,0.05714308854041467
2159,0.0673221403041007
2160,0.05518507165306664
2161,0.10644517867630279
2162,0.0033972551596003317
2163,0.26454440802679546
2164,0.13551522487587658
2165,0.4947359651617351
2166,0.01714612148498009
2167,0.0791171654194939
2168,0.055601951691757655
2169,0.028190596811871582
2170,0.14504866096397923
2171,0.0676046061891464
2172,0.10856113070465877
2173,0.0636586023438402
2174,0.012107887413934116
2175,0.09508552114963043
2176,0.013588361168061636
2177,0.07730331799836622
2178,0.06841250808773658
2179,0.1504028314076615
2180,0.32058520314194255
2181,0.05457312544580468
2182,0.054153401144881486
2183,0.12229318010299138
2184,0.020729326622646017
2185,0.01295234460793385
2186,0.34685286333925414
2187,0.17433980522482517
2188,0.052071541604111114
2189,0.06312105943377239
2190,0.09926432528951505
2191,0.01911681475463681
2192,0.03715792071801032
2193,0.14651870908913028
2194,0.07850942403651238
2195,0.06507587946168115
2196,0.4564062573009836
2197,0.020494308319866514
2198,0.07156638298329955
2199,-0.043461148077021686
2200,0.017379704329130895
2201,0.29948259364498836
2202,0.25054706021288586
2203,0.12323775001286649
2204,0.11686142585982986
2205,0.0660224492064312
2206,0.18932211185089423
2207,0.06867076203532894
2208,0.13740056220498428
2209,0.3488337388804438
2210,0.06762810700950121
2211,0.07211949676270152
2212,0.062029055025794345
2213,0.06974236642592643
2214,0.03873112918187607
2215,0.017350835704789173
2216,0.15419896716741655
2217,0.01266170011153849
2218,0.013683428902717187
2219,0.25180707114376805
2220,0.0854124978224752
2221,0.12634974647073308
2222,0.1451443088031639
2223,0.06671488854019544
2224,0.01371846617332108
2225,0.06389068968136784
2226,0.118672139524927
2227,0.1566401874254274
2228,0.046146860498586455
2229,-0.131174463476265
2230,-0.05660743281546267
2231,0.019202328945152575
2232,0.05164484335246991
2233,0.1822910234510035
2234,0.017445988325920102
2235,0.07005558394371199
2236,-0.0781626770722052
2237,0.06622697557724205
2238,0.26592940548725374
2239,0.13914765925599404
2240,0.018966208088590116
2241,0.018383769008265504
2242,0.07148132904372938
2243,0.03131645360747363
2244,0.04484655820907839
2245,0.06060966665706977
2246,0.05947351193222652
2247,0.08163610090286652
2248,0.05390036919185211
2249,0.018028999297992433
2250,0.05673342091161188
2251,0.14409193527716257
2252,0.24316358884448705
2253,0.16864794539709263
2254,0.02327419462795913
2255,0.05375772257738388
2256,0.013596480541856077
2257,0.016578860928629632
2258,0.053904181511968685
2259,0.1290716113697912
2260,0.055652898601449445
2261,0.15513982411997698
2262,0.031412061042629516
2263,0.020503942116904594
2264,0.03439986661024838
2265,0.017853791036958756
2266,0.0628427831318359
2267,0.38880831072384237
2268,0.012351565548624027
2269,0.08836130814908452
2270,-0.033527982883546394
2271,0.4595206652148727
2272,0.061885596287905874
2273,0.020204753639679957
2274,0.06740160837828338
2275,0.061093428459553865
2276,0.03034926068630842
2277,0.062019096126628065
2278,0.053597659612755096
2279,0.1555731230108139
2280,0.05436508869050652
2281,0.05997659018603865
2282,0.09287115608377643
2283,0.09114900361138074
2284,0.026804269653988518
2285,0.13379113878703047
2286,0.0963118751777661
2287,0.05610487548853607
2288,0.07899442583273712
2289,0.09567814560342743
2290,0.05766169042118368
2291,0.02650631931076957
2292,0.06984570385248925
2293,0.07077774137252567
2294,-0.039960350056793034
2295,0.014496368248464498
2296,0.054139214255530296
2297,0.03510994116539422
2298,0.015578741748100531
2299,0.021609664167466923
2300,0.013745064831994603
2301,-0.05254068397480632
2302,0.018748953695372418
2303,0.05381787210070755
2304,0.011798135525702459
2305,0.019150074230231497
2306,0.01476843863387411
2307,0.018139327253361693
2308,0.013414151928647275
2309,0.19424717177795214
2310,0.019855490422992783
2311,0.039258533439801714
2312,0.01798053697415244
2313,0.016345269074051077
2314,0.0299373149007752
2315,0.049790928433296786
2316,0.007958268304895202
2317,0.029464154629547774
2318,-0.12106483012952803
2319,0.013187247418187104
2320,0.01913215926180125
2321,0.01545037407753812
2322,0.07256275493067374
2323,0.08966198532637214
2324,0.01820546226507997
2325,0.024122341541472875
2326,0.03732740751237562
2327,0.02442340701053353
2328,0.1376982366669958
2329,0.01432215164206828
2330,0.11580982656631482
2331,0.23249259305996034
2332,0.019059210142421124
2333,0.015834613757140372
2334,0.019820650759581233
2335,0.013983457358967707
2336,0.017071915132932342
2337,0.024101252889031692
2338,0.10125388309530109
2339,0.01468710407973585
2340,0.7584945391401074
2341,0.014968703690648694
2342,0.16568215537748857
2343,0.0933950476599016
2344,0.013536663755695826
2345,0.0228687664202399
2346,0.12125578948358112
2347,0.03352071928267421
2348,0.11620566725881327
2349,0.3453959740998945
2350,0.011994494187497559
2351,-0.08663827661791912
2352,0.02337663899253237
2353,0.020742416630538465
2354,0.01373185521283724
2355,-0.07904429730740292
2356,0.013529735515562193
2357,0.05461424687415537
2358,-0.050645915630353325
2359,0.04909726835276173
2360,0.014528862842122264
2361,0.011751349141577295
2362,0.013149756968379856
2363,0.022301751973428846
2364,0.009311869886698238
2365,0.040170186527439755
2366,0.06424581864735843
2367,0.014466368208673298
2368,0.014518074076811549
2369,0.1654940907033299
2370,0.07172420782579125
2371,0.016078537368803363
2372,0.012081265155483497
2373,-0.08779249599865241
2374,0.043458241722587734
2375,0.0736545606074598
2376,0.013682244686929402
2377,0.018154292397847435
2378,0.011867947913270269
2379,0.20012020773778902
2380,0.030447373540525017
2381,0.07388385379146625
2382,0.03283989949163222
2383,0.07250610445575309
2384,0.02095734818152584
2385,0.01953776200094674
2386,0.2874260503046688
2387,0.023527656469784074
2388,0.08356624324112256
2389,0.016021675499122052
2390,0.012272303431347971
2391,0.3895232916093328
2392,0.41936588099536526
2393,0.01461301635922094
2394,0.05526135444231185
2395,0.014055520253872723
2396,0.004723904297245508
2397,0.027072239076410442
2398,0.018227701876154752
2399,0.014154497943990384
2400,0.021856375319959456
2401,0.2642139890564949
2402,0.038793309466678035
2403,0.06997091257962094
2404,0.06333980716040563
2405,0.06484260572358133
2406,0.5983546645666693
2407,0.013549142733893965
2408,0.03137630475816476
2409,0.024385142048666115
2410,0.07297484975289556
2411,0.014263453797280737
2412,0.10108923772304045
2413,0.3732902123366028
2414,0.0181533529879093
2415,0.11381828264711132
2416,0.2416334184029315
2417,0.017810310797039264
2418,0.08435083007748015
2419,0.09266569520012169
2420,0.17648153724582483
2421,0.06556454760437769
2422,0.06471913687781351
2423,0.014637539700152885
2424,0.014398901250452135
2425,0.10591742667291296
2426,0.015235121605667035
2427,0.052624118500256604
2428,0.07171639431575737
2429,0.016212403982920346
2430,0.1330850285840381
2431,0.053695626253408915
2432,0.1710443280278974
2433,0.06696455875838678
2434,0.1624452260668512
2435,0.2562369088134601
2436,0.0678906787924378
2437,0.015456841854288663
2438,0.20506975008007045
2439,0.012775193899815875
2440,0.06558527208868252
2441,0.0410996447496885
2442,0.03533966977551338
2443,0.030032074540714677
2444,0.10946119726426053
2445,0.16085647468520062
2446,0.048995019352454976
2447,0.1510256366976753
2448,0.06845871841589306
2449,0.06575636185409339
2450,0.06467345415656901
2451,0.1213729935895485
2452,0.48319284104125865
2453,0.0817178942718568
2454,0.015583766921263812
