,entmun,nacent10,nacotrent10,pob5ymas10,vivotrent10,viveu10
0,1001,75.3,23.5,94.1,4.6,0.9
1,1002,87.5,11.4,95.9,1.7,2.0
2,1003,85.6,11.8,92.8,1.7,5.2
3,1004,89.9,9.2,95.1,2.1,2.4
4,1005,82.2,16.4,93.8,4.0,1.5
5,1006,87.8,11.1,95.8,2.0,1.7
6,1007,91.1,7.6,96.2,1.1,2.1
7,1008,93.9,4.0,94.3,1.2,4.0
8,1009,93.1,5.6,95.4,1.3,2.8
9,1010,92.3,6.4,95.5,1.5,2.5
10,1011,82.4,16.3,93.3,4.0,2.3
11,2001,57.5,39.6,91.0,6.8,1.6
12,2002,63.7,30.7,93.9,3.6,1.7
13,2003,51.9,42.2,90.6,5.8,2.9
14,2004,46.6,47.7,91.0,6.1,2.1
15,2005,45.5,44.5,90.0,5.5,3.4
16,3001,72.8,26.4,94.9,3.8,0.6
17,3002,62.4,36.3,85.4,13.3,0.6
18,3003,69.5,28.3,92.0,7.1,0.6
19,3008,41.2,54.9,75.3,22.6,1.3
20,3009,71.6,25.3,88.1,10.4,0.9
21,4001,92.8,6.6,98.1,1.3,0.0
22,4002,83.5,15.0,95.6,3.6,0.2
23,4003,62.8,31.8,90.2,7.6,0.3
24,4004,77.6,19.2,95.0,3.9,0.7
25,4005,92.9,6.7,98.3,1.2,0.0
26,4006,86.5,12.8,97.4,1.7,0.1
27,4007,76.5,22.9,96.4,3.3,0.1
28,4008,93.8,5.9,98.5,1.0,-6.0
29,4009,70.7,28.5,93.9,4.4,1.3
30,4010,55.4,44.1,93.8,5.1,0.7
31,4011,62.0,36.7,91.6,6.7,1.4
32,5001,94.4,2.6,95.8,1.1,2.9
33,5002,74.6,20.8,95.8,2.4,1.4
34,5003,89.0,6.7,97.3,0.9,1.4
35,5004,90.1,8.6,98.1,1.3,0.1
36,5005,70.9,27.0,91.4,6.9,1.5
37,5006,95.2,3.9,97.3,1.0,1.3
38,5007,94.9,4.6,97.0,1.9,0.5
39,5008,94.6,4.2,95.6,1.2,2.8
40,5009,89.0,10.4,95.6,3.5,0.5
41,5010,92.2,6.9,97.8,1.1,0.6
42,5011,95.1,4.6,98.3,1.2,0.3
43,5012,82.9,8.4,94.7,2.5,2.3
44,5013,34.8,51.7,90.4,8.7,0.8
45,5014,89.3,6.1,96.5,0.8,2.0
46,5015,86.7,9.7,93.4,1.8,4.6
47,5016,95.5,2.9,97.6,-6.0,1.7
48,5017,91.3,7.9,96.9,2.2,0.5
49,5018,90.6,8.0,97.4,1.5,0.5
50,5019,89.7,6.3,97.0,1.0,1.6
51,5020,93.0,5.6,97.3,0.8,0.9
52,5021,95.6,3.9,98.1,0.9,0.7
53,5022,84.3,12.5,96.4,1.8,1.4
54,5023,87.1,11.4,95.1,3.6,0.6
55,5024,93.5,4.9,97.7,1.4,0.2
56,5025,79.0,15.6,95.0,2.7,1.8
57,5026,91.0,7.6,96.7,0.7,1.9
58,5027,79.3,18.8,93.2,5.9,0.4
59,5028,91.3,6.2,97.5,1.0,1.0
60,5029,97.6,2.1,97.4,1.1,0.3
61,5030,82.6,15.4,96.7,2.4,0.2
62,5031,94.4,3.8,97.0,1.0,1.1
63,5032,92.7,4.4,97.7,0.9,1.1
64,5033,93.2,6.2,96.7,2.3,0.6
65,5034,54.4,44.7,88.9,9.7,1.1
66,5035,80.0,17.0,95.4,3.6,0.4
67,5036,87.5,11.9,95.4,3.4,0.4
68,5037,94.2,2.1,97.5,0.1,1.8
69,5038,91.3,5.2,97.1,0.6,2.0
70,6001,71.9,25.5,90.9,4.6,4.3
71,6002,68.7,27.8,90.7,6.8,1.9
72,6003,89.1,9.0,94.7,2.1,3.0
73,6004,80.4,17.0,93.1,3.5,3.2
74,6005,82.7,14.2,94.0,2.9,2.6
75,6006,79.4,17.3,93.5,2.3,3.8
76,6007,60.6,36.6,87.5,10.0,1.6
77,6008,75.4,22.2,92.3,3.5,3.9
78,6009,70.9,27.4,91.6,5.7,2.3
79,6010,69.2,27.5,89.3,8.3,1.9
80,7001,96.7,2.5,96.8,1.7,0.8
81,7002,98.6,1.1,97.8,1.5,0.2
82,7003,94.4,3.5,95.6,2.2,1.4
83,7004,87.9,1.2,98.8,0.7,0.3
84,7005,99.0,0.8,99.1,0.3,0.0
85,7006,97.2,0.6,96.4,0.7,1.6
86,7007,95.7,0.1,99.6,0.1,0.0
87,7008,98.7,0.3,98.5,0.5,0.3
88,7009,93.1,6.5,96.5,2.8,0.5
89,7010,98.5,0.5,97.4,0.7,1.0
90,7011,98.2,0.5,97.7,0.6,1.0
91,7012,94.1,3.7,97.5,1.9,0.1
92,7013,99.6,0.3,99.4,0.2,0.0
93,7014,96.7,0.0,99.5,0.1,0.0
94,7015,95.9,1.7,97.1,1.4,0.6
95,7016,91.8,7.7,98.2,1.2,0.2
96,7017,96.4,2.6,98.0,1.5,0.2
97,7018,99.3,0.4,98.2,0.7,0.6
98,7019,94.1,4.3,97.0,1.9,0.6
99,7020,99.2,0.3,98.6,0.3,0.6
100,7021,98.7,0.7,98.0,1.0,0.7
101,7022,99.3,-6.0,99.4,0.0,-6.0
102,7023,99.5,0.0,99.5,0.2,0.2
103,7024,99.6,0.0,99.7,0.0,0.1
104,7025,98.9,0.5,98.8,0.4,0.2
105,7026,98.2,0.1,99.6,0.1,0.0
106,7027,97.3,2.1,98.7,0.9,0.1
107,7028,98.9,0.9,98.1,1.3,0.3
108,7029,93.2,6.2,95.5,4.1,0.2
109,7030,98.7,0.3,97.9,0.4,1.1
110,7031,97.8,0.1,99.6,0.2,0.0
111,7032,97.3,1.8,96.5,1.8,1.0
112,7033,99.7,0.2,99.6,0.1,0.0
113,7034,96.3,1.0,96.8,0.8,1.7
114,7035,94.6,2.1,97.2,1.2,0.5
115,7036,99.3,0.5,98.7,0.6,0.4
116,7037,96.7,1.8,97.3,1.0,1.0
117,7038,98.8,0.1,99.5,0.3,0.0
118,7039,98.6,0.1,99.0,0.1,0.1
119,7040,95.3,3.3,97.7,1.3,0.5
120,7041,98.5,0.4,97.5,1.0,1.3
121,7042,99.0,0.8,96.2,2.9,0.4
122,7043,98.0,1.7,98.9,0.6,0.0
123,7044,99.7,0.1,99.6,0.1,0.0
124,7045,96.4,2.8,98.1,1.6,-6.0
125,7046,98.2,1.7,98.0,1.4,0.1
126,7047,98.8,0.2,99.2,0.2,0.1
127,7048,90.4,9.1,97.7,1.6,0.1
128,7049,94.6,0.0,99.7,0.1,-6.0
129,7050,85.6,14.0,97.2,2.1,0.1
130,7051,95.6,3.3,96.4,1.8,1.2
131,7052,95.0,0.4,99.0,0.3,0.3
132,7053,98.4,0.3,98.5,0.4,0.6
133,7054,94.4,1.8,96.6,1.4,0.5
134,7055,96.2,1.8,97.8,1.3,0.3
135,7056,99.8,0.1,99.2,0.3,0.1
136,7057,98.1,0.8,97.7,0.7,0.8
137,7058,98.0,-6.0,99.5,0.2,0.0
138,7059,90.3,1.1,98.9,0.7,0.1
139,7060,99.7,0.2,99.1,0.6,0.0
140,7061,98.3,0.9,99.1,0.5,0.1
141,7062,96.1,3.7,98.4,1.1,0.1
142,7063,90.6,9.3,94.7,5.2,-6.0
143,7064,99.4,0.0,99.4,0.0,0.0
144,7065,91.0,7.6,97.8,1.5,0.1
145,7066,97.9,0.0,99.8,0.0,-6.0
146,7067,99.6,0.2,99.5,0.4,-6.0
147,7068,94.9,4.4,98.5,1.2,0.1
148,7069,96.6,2.7,96.7,1.7,1.0
149,7070,99.6,0.2,98.9,0.5,0.4
150,7071,97.1,2.1,97.2,1.5,0.7
151,7072,97.1,0.8,98.9,0.5,0.2
152,7073,98.8,1.2,98.1,1.6,0.1
153,7074,66.1,33.2,93.8,5.3,0.2
154,7075,98.6,0.4,98.7,0.6,0.2
155,7076,98.4,0.1,99.1,0.2,0.1
156,7077,96.8,1.9,99.0,0.5,0.0
157,7078,93.9,3.2,97.9,1.3,0.2
158,7079,96.4,3.2,97.8,1.8,0.1
159,7080,99.2,0.2,98.4,0.2,0.5
160,7081,96.1,0.1,99.3,0.1,0.1
161,7082,97.4,0.1,99.6,0.1,0.0
162,7083,99.4,0.2,98.8,0.4,0.4
163,7084,98.9,1.0,98.5,1.0,0.1
164,7085,99.3,0.3,99.0,0.3,0.1
165,7086,99.6,0.3,99.5,0.2,0.0
166,7087,87.4,2.6,94.7,1.5,0.6
167,7088,97.4,1.5,98.7,0.8,0.3
168,7089,91.2,5.2,96.1,2.1,0.4
169,7090,99.3,0.5,97.5,1.6,0.7
170,7091,98.7,1.0,98.9,0.7,0.1
171,7092,96.1,3.5,98.2,0.9,0.6
172,7093,99.4,0.1,99.6,0.1,0.0
173,7094,99.0,0.4,99.0,0.3,0.1
174,7096,97.7,0.3,99.4,0.2,0.0
175,7097,95.1,4.2,96.4,2.5,0.7
176,7098,99.7,0.1,99.7,0.1,-6.0
177,7099,95.5,0.7,97.3,0.7,1.6
178,7100,98.2,0.1,99.6,0.2,0.0
179,7101,91.4,7.1,97.0,2.4,0.2
180,7102,95.0,2.2,96.8,1.8,0.4
181,7103,97.8,1.5,96.9,1.9,0.8
182,7104,98.4,0.5,97.7,0.9,1.0
183,7105,95.8,2.6,95.4,2.6,1.4
184,7106,98.0,0.6,98.8,0.7,0.2
185,7107,99.1,0.4,98.3,0.4,0.8
186,7108,98.4,1.2,98.6,0.5,0.3
187,7109,96.8,0.6,99.2,0.4,0.0
188,7110,99.6,0.3,99.3,0.4,-6.0
189,7111,97.3,0.0,99.8,0.0,0.0
190,7112,99.1,0.0,99.8,0.1,0.0
191,7113,92.6,-6.0,98.8,-6.0,0.0
192,7114,80.7,16.6,95.0,3.0,0.6
193,7115,96.1,1.4,98.7,0.7,0.2
194,7116,85.4,12.8,96.7,1.7,0.6
195,7117,99.1,0.2,98.5,0.4,0.7
196,7118,99.8,0.0,99.7,-6.0,-6.0
197,7119,94.6,0.0,97.8,0.0,-6.0
198,8001,88.9,9.4,97.3,1.3,0.8
199,8002,94.1,3.9,97.1,0.7,1.6
200,8003,92.3,6.4,96.6,1.2,1.9
201,8004,90.0,5.5,98.2,0.7,0.3
202,8005,69.1,18.6,89.1,6.5,3.4
203,8006,94.7,1.2,94.6,0.3,4.9
204,8007,97.1,1.6,98.0,0.6,0.9
205,8008,96.7,2.6,98.6,0.3,0.1
206,8009,96.6,1.7,98.8,0.5,0.4
207,8010,88.6,8.2,95.0,1.8,2.5
208,8011,91.2,7.0,96.6,1.5,1.4
209,8012,98.3,0.5,98.4,0.2,1.2
210,8013,91.4,5.3,96.1,1.3,2.2
211,8014,93.3,5.3,95.4,1.6,2.6
212,8015,92.0,2.6,92.4,1.0,5.7
213,8016,94.0,3.3,95.2,0.4,4.0
214,8017,90.2,4.8,94.8,1.4,3.1
215,8018,96.5,0.8,95.0,0.3,4.1
216,8019,87.8,7.9,97.1,1.4,0.9
217,8020,81.1,18.3,96.0,2.9,0.1
218,8021,86.9,11.3,95.5,2.3,1.8
219,8022,96.3,0.7,95.2,0.4,4.1
220,8023,82.6,10.1,93.1,3.2,3.1
221,8024,93.5,1.6,95.9,0.1,3.5
222,8025,90.1,1.8,94.6,0.2,4.5
223,8026,95.0,1.2,94.1,0.5,5.0
224,8027,98.1,0.9,98.7,0.4,0.2
225,8028,73.2,18.2,95.4,1.8,2.3
226,8029,94.9,4.4,98.2,0.9,0.1
227,8030,93.7,5.4,97.2,1.5,0.3
228,8031,94.7,2.4,95.7,0.5,3.4
229,8032,88.9,9.7,96.0,2.2,1.3
230,8033,95.3,1.5,96.4,0.5,2.8
231,8034,94.0,1.3,91.9,0.4,7.2
232,8035,81.5,13.1,86.2,8.4,4.4
233,8036,88.0,11.1,96.6,1.8,1.2
234,8037,62.5,28.2,94.8,2.8,1.1
235,8038,92.2,4.6,94.5,0.8,4.4
236,8039,92.3,5.5,95.6,0.9,3.2
237,8040,94.0,2.8,96.4,0.8,2.3
238,8041,99.0,0.9,99.5,0.2,-6.0
239,8042,88.6,3.9,92.6,1.3,5.6
240,8043,94.3,1.8,94.9,0.7,4.3
241,8044,90.3,7.5,94.8,1.6,3.1
242,8045,90.9,6.8,95.9,1.0,2.6
243,8046,81.7,17.9,96.6,2.6,0.1
244,8047,80.7,18.5,97.8,1.3,0.1
245,8048,93.0,1.9,93.0,0.3,5.6
246,8049,98.6,0.4,97.4,0.2,1.6
247,8050,91.2,6.2,95.7,1.3,2.3
248,8051,98.1,1.5,98.6,0.6,0.4
249,8052,81.4,7.6,92.4,2.0,4.9
250,8053,81.6,10.9,96.2,0.3,3.0
251,8054,94.8,1.0,95.0,0.3,1.8
252,8055,93.3,4.6,96.1,0.9,2.7
253,8056,97.3,0.4,96.2,0.0,3.7
254,8057,96.0,0.9,96.8,0.2,2.9
255,8058,94.1,3.6,97.0,0.8,1.3
256,8059,91.6,6.0,96.9,0.7,1.4
257,8060,90.7,7.5,96.7,1.2,1.7
258,8061,95.9,1.2,97.6,0.3,1.4
259,8062,91.1,6.9,94.8,1.9,2.6
260,8063,95.8,0.9,97.3,0.2,2.2
261,8064,96.9,0.9,96.6,0.0,2.9
262,8065,96.6,2.9,97.9,0.8,0.3
263,8066,95.5,4.2,99.2,0.3,0.3
264,8067,91.9,2.8,94.6,0.5,4.5
265,9002,79.2,17.8,96.3,2.9,0.1
266,9003,76.4,18.6,95.9,2.9,0.2
267,9004,78.5,16.7,94.1,4.0,0.4
268,9005,78.4,19.8,96.1,3.0,0.3
269,9006,80.6,16.4,96.8,2.1,0.2
270,9007,77.2,21.2,96.9,2.3,0.2
271,9008,82.1,15.9,96.7,1.9,0.2
272,9009,85.2,13.9,97.6,1.6,0.2
273,9010,80.2,17.1,96.0,2.4,0.2
274,9011,80.6,18.2,96.9,2.2,0.3
275,9012,76.4,20.0,95.9,2.9,0.2
276,9013,81.5,16.7,97.0,2.1,0.2
277,9014,69.4,20.2,91.8,5.6,0.3
278,9015,73.2,20.8,92.4,4.7,0.3
279,9016,70.8,19.4,90.9,6.7,0.4
280,9017,80.3,16.0,96.5,2.7,0.2
281,10001,95.2,3.4,95.7,1.6,2.2
282,10002,90.8,8.0,96.9,1.7,1.2
283,10003,94.7,1.4,93.6,0.7,5.5
284,10004,89.2,9.1,94.2,2.5,2.4
285,10005,88.0,7.7,95.5,2.5,1.4
286,10006,81.7,16.9,93.5,2.7,2.9
287,10007,77.8,20.6,95.5,3.6,0.5
288,10008,93.5,4.7,94.8,1.8,2.9
289,10009,73.9,24.2,92.0,4.6,2.6
290,10010,80.4,15.7,91.6,3.6,4.2
291,10011,88.5,7.8,91.5,1.2,6.8
292,10012,79.6,17.3,95.9,2.9,0.7
293,10013,84.1,14.4,93.4,4.1,1.8
294,10014,96.2,1.8,97.4,0.6,0.6
295,10015,90.0,7.9,93.9,2.8,2.8
296,10016,92.9,5.1,94.2,1.9,3.2
297,10017,61.8,35.0,90.1,4.7,4.9
298,10018,88.4,8.8,93.3,2.2,3.8
299,10019,94.2,4.7,97.2,0.8,1.7
300,10020,93.2,3.9,94.9,1.5,3.1
301,10021,93.7,4.5,94.1,1.6,2.9
302,10022,93.0,5.0,94.7,1.5,3.4
303,10023,95.9,3.6,96.9,2.0,0.2
304,10024,91.2,5.7,92.5,3.1,4.1
305,10025,84.6,13.5,95.9,1.6,2.3
306,10026,94.4,5.1,97.2,1.9,0.2
307,10027,85.0,13.9,95.7,1.7,1.1
308,10028,94.8,2.3,95.2,1.1,3.3
309,10029,91.1,5.7,94.0,2.1,3.7
310,10030,89.6,5.0,89.2,2.6,8.0
311,10031,74.0,23.8,92.5,2.5,4.7
312,10032,88.2,8.5,94.5,2.5,2.6
313,10033,90.0,8.7,95.0,2.0,2.7
314,10034,66.3,32.9,96.7,2.4,0.4
315,10035,93.0,3.7,95.1,1.0,3.4
316,10036,80.1,18.6,91.3,7.5,1.0
317,10037,84.4,13.8,95.1,2.0,2.3
318,10038,88.7,9.7,94.3,2.5,2.8
319,10039,93.7,3.3,93.9,1.6,3.7
320,11001,95.6,3.4,96.1,1.0,2.7
321,11002,87.4,10.9,95.1,2.0,2.6
322,11003,90.9,6.4,95.9,1.5,2.0
323,11004,83.7,15.0,95.4,1.6,2.6
324,11005,82.7,16.3,92.7,4.5,2.4
325,11006,79.7,19.5,95.5,2.6,1.7
326,11007,85.0,12.9,95.3,2.9,1.3
327,11008,92.4,5.8,93.6,1.2,4.8
328,11009,95.5,3.7,96.9,0.8,2.0
329,11010,75.4,22.9,91.7,5.2,2.7
330,11011,93.9,5.2,96.8,1.2,1.8
331,11012,93.2,4.6,95.8,0.8,2.9
332,11013,90.4,8.8,94.6,1.7,3.6
333,11014,94.0,4.7,96.1,1.0,2.4
334,11015,91.5,6.0,97.2,1.5,0.8
335,11016,94.8,4.0,94.6,1.4,3.9
336,11017,88.6,10.1,95.9,2.5,1.1
337,11018,94.4,4.5,95.0,1.3,3.4
338,11019,89.5,9.3,94.8,1.5,3.4
339,11020,88.9,9.9,96.6,2.2,0.7
340,11021,85.2,12.2,96.2,1.8,1.6
341,11022,89.1,9.4,94.8,1.1,3.7
342,11023,83.6,15.1,95.8,1.3,2.4
343,11024,95.2,3.3,96.0,0.6,3.0
344,11025,87.7,11.0,96.0,1.8,1.9
345,11026,95.8,3.1,95.1,0.9,3.3
346,11027,91.3,7.6,97.2,1.1,1.3
347,11028,93.3,5.1,95.9,1.0,2.7
348,11029,95.1,4.1,95.4,1.0,3.2
349,11030,88.7,10.5,96.0,1.1,2.4
350,11031,90.5,7.6,96.8,1.3,1.6
351,11032,77.5,21.5,93.9,3.7,2.1
352,11033,91.5,7.6,96.2,1.4,2.0
353,11034,82.2,15.4,94.2,2.8,2.9
354,11035,96.3,2.7,96.7,0.7,2.3
355,11036,91.6,6.3,94.6,1.4,3.7
356,11037,94.1,4.6,96.9,1.3,1.2
357,11038,81.8,16.1,92.7,3.9,3.1
358,11039,93.4,4.3,95.1,1.1,3.5
359,11040,92.1,7.3,96.5,1.4,1.7
360,11041,87.4,10.2,96.1,1.5,1.8
361,11042,95.0,3.8,96.1,1.0,2.6
362,11043,91.0,8.1,95.5,1.7,2.5
363,11044,92.7,6.3,96.5,1.5,1.5
364,11045,92.5,6.8,96.2,1.3,2.2
365,11046,91.5,6.2,93.8,1.3,4.4
366,12001,89.6,8.9,96.0,2.5,1.0
367,12002,98.1,1.3,97.4,0.9,1.5
368,12003,97.0,1.8,96.8,0.9,1.9
369,12004,97.3,1.8,96.4,1.6,1.7
370,12005,91.7,5.8,94.2,1.9,3.1
371,12006,95.3,2.7,97.3,1.0,1.5
372,12007,92.1,6.6,96.0,1.8,1.8
373,12008,92.6,4.3,92.2,2.3,5.1
374,12009,99.7,0.2,98.7,0.6,0.4
375,12010,99.1,0.7,98.0,0.8,0.8
376,12011,96.0,3.2,96.5,1.8,1.2
377,12012,98.4,1.0,97.9,0.5,1.0
378,12013,96.4,2.4,96.5,1.3,1.9
379,12014,95.7,3.4,96.5,1.5,1.7
380,12015,83.8,14.6,94.2,2.8,2.7
381,12016,85.7,12.7,95.3,1.3,3.1
382,12017,93.5,5.0,93.7,2.3,3.8
383,12018,94.7,3.6,93.6,2.5,3.3
384,12019,97.9,1.6,97.4,1.3,1.0
385,12020,98.8,0.5,98.9,0.4,0.3
386,12021,96.5,2.8,97.2,1.2,1.2
387,12022,88.8,3.0,95.9,0.9,2.3
388,12023,86.0,11.0,92.6,2.1,4.7
389,12024,98.2,1.2,98.1,0.6,0.7
390,12025,98.1,1.4,96.7,1.2,1.2
391,12026,96.9,1.8,96.0,1.2,2.4
392,12027,88.1,9.1,93.7,1.8,4.1
393,12028,97.3,1.9,97.6,1.1,0.6
394,12029,93.1,5.4,96.7,1.8,0.9
395,12030,95.9,2.9,95.7,1.8,2.2
396,12031,94.0,4.5,96.0,1.3,2.4
397,12032,98.8,0.9,98.4,0.7,0.4
398,12033,89.5,7.9,93.8,2.0,3.0
399,12034,93.4,5.1,94.5,1.8,3.2
400,12035,90.2,8.2,95.8,2.3,1.6
401,12036,97.3,2.2,96.3,1.6,1.7
402,12037,94.6,2.9,94.9,0.9,3.9
403,12038,86.7,11.8,94.1,3.7,1.5
404,12039,95.8,3.0,95.9,1.5,2.1
405,12040,98.5,0.9,97.3,0.7,1.7
406,12041,99.0,0.7,98.8,0.7,0.2
407,12042,97.5,1.9,95.9,1.7,1.7
408,12043,98.9,0.6,97.2,1.5,1.1
409,12044,97.2,2.2,98.0,0.8,0.8
410,12045,97.6,1.5,96.4,0.8,1.6
411,12046,96.0,3.3,97.5,1.3,0.8
412,12047,95.6,3.4,97.2,0.8,1.9
413,12048,93.2,5.6,95.6,2.5,1.5
414,12049,65.4,33.8,93.9,3.6,2.4
415,12050,88.3,10.2,95.7,2.7,1.1
416,12051,98.2,1.3,97.7,1.1,0.8
417,12052,98.5,0.9,98.0,0.7,0.2
418,12053,97.0,1.8,96.0,0.8,2.8
419,12054,98.0,1.7,98.1,0.9,0.7
420,12055,92.0,7.0,97.2,1.4,1.0
421,12056,98.1,1.5,97.0,1.1,1.4
422,12057,95.4,3.5,96.1,1.5,2.1
423,12058,95.2,3.8,96.1,1.3,2.3
424,12059,95.1,3.6,95.6,1.4,2.4
425,12060,91.0,7.8,94.9,2.1,2.7
426,12061,96.8,2.1,97.7,1.2,0.5
427,12062,98.7,0.8,97.1,1.5,0.8
428,12063,99.1,0.4,98.9,0.6,0.2
429,12064,91.9,6.4,95.0,1.6,3.2
430,12065,92.3,5.8,92.9,2.0,4.4
431,12066,95.5,3.0,96.7,1.5,1.2
432,12067,95.3,3.5,96.3,1.1,1.9
433,12068,74.8,23.2,94.6,2.8,2.0
434,12069,98.1,1.1,97.3,0.9,1.4
435,12070,85.4,10.2,93.2,2.4,3.6
436,12071,99.0,0.6,98.5,0.7,0.5
437,12072,99.5,0.3,98.5,0.9,0.2
438,12073,83.6,7.1,95.7,1.5,2.4
439,12074,98.0,1.8,97.2,1.8,0.9
440,12075,96.6,2.5,96.2,1.3,1.1
441,12076,99.1,0.1,98.7,0.3,0.0
442,12077,92.9,5.3,95.1,2.7,1.7
443,12078,99.7,0.2,99.1,0.2,0.5
444,12079,99.6,0.2,98.9,0.4,0.3
445,12080,96.0,2.4,95.1,1.2,3.1
446,12081,98.5,0.7,98.0,0.9,0.3
447,13001,90.5,6.2,92.3,1.6,5.6
448,13002,93.3,5.7,97.4,1.6,0.5
449,13003,88.6,10.1,94.4,3.0,2.5
450,13004,88.4,11.3,94.7,3.4,1.2
451,13005,87.2,10.9,92.7,4.2,2.5
452,13006,86.9,11.5,91.1,4.0,4.5
453,13007,80.8,18.5,93.7,4.1,1.5
454,13008,80.5,18.1,94.1,3.9,1.4
455,13009,88.6,10.2,95.4,2.2,1.8
456,13010,74.2,25.1,93.8,5.4,0.3
457,13011,95.9,3.8,96.9,2.4,0.3
458,13012,90.6,7.6,93.2,2.2,4.1
459,13013,75.2,24.0,90.5,8.4,0.5
460,13014,94.7,5.0,95.4,3.7,0.8
461,13015,91.6,5.5,92.8,1.4,5.7
462,13016,88.2,10.5,95.2,2.6,1.9
463,13017,87.5,11.9,92.6,5.0,2.1
464,13018,80.1,18.6,93.7,2.7,3.4
465,13019,90.7,7.1,92.4,2.3,4.9
466,13020,92.5,5.9,93.8,2.1,4.0
467,13021,61.1,38.2,93.4,5.2,1.0
468,13022,85.4,13.1,93.1,4.7,1.7
469,13023,90.7,8.2,94.2,2.7,2.6
470,13024,89.1,8.3,91.9,2.2,5.4
471,13025,92.9,6.8,95.8,3.8,0.2
472,13026,98.0,1.7,97.4,2.0,0.3
473,13027,93.9,5.7,96.8,2.4,0.6
474,13028,93.1,6.5,97.3,2.2,0.2
475,13029,75.8,22.8,92.5,3.9,3.3
476,13030,88.6,8.0,93.0,2.0,4.6
477,13031,89.5,9.1,92.9,2.5,4.4
478,13032,94.4,5.3,96.0,3.3,0.4
479,13033,89.6,9.2,92.7,3.4,3.7
480,13034,92.7,7.0,95.4,3.6,0.7
481,13035,91.5,7.5,95.2,1.9,2.4
482,13036,89.1,9.8,93.9,2.7,3.3
483,13037,92.2,6.9,94.2,2.4,3.0
484,13038,91.7,7.5,95.8,2.0,2.0
485,13039,94.2,5.0,96.6,1.3,1.6
486,13040,93.4,5.4,94.4,1.3,4.2
487,13041,89.9,9.2,94.1,3.2,2.4
488,13042,93.4,6.0,94.6,3.2,1.8
489,13043,93.2,5.5,92.5,2.2,4.1
490,13044,74.6,24.8,95.0,3.8,1.0
491,13045,91.7,7.1,95.1,1.7,3.1
492,13046,93.1,6.5,96.7,2.4,0.3
493,13047,91.5,6.5,93.1,1.1,5.1
494,13048,76.6,20.9,93.4,5.6,0.6
495,13049,83.2,15.6,92.1,4.5,3.3
496,13050,88.8,10.1,94.7,2.5,2.4
497,13051,70.1,27.5,88.5,10.3,0.7
498,13052,79.5,19.5,93.1,5.2,1.4
499,13053,95.9,3.6,97.1,1.7,0.7
500,13054,91.6,7.3,94.5,2.2,3.0
501,13055,88.7,9.9,93.7,2.5,3.4
502,13056,80.0,17.3,93.7,4.4,1.6
503,13057,90.1,8.6,94.5,2.9,2.2
504,13058,90.4,7.1,92.0,2.2,5.0
505,13059,81.8,16.6,92.7,2.5,4.5
506,13060,93.3,5.3,93.8,2.2,3.6
507,13061,74.2,24.1,93.8,4.3,1.3
508,13062,93.9,5.7,95.9,2.1,1.4
509,13063,77.1,22.4,94.0,4.5,0.9
510,13064,85.8,13.4,93.2,4.4,1.9
511,13065,86.0,8.5,95.4,2.7,1.5
512,13066,81.0,18.0,93.7,5.3,0.3
513,13067,93.2,6.2,96.4,2.1,1.3
514,13068,97.2,2.5,97.9,0.9,0.8
515,13069,33.7,62.5,60.2,38.8,0.5
516,13070,87.7,11.2,95.7,2.9,1.1
517,13071,94.0,4.5,94.1,1.6,3.8
518,13072,82.6,16.4,95.2,3.0,1.4
519,13073,95.0,4.6,95.9,2.6,1.2
520,13074,91.3,8.4,96.9,2.1,0.6
521,13075,69.0,30.6,91.7,7.2,0.9
522,13076,78.6,20.1,94.2,4.6,0.7
523,13077,80.9,17.2,93.7,4.4,1.4
524,13078,98.7,1.0,98.5,1.0,0.1
525,13079,95.0,4.4,96.9,1.8,1.0
526,13080,98.3,1.4,98.4,1.1,0.2
527,13081,90.1,8.9,96.3,1.9,1.7
528,13082,79.2,19.2,94.0,4.4,1.1
529,13083,72.8,24.9,87.0,11.7,0.7
530,13084,89.0,8.9,92.3,2.6,4.7
531,14001,95.2,2.9,95.6,0.6,3.5
532,14002,87.6,10.9,90.2,7.6,1.7
533,14003,93.8,4.4,95.7,1.0,2.8
534,14004,95.5,2.6,95.6,0.6,3.4
535,14005,94.3,4.6,97.0,0.8,1.9
536,14006,92.1,5.7,94.9,1.4,3.4
537,14007,91.3,6.5,94.9,1.1,3.6
538,14008,92.4,5.8,95.4,1.7,2.3
539,14009,90.4,6.4,96.3,1.1,2.4
540,14010,97.5,1.6,98.0,0.2,1.5
541,14011,97.2,1.6,96.2,0.6,2.5
542,14012,92.5,4.5,94.1,1.0,4.5
543,14013,94.8,3.7,96.5,0.9,2.0
544,14014,95.3,3.5,95.5,1.2,3.0
545,14015,89.6,8.5,95.9,1.5,2.2
546,14016,81.2,17.1,94.7,1.7,2.9
547,14017,94.7,3.5,96.2,0.5,3.2
548,14018,90.1,8.4,95.4,1.8,2.5
549,14019,88.3,10.9,96.6,1.4,1.6
550,14020,87.2,11.1,95.6,2.4,1.2
551,14021,90.2,7.7,95.3,1.5,2.7
552,14022,57.0,40.3,93.1,4.2,2.2
553,14023,90.2,7.4,96.6,1.9,1.2
554,14024,95.4,2.8,96.1,0.6,2.7
555,14025,72.8,24.9,93.8,2.5,3.1
556,14026,92.0,6.2,94.6,1.8,3.4
557,14027,88.8,9.7,96.1,1.2,2.3
558,14028,94.8,3.1,94.6,0.7,4.5
559,14029,94.6,3.0,95.6,0.5,3.1
560,14030,85.6,6.8,94.4,1.4,3.0
561,14031,78.6,19.4,95.5,2.1,2.3
562,14032,95.7,2.6,95.7,0.8,3.2
563,14033,78.1,19.4,93.4,1.5,4.7
564,14034,95.0,1.5,93.7,0.8,5.4
565,14035,77.7,20.3,94.3,1.9,3.1
566,14036,94.1,4.7,97.0,0.9,1.5
567,14037,90.5,6.6,95.3,1.6,2.9
568,14038,81.0,16.5,92.6,2.9,4.1
569,14039,84.3,12.9,96.8,1.8,0.7
570,14040,81.2,17.6,86.4,10.6,2.7
571,14041,72.2,25.0,91.9,2.9,5.1
572,14042,78.3,18.7,92.4,3.2,3.9
573,14043,74.1,22.6,92.1,2.9,4.7
574,14044,89.1,9.9,96.4,2.2,1.1
575,14045,91.3,6.1,94.8,0.7,4.1
576,14046,90.6,5.8,94.7,1.3,3.6
577,14047,90.6,7.6,95.1,2.4,2.3
578,14048,89.6,8.6,94.3,1.9,3.3
579,14049,51.3,45.6,88.7,6.0,5.3
580,14050,93.0,4.0,96.6,0.9,2.0
581,14051,93.0,5.4,97.1,0.8,1.6
582,14052,96.4,1.9,95.9,0.7,3.3
583,14053,86.0,12.7,95.6,1.9,1.9
584,14054,92.0,5.3,94.6,1.2,4.0
585,14055,82.4,15.3,88.8,8.0,2.4
586,14056,73.1,24.6,95.9,1.4,2.5
587,14057,87.7,9.6,95.2,0.8,3.9
588,14058,93.6,4.7,95.8,1.4,2.6
589,14059,87.4,10.9,95.1,2.0,2.6
590,14060,83.5,13.4,92.5,2.5,4.5
591,14061,90.6,7.9,96.2,1.7,0.9
592,14062,92.3,4.7,93.4,1.0,5.4
593,14063,90.4,8.2,96.6,1.6,1.4
594,14064,74.1,25.1,94.1,2.9,2.5
595,14065,71.6,25.8,91.6,3.8,4.4
596,14066,93.3,5.3,96.9,1.1,1.8
597,14067,65.2,30.2,90.1,7.5,1.6
598,14068,92.4,3.7,92.4,1.0,6.3
599,14069,78.2,19.1,93.5,1.0,5.1
600,14070,85.0,13.9,96.9,1.8,0.5
601,14071,93.8,3.8,95.0,0.9,3.3
602,14072,82.0,15.9,92.7,2.8,3.8
603,14073,92.5,6.0,96.0,1.2,2.0
604,14074,86.4,9.6,93.7,1.5,4.3
605,14075,92.5,6.5,97.1,1.1,1.6
606,14076,73.0,24.4,95.0,3.0,1.7
607,14077,94.3,3.0,94.4,0.6,4.6
608,14078,92.3,5.1,94.4,1.1,3.9
609,14079,94.6,3.6,96.9,1.0,1.5
610,14080,80.6,17.1,93.7,2.7,3.1
611,14081,82.3,15.1,96.2,1.1,2.4
612,14082,92.4,6.8,96.6,2.0,1.1
613,14083,91.1,7.5,95.4,1.7,2.6
614,14084,96.1,2.6,97.3,0.7,1.7
615,14085,92.8,4.6,94.7,1.3,3.6
616,14086,97.6,1.4,97.7,0.4,1.4
617,14087,90.1,8.0,94.0,2.2,3.7
618,14088,94.0,3.4,94.8,1.0,3.9
619,14089,95.5,3.0,95.8,1.0,2.7
620,14090,94.6,3.0,95.1,1.0,3.7
621,14091,83.6,14.1,94.8,1.5,3.0
622,14092,95.6,2.1,95.4,0.7,3.8
623,14093,94.0,4.2,96.6,1.0,1.9
624,14094,92.5,6.3,96.2,1.9,1.3
625,14095,94.2,3.5,95.2,0.6,4.1
626,14096,83.1,14.8,93.8,1.4,3.8
627,14097,81.8,14.3,94.5,3.9,0.9
628,14098,85.1,13.2,96.4,1.9,0.6
629,14099,93.7,5.0,93.9,1.4,4.5
630,14100,78.2,19.2,91.4,4.3,3.6
631,14101,86.6,11.0,96.8,1.7,0.9
632,14102,95.0,2.6,94.8,0.8,3.9
633,14103,66.1,32.6,94.6,3.0,2.0
634,14104,77.2,19.7,91.5,2.0,4.5
635,14105,95.2,3.3,97.0,0.8,1.9
636,14106,93.0,5.3,94.3,2.7,2.9
637,14107,91.8,6.8,97.2,0.8,1.6
638,14108,94.0,4.9,96.2,1.6,1.2
639,14109,84.0,14.1,93.5,2.1,3.7
640,14110,94.1,3.9,95.4,1.0,3.4
641,14111,93.2,4.1,94.6,1.1,4.0
642,14112,81.6,14.0,91.7,1.9,6.3
643,14113,89.2,9.0,90.7,5.6,3.4
644,14114,93.4,4.0,94.4,1.1,3.8
645,14115,83.2,14.8,94.1,1.9,3.4
646,14116,72.0,25.1,93.7,2.2,3.1
647,14117,91.4,5.0,93.1,1.6,5.2
648,14118,92.1,5.0,95.5,0.9,2.9
649,14119,95.4,2.8,96.7,0.7,2.3
650,14120,78.3,18.8,94.4,4.0,0.8
651,14121,94.2,4.1,96.1,1.3,2.4
652,14122,88.3,10.5,94.9,2.4,2.5
653,14123,94.7,3.5,96.0,0.7,2.9
654,14124,93.3,4.7,96.0,1.1,2.3
655,14125,94.6,2.8,93.7,1.2,4.5
656,15001,95.2,3.9,96.2,1.5,1.8
657,15002,57.3,39.4,90.4,8.7,0.4
658,15003,85.8,13.8,96.2,2.5,0.9
659,15004,94.9,3.6,94.9,1.2,3.7
660,15005,93.5,5.9,97.5,1.6,0.3
661,15006,92.2,6.9,97.1,1.2,1.0
662,15007,95.6,3.9,96.9,2.0,0.9
663,15008,94.1,4.0,95.5,1.3,3.1
664,15009,88.5,10.5,97.6,1.6,0.3
665,15010,78.8,20.7,96.9,2.5,0.2
666,15011,72.0,26.3,96.3,3.2,0.2
667,15012,92.3,6.6,97.9,1.4,0.6
668,15013,54.4,43.7,96.1,3.0,0.3
669,15014,91.0,8.2,96.9,2.1,0.7
670,15015,90.9,7.9,97.5,1.6,0.6
671,15016,67.3,32.2,96.3,2.8,0.3
672,15017,81.5,17.8,96.4,2.8,0.4
673,15018,92.4,6.5,97.0,2.3,0.2
674,15019,91.9,7.2,98.3,1.1,0.2
675,15020,39.8,58.6,94.8,4.5,0.2
676,15021,95.4,3.3,96.0,0.9,2.7
677,15022,82.2,16.9,97.7,2.0,0.1
678,15023,82.4,15.0,97.7,1.7,0.3
679,15024,59.8,37.9,93.4,5.7,0.3
680,15025,55.2,43.1,89.4,9.4,0.3
681,15026,93.0,6.5,97.6,1.8,0.4
682,15027,79.7,19.1,90.0,9.4,0.4
683,15028,81.9,17.2,97.5,1.9,0.0
684,15029,41.2,57.7,82.7,16.5,0.4
685,15030,88.9,9.2,98.1,1.5,0.1
686,15031,54.3,44.7,94.5,4.4,0.4
687,15032,96.4,3.0,97.9,1.0,0.6
688,15033,42.9,55.4,94.7,4.4,0.3
689,15034,91.7,7.7,98.1,1.3,0.4
690,15035,53.8,44.9,85.8,13.5,0.3
691,15036,83.9,15.8,97.6,1.8,0.2
692,15037,49.5,44.2,91.9,5.9,0.3
693,15038,86.5,13.2,98.3,1.4,0.2
694,15039,41.5,57.3,90.0,9.2,0.3
695,15040,91.2,7.5,96.1,1.6,2.0
696,15041,94.1,5.3,97.7,1.0,0.9
697,15042,95.9,3.9,98.3,1.1,0.2
698,15043,92.7,6.4,98.0,1.2,0.2
699,15044,54.3,44.3,95.9,3.4,0.3
700,15045,84.6,14.8,96.6,2.4,0.5
701,15046,79.6,19.9,97.9,1.3,0.2
702,15047,94.4,5.1,97.1,1.9,0.5
703,15048,92.9,6.5,96.8,1.7,0.8
704,15049,94.5,4.1,96.2,1.0,2.2
705,15050,90.0,9.6,98.1,1.3,0.3
706,15051,83.6,14.6,95.1,4.0,0.2
707,15052,89.5,8.9,96.1,1.4,1.9
708,15053,72.6,25.7,95.5,3.0,0.4
709,15054,73.5,23.5,94.4,4.6,0.3
710,15055,93.9,5.2,98.2,1.2,0.3
711,15056,95.1,4.2,97.0,1.7,0.6
712,15057,51.6,45.2,95.1,3.9,0.3
713,15058,40.1,58.2,95.9,3.3,0.3
714,15059,64.5,34.4,92.6,6.4,0.3
715,15060,67.2,31.6,96.7,2.5,0.3
716,15061,78.0,21.1,96.8,2.6,0.1
717,15062,88.9,10.4,97.6,2.0,0.1
718,15063,92.8,6.4,96.1,1.9,1.6
719,15064,91.8,7.7,96.8,2.2,0.5
720,15065,80.5,18.4,96.7,2.6,0.4
721,15066,95.9,3.1,96.5,0.8,2.4
722,15067,95.4,3.8,98.1,0.9,0.1
723,15068,88.5,10.0,97.9,1.3,0.6
724,15069,81.5,17.8,97.8,1.6,0.1
725,15070,48.5,50.5,93.0,6.3,0.4
726,15071,60.9,38.7,95.0,2.8,1.2
727,15072,95.5,4.0,98.4,0.9,0.4
728,15073,81.7,16.0,92.1,6.7,0.6
729,15074,97.5,2.1,98.1,0.9,0.4
730,15075,76.8,22.7,96.0,3.2,0.4
731,15076,85.0,13.1,96.4,2.7,0.2
732,15077,93.9,5.1,95.9,1.6,2.3
733,15078,92.0,6.4,95.8,1.0,2.2
734,15079,82.5,16.6,95.0,2.6,1.5
735,15080,97.3,1.8,97.3,0.6,1.8
736,15081,41.8,56.4,83.4,15.4,0.4
737,15082,93.4,5.2,96.1,1.2,2.4
738,15083,59.6,39.5,89.2,10.3,0.3
739,15084,65.2,33.7,95.0,4.2,0.3
740,15085,94.8,4.5,96.8,1.3,1.3
741,15086,96.2,2.9,97.5,0.7,1.3
742,15087,95.2,4.4,96.5,2.3,0.1
743,15088,93.5,5.5,97.0,1.4,0.9
744,15089,80.0,19.6,96.1,3.3,0.3
745,15090,94.4,4.9,97.4,1.3,0.8
746,15091,83.2,15.6,97.4,1.5,0.3
747,15092,67.5,29.6,95.2,3.9,0.3
748,15093,80.9,18.5,96.7,2.2,0.4
749,15094,86.1,13.1,97.4,1.4,1.0
750,15095,70.2,28.2,96.7,2.4,0.3
751,15096,87.4,12.0,97.6,1.7,0.2
752,15097,95.9,3.0,96.2,1.0,2.3
753,15098,86.9,12.5,97.2,2.3,0.3
754,15099,70.0,27.7,94.4,4.7,0.3
755,15100,61.3,36.7,94.9,4.3,0.3
756,15101,90.7,8.7,97.2,2.0,0.3
757,15102,93.5,5.7,96.6,1.7,1.0
758,15103,84.7,13.8,97.7,1.6,0.3
759,15104,44.3,52.6,95.4,3.7,0.3
760,15105,92.1,5.8,95.3,1.0,3.3
761,15106,84.6,13.1,96.2,2.9,0.2
762,15107,88.9,9.4,94.8,2.5,2.5
763,15108,61.7,37.1,94.1,4.8,0.3
764,15109,49.8,48.2,95.0,4.3,0.3
765,15110,92.1,6.8,96.9,1.5,0.8
766,15111,96.0,3.7,98.0,1.3,0.5
767,15112,90.5,9.1,98.0,1.2,0.2
768,15113,96.0,2.8,95.9,0.9,2.6
769,15114,96.9,2.7,97.9,1.1,0.3
770,15115,92.7,6.8,98.3,1.1,0.2
771,15116,91.8,6.6,93.9,3.7,1.5
772,15117,94.4,4.7,96.4,1.1,2.3
773,15118,93.4,5.4,97.8,1.2,0.2
774,15119,95.8,3.1,96.0,0.6,2.5
775,15120,68.9,29.9,89.7,9.6,0.3
776,15121,49.5,47.8,95.2,4.1,0.3
777,15122,43.5,55.3,94.0,5.1,0.4
778,15123,94.8,3.4,95.2,0.8,3.6
779,15124,97.6,2.1,98.4,0.9,0.2
780,15125,61.9,37.0,92.1,7.2,0.3
781,16001,94.2,4.8,96.7,1.1,1.9
782,16002,94.0,3.0,95.5,0.8,3.3
783,16003,93.0,4.8,95.0,0.9,3.6
784,16004,92.4,6.1,95.2,1.2,3.3
785,16005,93.2,6.3,96.9,1.7,1.0
786,16006,91.8,6.3,95.5,2.0,2.2
787,16007,92.0,6.7,94.4,2.3,3.0
788,16008,90.2,8.4,96.8,1.1,1.5
789,16009,95.1,3.8,95.3,1.9,2.2
790,16010,92.2,4.3,97.6,0.6,1.2
791,16011,44.1,54.2,91.1,5.9,2.5
792,16012,90.3,6.6,93.8,1.9,3.8
793,16013,95.4,2.5,95.7,0.8,3.2
794,16014,65.2,32.3,93.1,4.0,2.1
795,16015,93.2,4.3,96.7,0.6,2.2
796,16016,95.4,2.8,94.7,0.7,4.3
797,16017,84.7,13.8,93.9,3.2,2.6
798,16018,95.4,3.2,93.6,0.6,5.4
799,16019,89.9,7.5,93.5,1.7,4.4
800,16020,87.8,11.0,95.8,1.1,2.5
801,16021,97.6,1.4,97.0,0.8,1.7
802,16022,91.5,5.8,94.6,1.2,3.0
803,16023,94.3,3.3,93.3,0.6,5.6
804,16024,97.4,1.1,96.2,0.5,2.8
805,16025,97.3,1.6,97.7,0.7,1.1
806,16026,81.9,15.3,95.1,2.1,2.5
807,16027,96.4,2.1,93.9,0.9,4.9
808,16028,91.2,5.3,95.3,1.4,3.1
809,16029,94.8,4.2,96.4,1.1,2.0
810,16030,93.6,4.1,93.2,1.2,5.2
811,16031,72.2,26.9,93.9,2.9,2.9
812,16032,95.3,3.5,95.6,1.5,2.6
813,16033,95.3,3.1,96.8,0.9,2.1
814,16034,93.8,4.7,96.1,1.0,2.4
815,16035,95.4,3.1,95.3,1.2,2.8
816,16036,90.9,6.8,93.3,1.4,5.0
817,16037,96.6,1.8,95.1,0.2,4.4
818,16038,90.0,7.5,95.3,1.6,2.5
819,16039,95.4,3.0,95.6,0.8,3.0
820,16040,94.4,4.4,96.2,0.7,2.4
821,16041,92.7,5.7,95.8,1.0,2.8
822,16042,85.9,12.3,93.5,1.3,4.9
823,16043,92.4,6.5,96.9,1.0,1.6
824,16044,93.5,4.2,93.2,1.3,5.3
825,16045,90.6,7.1,94.3,1.6,3.4
826,16046,86.7,10.8,92.6,2.9,4.3
827,16047,93.4,5.2,94.7,1.6,3.3
828,16048,94.2,3.3,92.6,0.9,6.2
829,16049,95.8,2.3,95.4,0.8,3.4
830,16050,88.8,10.0,94.7,2.1,2.8
831,16051,75.8,21.8,91.6,3.5,4.4
832,16052,69.3,27.0,91.4,6.1,1.9
833,16053,83.9,12.6,95.0,3.1,1.3
834,16054,94.3,3.2,94.5,0.7,4.3
835,16055,94.2,3.8,96.7,1.1,1.5
836,16056,97.4,1.5,96.1,0.7,2.1
837,16057,97.4,1.1,96.7,0.4,2.3
838,16058,95.5,3.1,94.7,0.9,4.0
839,16059,97.1,1.7,97.5,0.5,1.8
840,16060,88.4,7.5,95.0,1.1,3.5
841,16061,94.9,4.7,96.7,2.0,1.0
842,16062,85.9,11.5,93.0,1.7,5.1
843,16063,95.6,2.5,94.5,0.7,4.2
844,16064,94.5,3.4,95.6,1.2,2.8
845,16065,96.1,2.4,95.4,1.0,3.2
846,16066,93.9,5.0,96.2,1.6,1.7
847,16067,92.9,4.8,94.3,1.0,4.4
848,16068,93.9,2.8,96.1,1.1,1.9
849,16069,82.0,15.9,94.2,3.0,2.2
850,16070,95.2,2.7,95.9,0.7,3.1
851,16071,93.0,5.1,95.0,0.9,3.6
852,16072,91.9,6.4,94.6,1.1,3.9
853,16073,95.3,3.1,96.0,0.9,2.8
854,16074,89.0,9.3,94.1,2.0,3.6
855,16075,88.4,5.8,95.2,2.0,2.0
856,16076,91.4,6.8,95.9,1.5,1.9
857,16077,72.6,24.4,93.4,4.0,2.1
858,16078,86.3,12.3,94.6,1.5,3.5
859,16079,97.4,1.7,96.4,0.8,2.2
860,16080,93.1,6.0,95.4,2.0,2.3
861,16081,91.8,6.6,94.3,1.8,3.5
862,16082,95.2,3.5,95.5,1.3,2.7
863,16083,95.5,3.2,95.2,1.6,2.7
864,16084,96.9,2.0,96.6,0.8,1.8
865,16085,93.5,3.7,94.7,1.0,3.9
866,16086,86.7,11.5,94.9,1.7,3.0
867,16087,94.2,2.9,94.9,1.1,3.5
868,16088,80.7,10.9,93.5,3.4,2.4
869,16089,86.2,10.5,94.9,1.6,3.0
870,16090,96.4,2.9,97.9,0.7,0.9
871,16091,91.6,6.5,94.6,1.6,3.3
872,16092,91.9,5.5,95.8,0.8,3.1
873,16093,86.6,12.8,96.0,2.2,1.3
874,16094,93.6,2.5,94.2,0.6,5.0
875,16095,90.2,8.1,93.0,3.3,3.3
876,16096,96.6,1.9,97.2,0.7,1.8
877,16097,92.8,6.1,96.6,1.1,1.7
878,16098,93.0,6.0,95.3,1.5,2.7
879,16099,94.3,3.8,95.2,1.0,3.5
880,16100,96.3,2.5,96.3,1.2,2.1
881,16101,97.6,1.0,96.5,0.4,2.8
882,16102,89.7,6.9,96.0,1.9,1.6
883,16103,83.0,14.7,93.3,2.1,4.3
884,16104,94.7,3.2,94.4,0.6,4.6
885,16105,68.7,29.6,93.8,3.0,2.8
886,16106,85.7,13.1,96.5,2.1,1.1
887,16107,93.2,5.4,96.2,1.6,1.6
888,16108,88.9,8.9,95.1,2.0,1.9
889,16109,91.9,5.0,94.3,1.3,4.0
890,16110,86.8,11.3,94.4,1.6,3.6
891,16111,94.7,3.5,96.9,0.9,1.8
892,16112,90.4,8.3,95.9,2.1,1.2
893,16113,78.1,19.7,91.9,2.0,5.5
894,17001,72.2,26.5,95.2,2.3,2.1
895,17002,59.5,38.6,84.9,13.3,1.4
896,17003,79.2,19.0,93.9,3.0,2.6
897,17004,76.9,21.7,92.9,4.4,2.2
898,17005,78.8,18.7,95.0,2.2,2.5
899,17006,69.7,28.7,92.7,5.4,1.4
900,17007,59.1,35.4,91.6,6.8,0.9
901,17008,61.5,34.8,90.1,8.2,1.4
902,17009,75.2,21.6,93.7,5.3,0.3
903,17010,83.9,14.8,93.4,3.5,2.9
904,17011,62.9,35.4,93.7,4.8,1.0
905,17012,79.8,18.8,94.4,2.9,2.3
906,17013,85.3,13.6,94.5,3.2,1.9
907,17014,81.3,16.3,94.3,2.7,2.4
908,17015,85.5,12.4,94.8,2.4,2.3
909,17016,93.9,5.1,94.6,2.3,2.6
910,17017,84.6,14.1,96.0,2.1,1.5
911,17018,66.7,31.9,94.2,4.0,1.4
912,17019,88.6,10.0,94.0,2.4,3.2
913,17020,77.2,20.7,94.1,4.0,1.3
914,17021,81.9,16.4,94.8,2.3,2.3
915,17022,93.8,5.6,95.5,2.2,1.9
916,17023,90.1,9.6,97.6,1.7,0.3
917,17024,79.7,18.1,94.4,2.7,2.3
918,17025,86.2,12.6,94.7,2.1,2.7
919,17026,79.5,19.7,93.9,4.8,1.1
920,17027,83.7,15.5,93.7,5.1,0.9
921,17028,67.0,31.0,91.2,7.0,1.5
922,17029,69.6,28.7,93.0,5.2,1.4
923,17030,79.9,19.1,94.8,3.5,1.1
924,17031,77.5,20.9,94.5,3.0,2.2
925,17032,91.2,7.6,94.2,2.8,3.0
926,17033,94.9,4.6,95.7,2.5,1.5
927,18001,88.5,10.5,94.8,3.5,1.4
928,18002,83.9,14.4,92.5,3.7,3.7
929,18003,75.3,22.3,92.1,3.2,4.6
930,18004,77.1,20.0,91.4,4.3,4.0
931,18005,93.0,6.7,97.2,2.4,0.4
932,18006,75.7,22.0,92.4,3.8,3.6
933,18007,95.3,3.8,95.5,2.3,2.1
934,18008,84.8,13.0,94.2,3.8,1.7
935,18009,98.2,1.0,98.9,0.3,0.4
936,18010,89.1,9.2,93.3,2.8,3.6
937,18011,87.6,11.0,94.4,3.1,2.3
938,18012,78.7,19.2,85.1,9.8,4.8
939,18013,87.8,9.7,92.4,2.1,5.3
940,18014,87.9,10.3,92.2,4.2,3.3
941,18015,88.9,9.9,93.2,3.4,3.1
942,18016,88.3,9.4,93.5,3.6,2.5
943,18017,81.8,16.3,93.2,4.8,1.7
944,18018,89.5,9.0,93.9,3.3,2.4
945,18019,85.5,13.2,96.0,2.0,1.6
946,18020,34.3,61.6,72.4,24.6,2.4
947,19001,77.6,18.5,97.7,1.0,0.5
948,19002,83.0,14.3,95.4,2.2,1.8
949,19003,79.0,10.3,95.8,1.4,2.4
950,19004,89.6,8.0,97.6,1.3,0.6
951,19005,54.2,38.1,95.2,2.9,1.5
952,19006,77.1,20.1,94.1,3.7,0.3
953,19007,96.7,2.6,98.7,0.4,0.2
954,19008,90.8,7.9,97.5,1.3,0.9
955,19009,73.2,24.6,95.2,3.3,0.6
956,19010,75.3,23.6,94.6,3.9,0.5
957,19011,82.7,13.5,94.7,2.4,2.0
958,19012,69.5,29.0,90.9,7.1,0.5
959,19013,86.6,9.7,96.4,2.0,1.3
960,19014,85.0,13.9,96.9,1.2,1.1
961,19015,77.9,18.5,92.7,5.6,0.9
962,19016,79.2,19.0,94.4,4.0,1.3
963,19017,81.8,17.2,97.4,1.8,0.3
964,19018,72.9,24.6,93.0,5.3,0.3
965,19019,62.4,25.2,87.4,6.4,0.7
966,19020,73.7,20.8,92.7,4.8,2.0
967,19021,74.5,23.1,95.5,3.3,0.3
968,19022,92.7,4.8,96.4,1.1,1.9
969,19023,79.5,16.4,92.7,2.6,4.1
970,19024,96.9,2.5,97.9,0.6,0.1
971,19025,72.9,26.3,92.9,6.1,0.3
972,19026,77.2,19.9,95.9,2.2,0.4
973,19027,85.4,7.7,96.1,1.0,1.6
974,19028,82.0,16.5,94.6,4.1,0.8
975,19029,95.0,4.0,97.3,0.8,1.7
976,19030,97.3,2.6,99.2,0.6,-6.0
977,19031,77.8,20.4,94.9,3.3,0.3
978,19032,83.1,13.2,96.9,1.7,1.3
979,19033,91.5,7.1,97.0,1.4,0.8
980,19034,72.8,24.5,95.4,3.3,0.6
981,19035,83.8,10.3,92.1,3.1,4.3
982,19036,93.8,4.7,97.3,1.0,0.9
983,19037,88.5,11.1,97.6,1.8,0.4
984,19038,85.8,10.4,95.0,2.8,0.9
985,19039,74.2,22.2,94.0,3.4,0.3
986,19040,81.7,15.1,95.1,2.0,2.4
987,19041,74.9,23.3,92.8,6.3,0.2
988,19042,88.0,8.6,96.5,1.5,1.2
989,19043,89.0,10.4,96.8,2.5,0.3
990,19044,85.7,11.6,96.2,1.4,1.3
991,19045,69.2,27.1,92.2,4.9,0.3
992,19046,77.4,20.0,96.0,2.5,0.3
993,19047,81.6,10.6,92.9,1.2,0.5
994,19048,73.7,23.3,94.9,3.4,0.3
995,19049,84.8,11.0,95.9,2.5,0.5
996,19050,80.3,15.3,96.2,2.5,1.0
997,19051,93.5,5.0,97.7,1.1,0.8
998,20001,99.1,-6.0,99.2,-6.0,0.3
999,20002,63.1,35.8,92.6,4.3,2.5
1000,20003,98.9,1.0,98.1,1.8,0.0
1001,20004,88.1,10.4,91.3,5.8,2.5
1002,20005,94.2,5.5,95.9,3.6,0.3
1003,20006,92.1,7.2,95.4,3.1,0.9
1004,20007,94.0,1.1,96.1,1.4,2.4
1005,20008,97.6,1.7,97.9,0.8,1.2
1006,20009,97.1,2.6,96.3,1.7,1.6
1007,20010,88.6,9.3,95.7,3.7,0.2
1008,20011,95.4,2.8,97.6,0.6,1.7
1009,20012,99.4,0.3,98.1,0.3,1.2
1010,20013,95.1,3.0,93.9,0.9,4.6
1011,20014,85.3,11.1,93.8,5.5,0.2
1012,20015,98.2,1.2,93.3,4.5,1.9
1013,20016,98.2,1.2,98.1,0.6,1.1
1014,20017,97.2,2.1,95.6,1.1,2.9
1015,20018,88.7,9.5,88.8,9.8,1.1
1016,20019,96.5,3.4,98.0,1.8,0.1
1017,20020,91.5,7.9,97.7,1.1,1.1
1018,20021,60.5,38.9,92.9,5.7,0.8
1019,20022,90.6,8.7,90.6,9.0,-6.0
1020,20023,96.4,3.1,98.0,0.9,0.7
1021,20024,93.2,6.3,94.4,5.4,0.2
1022,20025,81.6,17.9,94.7,4.6,0.5
1023,20026,89.7,8.7,91.8,6.0,2.0
1024,20027,93.9,6.0,89.9,10.0,-6.0
1025,20028,96.0,2.1,95.5,0.9,3.0
1026,20029,97.1,2.7,96.4,3.1,0.1
1027,20030,90.0,8.6,95.5,3.9,0.2
1028,20031,96.4,2.6,93.4,3.3,2.9
1029,20032,81.3,17.6,91.7,4.8,3.4
1030,20033,92.9,5.9,97.1,1.7,0.8
1031,20034,94.2,3.8,96.1,1.0,2.9
1032,20035,94.1,5.1,94.3,3.4,1.8
1033,20036,99.5,0.2,99.2,0.4,0.3
1034,20037,95.1,3.1,96.2,0.6,2.9
1035,20038,99.1,0.7,98.3,0.7,0.9
1036,20039,86.3,11.8,93.1,4.1,2.3
1037,20040,98.4,1.4,98.4,1.5,0.0
1038,20041,96.0,3.5,96.3,3.2,0.1
1039,20042,96.6,2.9,96.4,1.8,1.4
1040,20043,95.0,4.1,97.7,1.8,0.2
1041,20044,75.1,23.5,92.1,6.1,1.4
1042,20045,88.7,9.6,94.9,3.4,0.8
1043,20046,92.7,6.9,93.8,4.6,1.5
1044,20047,93.5,5.4,93.0,5.8,0.0
1045,20048,99.0,-6.0,97.5,-6.0,1.5
1046,20049,96.4,3.2,94.5,1.6,3.4
1047,20050,95.2,3.5,94.2,2.7,2.9
1048,20051,98.8,0.4,96.4,0.8,2.4
1049,20052,95.9,3.3,95.4,2.4,1.9
1050,20053,95.3,4.3,97.3,2.5,-6.0
1051,20054,86.6,12.2,93.7,4.8,1.3
1052,20055,90.3,8.5,94.3,3.3,2.3
1053,20056,79.5,19.2,97.9,1.1,0.8
1054,20057,85.9,13.2,95.0,3.4,1.0
1055,20058,96.9,2.8,97.4,2.0,0.0
1056,20059,94.4,4.2,94.6,2.5,2.4
1057,20060,98.7,0.5,97.3,0.8,1.8
1058,20061,95.2,2.9,94.8,1.7,3.2
1059,20062,96.2,3.4,96.0,1.5,2.6
1060,20063,94.1,5.1,96.7,1.5,1.4
1061,20064,96.4,2.5,96.0,1.5,2.3
1062,20065,93.9,3.0,92.9,1.4,5.7
1063,20066,92.6,7.1,94.1,5.2,0.4
1064,20067,88.9,8.3,96.4,2.5,0.7
1065,20068,94.6,4.5,96.0,2.1,1.6
1066,20069,98.7,1.1,99.2,0.0,0.4
1067,20070,97.5,2.2,97.8,1.5,0.3
1068,20071,99.2,0.5,98.6,0.7,0.5
1069,20072,98.7,0.7,98.6,0.5,0.5
1070,20073,95.1,3.6,95.3,1.5,2.7
1071,20074,98.8,0.8,100.0,0.0,0.0
1072,20075,87.5,12.0,93.1,5.5,1.1
1073,20076,96.4,1.2,96.7,0.5,2.9
1074,20077,95.9,3.8,97.8,1.6,0.5
1075,20078,93.8,5.9,96.9,1.6,1.5
1076,20079,84.9,14.6,95.1,4.2,0.2
1077,20080,99.5,0.2,98.3,0.8,0.8
1078,20081,93.9,3.9,88.0,3.5,8.3
1079,20082,97.9,1.6,98.1,0.8,0.9
1080,20083,92.1,5.0,96.8,1.8,1.0
1081,20084,90.8,7.7,96.4,2.1,1.0
1082,20085,99.7,0.1,99.2,0.2,0.3
1083,20086,93.4,6.4,91.2,6.4,2.1
1084,20087,95.8,2.8,96.7,1.7,1.5
1085,20088,97.4,1.8,96.0,1.9,2.0
1086,20089,97.4,2.5,98.4,0.6,0.9
1087,20090,95.2,3.8,97.0,1.7,1.0
1088,20091,84.1,12.6,94.3,3.6,1.0
1089,20092,94.2,3.1,94.4,0.8,4.4
1090,20093,88.9,5.5,96.1,3.0,-6.0
1091,20094,98.7,1.2,98.4,0.9,0.3
1092,20095,99.4,0.4,98.7,0.7,0.5
1093,20096,86.0,13.1,92.8,5.2,1.7
1094,20097,97.2,0.6,97.2,0.5,1.8
1095,20098,97.1,2.8,94.6,4.5,0.7
1096,20099,95.8,3.4,96.0,1.4,2.3
1097,20100,97.2,1.0,94.4,1.7,4.0
1098,20101,97.5,-6.0,94.5,0.9,4.6
1099,20102,92.8,7.1,96.3,3.1,0.6
1100,20103,97.2,1.8,98.8,0.8,0.4
1101,20104,99.3,0.6,98.6,0.2,1.0
1102,20105,98.8,0.6,96.3,0.6,2.2
1103,20106,95.3,1.7,98.5,-6.0,-6.0
1104,20107,93.6,5.8,97.0,1.7,0.9
1105,20108,97.8,1.5,96.8,1.5,1.6
1106,20109,59.9,39.9,94.3,5.2,0.4
1107,20110,96.5,3.4,96.8,2.2,0.9
1108,20111,97.7,1.7,98.0,1.0,0.5
1109,20112,98.5,1.1,97.1,1.1,1.6
1110,20113,99.5,0.4,98.2,0.7,0.9
1111,20114,98.4,1.5,94.9,1.9,2.7
1112,20115,89.4,9.0,96.3,2.6,0.7
1113,20116,99.4,0.6,99.6,0.3,0.0
1114,20117,99.5,0.3,97.9,0.7,0.4
1115,20118,97.7,0.2,93.0,0.3,6.1
1116,20119,92.5,7.0,89.0,10.5,-6.0
1117,20120,98.4,1.6,98.3,-6.0,1.1
1118,20121,96.0,3.4,97.4,1.1,1.0
1119,20122,97.3,2.7,97.0,2.6,-6.0
1120,20123,95.1,2.6,93.2,1.5,5.2
1121,20124,98.4,1.3,97.3,2.3,0.1
1122,20125,99.0,0.6,96.9,0.6,1.7
1123,20126,98.9,0.8,96.4,2.4,0.9
1124,20127,95.5,3.6,97.0,2.4,0.5
1125,20128,96.9,2.0,90.7,2.8,6.5
1126,20129,93.4,5.4,94.6,4.1,1.4
1127,20130,97.9,1.7,97.2,1.5,1.1
1128,20131,98.6,0.6,96.5,0.3,3.0
1129,20132,95.5,4.4,96.8,1.5,1.6
1130,20133,93.5,5.9,94.6,4.6,0.6
1131,20134,98.3,1.4,98.2,1.2,0.1
1132,20135,96.0,3.4,95.6,1.7,2.3
1133,20136,99.1,0.6,98.8,0.7,0.1
1134,20137,98.8,0.3,98.1,0.0,0.7
1135,20138,93.0,4.8,92.9,1.9,5.2
1136,20139,95.9,4.1,94.6,4.8,0.3
1137,20140,92.9,6.8,94.3,4.9,0.7
1138,20141,94.2,5.2,94.6,3.9,1.3
1139,20142,96.3,3.1,97.2,2.0,0.0
1140,20143,93.7,5.9,96.9,2.1,0.7
1141,20144,92.2,7.5,91.7,6.3,1.2
1142,20145,86.9,10.1,93.6,4.0,2.1
1143,20146,99.5,0.5,98.9,0.4,0.6
1144,20147,92.6,7.1,93.0,6.7,0.0
1145,20148,99.4,0.3,98.2,0.2,1.6
1146,20149,97.9,0.7,97.1,0.9,1.1
1147,20150,94.6,5.2,97.6,1.9,0.4
1148,20151,96.2,3.8,98.9,0.8,-6.0
1149,20152,97.6,1.9,96.7,0.5,2.8
1150,20153,98.8,0.8,97.7,1.0,1.1
1151,20154,96.6,2.7,90.1,7.9,1.8
1152,20155,99.1,0.4,98.0,0.8,0.6
1153,20156,96.2,1.8,95.3,0.7,3.7
1154,20157,85.7,11.1,95.3,3.4,0.6
1155,20158,99.2,0.3,99.7,0.0,0.2
1156,20159,99.7,0.2,98.4,0.3,1.1
1157,20160,92.7,3.4,92.1,2.9,4.5
1158,20161,94.6,5.0,95.4,3.9,0.6
1159,20162,97.7,1.6,97.0,1.2,1.5
1160,20163,90.7,8.8,91.9,7.8,0.0
1161,20164,95.6,2.9,95.0,2.4,2.4
1162,20165,90.7,8.5,93.4,4.0,2.2
1163,20166,93.3,6.2,95.5,2.5,1.8
1164,20167,98.1,1.1,94.2,4.7,0.8
1165,20168,79.9,17.6,90.4,6.3,2.8
1166,20169,98.5,1.1,99.2,0.5,0.0
1167,20170,99.5,0.3,97.3,2.3,0.3
1168,20171,98.6,1.3,97.9,1.8,-6.0
1169,20172,91.9,7.2,92.8,6.5,0.7
1170,20173,94.9,2.9,95.5,1.6,2.7
1171,20174,93.0,5.3,97.5,0.7,0.6
1172,20175,97.6,1.9,96.9,1.1,1.9
1173,20176,94.3,4.3,96.2,2.9,0.3
1174,20177,94.6,5.1,96.5,2.5,0.7
1175,20178,90.0,8.7,95.8,2.2,1.3
1176,20179,97.1,2.7,96.6,1.6,1.7
1177,20180,76.9,20.6,91.1,4.7,3.7
1178,20181,87.1,12.7,94.4,4.8,-6.0
1179,20182,96.9,2.9,95.1,4.4,0.0
1180,20183,86.4,12.7,94.4,2.6,2.9
1181,20184,82.0,17.0,94.2,4.5,0.8
1182,20185,92.0,6.2,95.4,1.8,2.2
1183,20186,84.3,11.6,86.5,8.1,5.4
1184,20187,97.2,2.8,94.9,4.8,0.2
1185,20188,96.8,2.8,97.5,1.6,0.6
1186,20189,99.2,0.3,99.2,0.3,0.3
1187,20190,87.5,11.6,95.1,2.8,1.4
1188,20191,96.3,3.4,92.1,6.2,1.7
1189,20192,93.4,6.0,95.2,2.7,1.9
1190,20193,93.8,4.9,93.3,2.2,4.4
1191,20194,97.2,1.1,93.5,1.3,5.2
1192,20195,95.4,4.5,94.3,5.2,0.3
1193,20196,94.8,3.2,96.0,0.8,2.7
1194,20197,93.9,3.9,93.7,3.1,3.1
1195,20198,95.2,4.2,96.9,2.3,0.3
1196,20199,92.1,7.3,94.2,3.6,0.8
1197,20200,99.2,0.4,98.9,0.5,0.4
1198,20201,99.4,0.3,99.5,0.2,-6.0
1199,20202,98.4,0.2,98.3,0.3,1.1
1200,20203,97.8,1.4,95.7,1.6,2.5
1201,20204,96.2,2.5,93.1,2.3,4.7
1202,20205,96.2,3.4,97.3,1.7,0.8
1203,20206,90.0,9.7,93.9,4.5,1.1
1204,20207,92.6,6.6,95.8,1.9,1.6
1205,20208,91.5,3.3,85.5,2.6,11.4
1206,20209,99.7,-6.0,99.2,0.5,-6.0
1207,20210,97.7,1.2,93.6,1.4,4.2
1208,20211,99.7,0.2,99.7,-6.0,0.1
1209,20212,99.8,-6.0,99.7,-6.0,0.2
1210,20213,97.2,0.3,95.6,0.3,4.0
1211,20214,94.2,3.0,92.4,1.6,5.7
1212,20215,91.4,8.0,92.1,5.2,2.2
1213,20216,96.4,2.3,97.5,1.0,1.6
1214,20217,98.0,1.8,97.3,1.5,0.8
1215,20218,94.4,4.8,93.1,4.9,2.0
1216,20219,95.3,2.5,96.8,1.2,1.9
1217,20220,97.6,2.3,97.2,2.3,0.3
1218,20221,92.2,4.5,97.7,1.5,0.4
1219,20222,98.8,1.1,98.0,1.5,0.4
1220,20223,100.0,0.0,98.8,0.0,1.0
1221,20224,92.5,7.2,96.6,2.0,1.3
1222,20225,98.3,1.5,98.3,1.1,0.5
1223,20226,95.3,4.4,95.7,2.5,1.8
1224,20227,91.6,7.0,96.2,2.0,1.0
1225,20228,93.5,6.5,95.4,4.6,0.0
1226,20229,99.9,-6.0,99.8,0.1,0.1
1227,20230,91.5,7.3,90.4,4.4,5.3
1228,20231,99.8,0.2,99.7,0.1,-6.0
1229,20232,98.1,1.6,98.0,1.5,0.3
1230,20233,99.1,-6.0,97.3,-6.0,2.4
1231,20234,97.8,2.1,98.4,1.5,0.0
1232,20235,96.6,2.5,93.1,3.5,3.3
1233,20236,99.9,0.0,99.9,0.0,-6.0
1234,20237,85.7,12.0,91.0,5.1,3.5
1235,20238,98.5,1.2,98.9,-6.0,0.4
1236,20239,90.2,8.8,91.3,6.1,2.2
1237,20240,95.4,3.3,95.2,1.8,2.6
1238,20241,93.0,4.9,90.9,3.5,5.6
1239,20242,94.4,1.1,95.8,1.0,2.5
1240,20243,95.1,3.4,95.2,1.5,2.8
1241,20244,90.5,8.9,96.9,2.5,0.2
1242,20245,93.1,5.7,94.6,2.4,2.9
1243,20246,96.8,2.9,96.4,2.5,1.1
1244,20247,97.8,1.4,97.1,2.0,0.7
1245,20248,99.4,0.4,98.7,1.1,0.1
1246,20249,95.9,4.1,94.8,5.0,-6.0
1247,20250,94.8,5.1,96.5,3.1,0.4
1248,20251,91.7,7.8,98.0,-6.0,1.7
1249,20252,94.4,5.1,93.8,4.5,1.4
1250,20253,99.4,0.4,99.0,0.3,0.2
1251,20254,97.9,1.3,98.5,0.8,0.3
1252,20255,94.2,4.9,93.8,3.4,2.8
1253,20256,88.0,10.7,89.8,8.8,-6.0
1254,20257,97.9,1.9,97.1,1.6,1.3
1255,20258,94.8,5.2,95.3,4.3,0.4
1256,20259,93.1,5.7,92.2,4.9,2.8
1257,20260,98.6,0.6,97.9,0.3,1.7
1258,20261,96.5,3.1,96.4,1.6,1.8
1259,20262,96.4,3.1,93.9,2.6,2.9
1260,20263,98.8,0.8,96.5,2.5,0.9
1261,20264,95.6,3.8,94.2,2.7,2.6
1262,20265,88.8,3.5,97.2,2.2,0.4
1263,20266,98.8,1.1,98.4,0.5,1.0
1264,20267,98.0,-6.0,98.9,0.0,-6.0
1265,20268,95.7,3.4,96.1,2.2,1.6
1266,20269,92.8,6.6,92.3,6.2,1.2
1267,20270,97.1,2.9,98.0,1.6,0.2
1268,20271,97.5,1.4,96.9,1.5,1.4
1269,20272,98.6,0.6,98.1,0.3,1.2
1270,20273,99.0,0.9,97.3,1.6,0.9
1271,20274,98.8,1.2,97.4,2.2,0.3
1272,20275,99.8,0.0,99.6,0.1,0.0
1273,20276,93.8,6.1,90.0,9.6,-6.0
1274,20277,98.5,0.7,97.2,0.5,1.6
1275,20278,85.5,13.6,96.3,2.5,0.7
1276,20279,99.1,0.6,98.0,0.6,1.0
1277,20280,96.9,2.2,94.8,2.5,2.3
1278,20281,87.3,12.0,83.8,14.5,1.4
1279,20282,99.0,1.0,98.5,1.2,-6.0
1280,20283,92.4,7.1,94.7,5.2,-6.0
1281,20284,98.9,0.6,96.6,2.9,0.2
1282,20285,95.2,4.2,97.0,1.8,0.9
1283,20286,93.0,5.7,92.9,2.7,4.3
1284,20287,96.5,3.5,96.6,2.8,-6.0
1285,20288,99.5,-6.0,98.4,0.9,0.7
1286,20289,96.7,2.6,95.7,1.9,2.1
1287,20290,90.4,7.9,92.5,3.0,4.6
1288,20291,98.9,1.1,96.5,2.0,1.4
1289,20292,99.5,-6.0,97.8,0.3,1.8
1290,20293,86.5,12.0,95.1,3.8,0.8
1291,20294,90.4,9.0,95.4,2.7,1.5
1292,20295,95.7,3.0,94.9,0.9,3.5
1293,20296,97.0,1.9,97.0,1.1,1.5
1294,20297,96.0,1.0,93.5,1.2,5.2
1295,20298,95.4,3.3,94.7,3.3,1.8
1296,20299,97.5,2.1,95.8,2.2,1.8
1297,20300,97.5,2.0,97.2,1.3,1.3
1298,20301,93.6,4.6,94.7,2.1,2.5
1299,20302,98.4,1.4,98.7,0.5,0.6
1300,20303,98.1,1.2,97.3,1.5,1.1
1301,20304,97.5,2.5,98.8,0.9,-6.0
1302,20305,93.2,6.0,95.7,3.8,0.4
1303,20306,98.1,0.1,98.9,0.4,0.4
1304,20307,98.0,1.6,98.2,1.2,0.5
1305,20308,98.3,1.7,97.8,2.0,0.1
1306,20309,97.2,2.3,97.4,2.3,0.1
1307,20310,94.3,4.5,95.9,1.6,1.9
1308,20311,95.4,3.1,96.9,1.7,-6.0
1309,20312,97.0,2.7,97.3,1.9,0.4
1310,20313,98.0,2.0,97.1,2.3,-6.0
1311,20314,98.4,1.2,96.0,1.2,2.7
1312,20315,96.4,0.6,96.9,0.4,2.5
1313,20316,94.0,4.5,95.3,2.2,2.0
1314,20317,94.3,4.6,96.3,1.5,1.7
1315,20318,90.8,7.2,94.9,2.6,1.9
1316,20319,99.7,-6.0,98.2,0.5,0.9
1317,20320,89.8,8.4,92.7,5.4,1.7
1318,20321,95.8,3.9,96.8,1.7,1.1
1319,20322,94.1,5.9,93.8,6.1,0.0
1320,20323,99.2,0.5,98.8,1.1,0.0
1321,20324,95.8,2.9,96.8,1.3,1.4
1322,20325,99.1,0.5,97.9,0.8,1.2
1323,20326,98.6,1.3,96.5,2.7,0.8
1324,20327,79.0,20.3,92.1,6.2,1.0
1325,20328,99.8,0.0,99.1,0.0,0.4
1326,20329,94.8,4.8,95.4,3.3,0.9
1327,20330,95.9,3.9,94.5,4.3,1.0
1328,20331,90.0,9.6,86.5,12.6,0.6
1329,20332,88.9,11.1,92.2,7.6,-6.0
1330,20333,96.1,2.5,96.5,1.5,1.9
1331,20334,94.0,4.9,95.1,1.5,2.5
1332,20335,99.3,0.3,98.3,-6.0,0.7
1333,20336,96.1,0.4,94.0,-6.0,5.9
1334,20337,96.1,2.2,97.0,2.4,0.3
1335,20338,91.8,7.7,96.7,2.2,0.7
1336,20339,90.1,8.4,95.4,3.0,1.2
1337,20340,90.9,8.1,94.3,3.9,1.1
1338,20341,92.2,7.3,96.2,3.3,-6.0
1339,20342,94.0,5.4,96.9,1.9,1.0
1340,20343,93.0,2.2,96.5,0.9,2.2
1341,20344,98.9,1.0,97.1,1.1,1.4
1342,20345,93.6,5.0,94.5,2.6,2.3
1343,20346,94.9,1.2,95.0,1.9,2.8
1344,20347,99.6,0.3,98.5,0.8,0.5
1345,20348,92.6,6.0,91.9,4.9,3.1
1346,20349,95.0,3.0,95.1,1.2,3.5
1347,20350,86.5,11.1,95.8,3.0,0.6
1348,20351,97.0,1.8,95.1,0.8,3.9
1349,20352,97.6,1.6,98.5,1.0,0.2
1350,20353,94.8,1.1,93.3,0.6,5.4
1351,20354,94.7,4.5,95.1,4.7,-6.0
1352,20355,96.6,3.3,97.2,2.2,0.6
1353,20356,97.1,1.1,94.0,0.5,5.1
1354,20357,98.2,1.8,96.6,2.8,0.6
1355,20358,95.6,3.2,94.2,1.9,3.8
1356,20359,99.1,0.5,98.6,0.5,0.9
1357,20360,94.8,4.1,94.5,3.1,2.3
1358,20361,99.0,0.0,99.8,0.0,0.0
1359,20362,89.1,5.9,91.5,7.1,0.2
1360,20363,98.6,1.2,97.6,0.9,1.4
1361,20364,97.9,1.2,97.8,0.8,0.9
1362,20365,97.2,2.2,96.6,1.7,1.5
1363,20366,99.2,0.7,97.9,1.3,0.5
1364,20367,99.3,0.7,98.2,1.4,0.2
1365,20368,94.6,5.2,93.9,3.6,2.4
1366,20369,95.6,3.0,94.5,0.9,4.3
1367,20370,92.0,8.0,93.5,6.0,-6.0
1368,20371,88.4,11.2,90.0,9.9,0.0
1369,20372,96.7,3.2,95.1,3.3,1.4
1370,20373,92.6,7.4,93.2,6.0,0.7
1371,20374,95.6,3.5,95.7,4.0,0.0
1372,20375,90.9,6.8,96.7,1.9,1.1
1373,20376,92.6,6.0,90.2,2.5,7.4
1374,20377,96.8,2.7,96.5,1.9,1.3
1375,20378,95.9,2.8,93.5,2.0,4.3
1376,20379,96.1,2.7,96.6,2.0,1.4
1377,20380,94.2,4.6,94.9,2.7,2.0
1378,20381,92.6,6.0,93.0,2.5,4.5
1379,20382,97.8,2.2,97.9,1.7,0.3
1380,20383,95.4,3.9,94.2,4.9,0.5
1381,20384,96.7,1.2,96.1,1.4,2.1
1382,20385,91.1,7.2,96.5,2.3,0.6
1383,20386,99.8,0.1,99.2,0.1,0.6
1384,20387,95.2,4.0,92.9,2.6,4.0
1385,20388,97.3,2.1,95.1,2.1,2.4
1386,20389,96.3,0.8,94.4,0.5,1.8
1387,20390,88.5,9.9,95.4,3.5,0.7
1388,20391,99.7,0.2,98.7,0.7,0.5
1389,20392,97.4,2.6,97.3,2.2,0.2
1390,20393,98.9,0.6,97.3,0.2,2.0
1391,20394,98.6,1.1,98.6,0.9,0.2
1392,20395,93.2,6.8,95.4,4.4,-6.0
1393,20396,98.6,1.3,97.7,1.8,-6.0
1394,20397,92.9,6.1,94.6,3.1,2.1
1395,20398,96.3,2.8,94.4,1.3,4.1
1396,20399,92.0,7.0,96.3,2.2,1.1
1397,20400,92.8,6.7,92.7,3.7,3.3
1398,20401,93.0,5.5,95.0,2.3,1.8
1399,20402,75.3,20.9,91.1,5.8,2.4
1400,20403,92.9,5.7,95.0,3.2,1.1
1401,20404,93.5,6.0,94.8,2.4,2.0
1402,20405,94.6,4.7,93.0,3.6,3.2
1403,20406,97.4,2.4,98.3,1.5,0.0
1404,20407,75.0,9.7,96.2,2.9,0.4
1405,20408,89.6,10.0,93.4,5.0,0.9
1406,20409,87.0,11.7,95.3,3.9,0.4
1407,20410,99.3,0.5,98.3,1.0,0.5
1408,20411,92.5,7.0,96.9,1.6,1.5
1409,20412,97.6,2.2,96.7,2.3,0.9
1410,20413,84.7,12.7,93.8,4.4,1.2
1411,20414,94.3,4.8,94.4,2.7,2.5
1412,20415,96.4,2.0,97.5,0.3,1.9
1413,20416,97.3,2.5,98.0,1.4,-6.0
1414,20417,93.7,5.6,95.8,1.9,2.2
1415,20418,94.4,4.9,93.6,4.0,2.1
1416,20419,93.7,3.3,94.6,1.7,3.6
1417,20420,98.8,0.9,98.7,0.9,0.4
1418,20421,94.8,5.0,95.6,3.6,0.6
1419,20422,95.3,4.7,92.8,7.2,0.0
1420,20423,93.1,6.9,94.6,5.3,-6.0
1421,20424,99.6,0.1,99.3,0.1,0.2
1422,20425,98.6,1.4,98.6,1.0,0.3
1423,20426,98.9,0.8,99.0,0.6,0.2
1424,20427,91.2,7.5,96.5,2.4,0.8
1425,20428,99.0,0.7,97.7,1.2,0.3
1426,20429,96.3,3.2,96.5,1.8,1.6
1427,20430,90.9,9.1,92.1,7.9,0.0
1428,20431,91.8,7.6,95.9,2.9,0.9
1429,20432,97.1,2.7,95.5,2.2,2.2
1430,20433,99.4,0.2,97.7,0.2,1.5
1431,20434,94.9,5.0,93.4,6.3,0.1
1432,20435,99.2,0.6,97.2,2.1,0.5
1433,20436,98.9,0.4,99.6,-6.0,0.3
1434,20437,98.9,1.1,96.9,2.6,0.4
1435,20438,95.6,4.4,96.0,3.8,-6.0
1436,20439,97.3,1.6,97.4,0.9,1.3
1437,20440,99.1,0.6,98.2,1.0,0.7
1438,20441,98.7,1.1,96.9,2.8,0.1
1439,20442,96.0,3.7,96.1,1.5,-6.0
1440,20443,90.6,8.9,91.5,7.3,1.2
1441,20444,97.2,2.6,89.6,8.0,2.2
1442,20445,93.4,5.4,96.6,2.0,1.2
1443,20446,97.1,2.2,94.1,2.4,3.3
1444,20447,96.1,1.9,95.8,0.5,3.3
1445,20448,100.0,0.0,99.3,-6.0,-6.0
1446,20449,98.7,0.3,96.3,0.2,3.4
1447,20450,99.4,0.4,99.1,0.5,0.4
1448,20451,97.5,1.9,96.9,2.5,-6.0
1449,20452,97.3,1.5,97.4,1.2,1.1
1450,20453,95.8,3.9,96.5,2.5,1.0
1451,20454,99.5,0.4,99.4,0.4,0.1
1452,20455,92.7,6.4,96.9,1.4,1.5
1453,20456,91.5,7.8,91.4,6.8,1.6
1454,20457,99.6,0.1,98.4,0.4,0.9
1455,20458,98.5,0.6,96.4,0.5,3.1
1456,20459,85.2,14.0,91.0,7.1,1.3
1457,20460,97.3,2.0,97.0,1.0,1.9
1458,20461,95.6,2.9,93.1,3.2,3.7
1459,20462,91.3,7.6,93.9,2.9,3.1
1460,20463,95.6,4.2,97.1,2.4,-6.0
1461,20464,86.3,13.5,90.0,9.6,-6.0
1462,20465,99.6,0.2,98.8,0.7,-6.0
1463,20466,99.3,0.3,99.2,0.1,0.4
1464,20467,95.7,3.2,95.4,1.7,1.6
1465,20468,96.9,2.6,96.6,1.5,1.2
1466,20469,92.1,4.4,94.5,2.4,2.6
1467,20470,99.2,0.3,99.5,0.3,-6.0
1468,20471,96.6,3.4,96.0,3.5,0.0
1469,20472,94.6,5.2,94.5,5.1,0.2
1470,20473,97.3,2.7,97.1,2.3,0.5
1471,20474,82.9,15.3,91.0,5.1,3.4
1472,20475,96.7,1.2,94.4,1.0,4.4
1473,20476,87.8,11.5,93.9,4.3,1.6
1474,20477,98.7,0.3,98.0,0.0,1.9
1475,20478,95.2,4.7,95.6,3.5,0.6
1476,20479,97.7,2.3,96.6,2.9,0.0
1477,20480,96.9,2.8,94.4,3.7,1.8
1478,20481,98.5,1.3,97.6,1.6,0.7
1479,20482,91.3,7.5,95.0,3.0,1.4
1480,20483,95.5,4.3,97.7,1.4,0.7
1481,20484,93.8,4.3,94.8,1.5,3.7
1482,20485,83.1,14.7,96.2,2.5,1.0
1483,20486,92.0,7.7,94.9,4.4,0.3
1484,20487,96.6,3.0,97.0,2.7,0.2
1485,20488,90.8,9.2,87.5,10.8,0.0
1486,20489,98.0,1.6,98.0,1.0,0.8
1487,20490,96.1,3.8,97.3,2.6,0.0
1488,20491,99.3,0.5,98.8,0.2,0.5
1489,20492,95.2,4.7,95.7,3.8,-6.0
1490,20493,86.8,12.8,94.2,4.7,1.0
1491,20494,98.0,1.9,97.0,2.0,0.7
1492,20495,98.7,0.0,97.9,0.0,0.0
1493,20496,94.7,4.8,94.3,4.3,1.4
1494,20497,99.1,0.1,98.3,-6.0,1.3
1495,20498,77.7,21.3,92.8,4.6,2.0
1496,20499,90.7,6.9,95.6,2.9,1.3
1497,20500,94.6,4.6,93.9,3.6,2.2
1498,20501,90.7,6.2,90.6,3.5,5.7
1499,20502,99.8,0.2,99.3,0.6,-6.0
1500,20503,96.5,2.7,96.5,1.5,1.5
1501,20504,98.4,0.7,95.4,0.6,4.0
1502,20505,94.2,5.6,95.3,4.1,0.4
1503,20506,96.2,2.8,97.4,1.4,1.1
1504,20507,86.4,11.6,95.4,2.2,2.2
1505,20508,90.4,9.6,96.2,3.7,-6.0
1506,20509,99.3,0.3,98.1,0.8,0.9
1507,20510,91.4,7.8,95.5,3.4,1.0
1508,20511,98.8,0.9,98.5,0.9,0.1
1509,20512,99.6,-6.0,98.8,-6.0,0.9
1510,20513,95.9,3.7,94.2,4.7,0.9
1511,20514,99.1,0.3,97.9,1.0,0.8
1512,20515,92.1,6.9,95.9,3.3,0.5
1513,20516,98.4,0.7,97.0,0.3,2.5
1514,20517,98.6,0.9,96.9,1.7,1.0
1515,20518,94.8,5.2,93.6,6.4,0.0
1516,20519,94.2,3.7,94.9,1.2,3.6
1517,20520,91.3,6.3,92.1,3.4,4.4
1518,20521,95.3,4.3,95.7,3.9,-6.0
1519,20522,97.1,2.9,96.3,3.6,-6.0
1520,20523,91.8,7.4,94.8,3.7,1.0
1521,20524,97.6,1.4,96.5,2.0,1.2
1522,20525,90.9,8.0,95.4,3.8,0.3
1523,20526,98.9,0.5,97.7,0.4,1.3
1524,20527,99.6,0.2,98.9,0.8,0.0
1525,20528,92.7,3.2,91.4,1.6,6.4
1526,20529,98.0,2.0,99.5,0.3,-6.0
1527,20530,97.0,2.3,95.9,1.7,2.1
1528,20531,96.3,3.1,96.9,1.2,1.8
1529,20532,97.0,2.9,96.7,2.7,0.6
1530,20533,95.8,4.0,95.7,2.6,1.3
1531,20534,98.8,0.3,97.3,0.2,2.2
1532,20535,99.3,0.3,98.0,0.2,1.6
1533,20536,89.9,9.5,91.0,8.8,-6.0
1534,20537,92.7,5.2,93.1,2.5,4.1
1535,20538,93.3,6.0,94.5,3.8,1.7
1536,20539,93.3,6.3,96.8,2.2,0.8
1537,20540,93.1,6.2,96.4,2.3,0.9
1538,20541,98.2,1.1,94.0,3.4,2.0
1539,20542,96.4,3.1,96.4,0.9,2.6
1540,20543,99.4,0.3,98.7,0.2,1.0
1541,20544,97.9,-6.0,95.6,0.3,4.0
1542,20545,80.4,18.9,94.2,4.3,0.5
1543,20546,96.3,2.8,96.5,1.3,1.8
1544,20547,89.1,9.1,91.0,7.0,1.9
1545,20548,86.4,13.4,92.5,6.8,0.3
1546,20549,96.2,2.4,94.4,1.8,3.3
1547,20550,92.9,4.4,96.8,1.1,1.9
1548,20551,92.1,6.6,95.3,2.5,1.9
1549,20552,87.1,12.7,91.5,8.0,0.0
1550,20553,91.1,8.1,96.5,1.9,1.0
1551,20554,97.7,2.1,97.6,1.3,1.0
1552,20555,97.7,2.0,98.3,0.9,0.7
1553,20556,92.8,6.8,92.0,8.0,0.0
1554,20557,96.3,3.3,97.6,2.2,0.1
1555,20558,93.1,6.2,95.9,3.0,0.8
1556,20559,96.5,2.9,95.6,1.6,2.4
1557,20560,97.5,1.9,96.5,1.4,1.8
1558,20561,97.2,2.6,95.6,2.4,1.9
1559,20562,88.1,11.8,91.9,8.0,-6.0
1560,20563,95.2,1.8,92.7,1.0,5.3
1561,20564,94.6,5.0,95.5,4.1,-6.0
1562,20565,93.8,5.3,96.5,1.9,1.3
1563,20566,98.7,0.9,98.9,0.6,0.2
1564,20567,87.1,10.6,96.7,1.5,1.7
1565,20568,93.5,5.5,91.9,3.0,4.9
1566,20569,95.5,3.9,95.8,3.6,0.4
1567,20570,94.5,4.5,95.3,1.8,2.4
1568,21001,94.3,4.8,96.1,1.9,1.5
1569,21002,81.5,18.3,94.6,4.3,0.7
1570,21003,90.6,7.0,94.8,2.5,2.1
1571,21004,94.7,3.9,97.3,1.6,0.6
1572,21005,92.1,7.4,98.3,0.6,0.9
1573,21006,98.5,1.1,97.9,1.3,0.1
1574,21007,95.8,2.2,96.4,1.4,1.9
1575,21008,77.2,22.5,94.1,5.1,0.5
1576,21009,95.8,2.4,96.2,1.4,2.1
1577,21010,97.6,2.0,98.3,0.6,0.6
1578,21011,88.7,7.5,95.9,1.7,1.5
1579,21012,96.1,2.8,95.8,1.4,2.1
1580,21013,96.7,3.0,97.7,1.3,0.5
1581,21014,98.9,1.0,98.2,1.2,0.2
1582,21015,90.9,8.6,97.7,1.4,0.2
1583,21016,94.4,5.4,94.9,4.2,0.7
1584,21017,96.6,3.2,97.6,1.8,0.1
1585,21018,93.6,6.0,94.4,4.4,0.8
1586,21019,90.4,7.6,95.3,2.2,1.9
1587,21020,96.7,1.6,97.8,0.8,0.7
1588,21021,91.9,6.6,96.9,0.7,2.0
1589,21022,94.8,4.2,95.7,1.1,2.9
1590,21023,93.1,6.2,96.8,1.1,1.3
1591,21024,85.3,6.4,92.4,2.7,4.8
1592,21025,95.1,4.6,97.2,2.0,0.4
1593,21026,94.5,4.3,95.9,1.6,2.2
1594,21027,93.8,5.8,96.3,2.7,0.6
1595,21028,98.8,0.3,99.0,0.7,0.0
1596,21029,97.5,2.3,98.7,1.1,-6.0
1597,21030,97.8,1.5,96.7,0.4,2.9
1598,21031,95.5,3.0,97.0,1.0,1.8
1599,21032,92.4,2.5,95.4,0.9,3.5
1600,21033,90.3,9.1,97.3,1.3,1.3
1601,21034,94.2,3.7,97.6,1.1,1.0
1602,21035,95.1,4.5,97.9,1.1,0.6
1603,21036,99.4,0.5,99.5,0.3,0.1
1604,21037,94.1,5.0,94.9,4.0,0.8
1605,21038,94.6,5.1,97.7,1.7,0.4
1606,21039,97.0,2.4,96.9,1.6,0.4
1607,21040,96.8,2.6,98.4,0.6,0.6
1608,21041,84.3,13.7,94.3,4.4,0.6
1609,21042,95.8,2.7,96.9,1.5,0.9
1610,21043,97.9,1.9,98.4,1.1,0.2
1611,21044,96.2,3.5,97.4,1.7,0.7
1612,21045,93.0,6.3,96.8,2.0,0.7
1613,21046,91.9,7.8,96.4,2.6,0.8
1614,21047,91.3,6.2,95.9,1.5,2.2
1615,21048,94.7,4.5,96.8,1.5,1.2
1616,21049,98.6,1.0,98.1,1.1,0.3
1617,21050,96.3,3.4,98.2,1.3,0.2
1618,21051,88.5,9.2,94.1,1.6,3.8
1619,21052,90.8,9.0,93.1,6.5,0.0
1620,21053,89.0,10.5,95.3,3.4,0.9
1621,21054,94.9,4.8,97.5,1.8,0.3
1622,21055,84.9,13.7,95.1,2.9,1.7
1623,21056,94.3,1.7,96.4,1.4,1.6
1624,21057,64.6,34.2,93.1,3.9,2.5
1625,21058,97.0,2.7,96.3,2.8,0.5
1626,21059,91.6,5.1,94.3,2.1,3.2
1627,21060,96.9,2.7,97.6,1.2,0.7
1628,21061,98.1,1.8,98.9,0.7,0.2
1629,21062,92.8,5.1,94.5,1.7,3.6
1630,21063,89.8,9.4,96.6,1.5,1.2
1631,21064,87.9,11.7,97.4,2.0,0.3
1632,21065,94.5,4.8,95.8,3.4,0.3
1633,21066,94.8,3.4,97.2,0.6,1.8
1634,21067,92.6,6.8,96.7,2.5,0.3
1635,21068,98.4,0.9,97.9,0.4,0.6
1636,21069,95.6,2.6,96.0,1.0,2.4
1637,21070,95.0,4.5,96.0,3.1,0.5
1638,21071,88.9,9.2,96.1,3.0,0.6
1639,21072,98.8,1.0,99.2,0.6,0.0
1640,21073,89.4,8.6,93.8,1.8,3.9
1641,21074,91.7,7.0,96.3,2.0,1.1
1642,21075,97.2,2.6,96.4,3.0,0.3
1643,21076,89.3,10.4,96.8,2.3,0.5
1644,21077,99.1,0.7,99.5,0.4,0.0
1645,21078,98.8,0.9,98.6,0.8,0.2
1646,21079,95.3,3.6,96.1,1.7,2.1
1647,21080,98.5,1.5,98.0,1.9,-6.0
1648,21081,85.5,11.9,96.5,1.4,1.8
1649,21082,91.1,8.2,95.4,2.8,1.3
1650,21083,92.1,7.5,95.5,3.1,1.0
1651,21084,99.0,0.8,98.8,0.8,-6.0
1652,21085,91.0,7.1,95.1,1.7,2.5
1653,21086,91.2,8.4,96.1,2.8,0.8
1654,21087,88.6,9.8,95.0,1.4,3.0
1655,21088,97.0,2.8,98.0,1.5,0.3
1656,21089,95.8,3.8,97.5,1.2,1.1
1657,21090,92.6,5.1,95.9,1.7,1.7
1658,21091,85.8,13.8,93.8,5.7,0.4
1659,21092,95.0,4.4,95.3,2.5,1.8
1660,21093,94.7,4.9,97.2,2.4,0.2
1661,21094,92.3,7.2,95.1,3.3,1.2
1662,21095,97.5,1.2,97.9,0.7,0.9
1663,21096,92.9,6.9,97.0,2.2,0.6
1664,21097,96.4,2.5,97.8,0.8,1.0
1665,21098,96.5,2.3,96.1,0.8,2.2
1666,21099,91.5,8.0,95.8,2.1,1.6
1667,21100,98.2,1.4,97.9,1.4,0.3
1668,21101,96.9,3.1,97.1,2.0,0.7
1669,21102,96.7,2.2,97.0,1.0,1.7
1670,21103,93.8,5.6,95.8,2.9,0.6
1671,21104,91.2,8.3,97.5,1.6,0.4
1672,21105,92.4,7.4,94.1,4.8,1.0
1673,21106,95.0,2.4,96.5,0.7,1.9
1674,21107,98.7,0.9,98.1,0.5,0.0
1675,21108,88.2,11.5,96.8,2.6,0.2
1676,21109,89.7,9.7,94.1,3.1,2.4
1677,21110,94.3,5.0,96.1,2.0,1.4
1678,21111,90.7,8.9,94.7,4.5,0.3
1679,21112,91.0,7.9,94.3,2.5,2.5
1680,21113,90.1,6.5,95.0,1.4,3.3
1681,21114,83.0,13.9,95.9,3.1,0.3
1682,21115,94.9,3.1,97.6,1.1,0.7
1683,21116,95.8,3.8,98.1,1.0,0.5
1684,21117,89.0,10.6,97.8,1.3,0.2
1685,21118,96.6,2.9,97.5,1.3,0.6
1686,21119,81.1,16.0,92.3,5.9,0.4
1687,21120,98.5,1.4,99.0,0.5,0.5
1688,21121,96.9,2.4,97.0,1.0,1.7
1689,21122,91.4,7.4,94.9,3.9,1.0
1690,21123,99.3,0.5,99.2,0.4,0.1
1691,21124,92.9,6.7,95.3,3.0,1.4
1692,21125,91.4,6.6,96.5,1.8,0.8
1693,21126,95.0,3.6,96.6,1.9,1.1
1694,21127,93.2,6.0,93.4,4.4,2.1
1695,21128,88.3,11.2,97.2,1.7,0.3
1696,21129,97.6,1.8,95.8,1.2,2.1
1697,21130,95.1,4.2,97.4,1.4,1.0
1698,21131,94.2,5.5,98.4,1.2,-6.0
1699,21132,87.4,11.7,96.2,2.6,0.6
1700,21133,92.5,2.6,95.9,-6.0,3.2
1701,21134,89.5,9.8,95.3,2.5,1.2
1702,21135,86.0,13.3,91.4,7.3,1.1
1703,21136,87.5,11.0,96.9,2.1,0.2
1704,21137,95.2,4.5,96.5,2.9,0.2
1705,21138,96.4,2.8,96.9,1.7,0.9
1706,21139,93.4,4.7,95.5,1.8,2.3
1707,21140,87.9,10.5,95.8,2.9,0.6
1708,21141,93.1,5.4,96.4,1.6,1.7
1709,21142,95.9,3.5,96.4,2.4,0.4
1710,21143,92.0,7.3,96.4,1.9,0.8
1711,21144,95.6,3.5,98.3,1.1,0.2
1712,21145,96.0,3.9,98.4,1.2,0.1
1713,21146,86.3,13.2,86.4,13.3,-6.0
1714,21147,95.6,3.8,95.7,2.2,1.5
1715,21148,95.2,2.9,95.8,1.0,1.9
1716,21149,89.2,10.2,97.4,1.6,0.6
1717,21150,96.7,2.4,96.8,1.4,1.6
1718,21151,95.0,3.9,97.1,1.2,1.4
1719,21152,93.6,5.6,95.4,2.4,1.7
1720,21153,95.3,4.0,96.9,1.3,1.0
1721,21154,92.8,5.3,96.6,1.8,0.9
1722,21155,78.4,19.2,85.5,12.4,1.7
1723,21156,82.2,16.5,95.4,3.5,0.6
1724,21157,94.7,2.9,95.7,1.1,2.3
1725,21158,91.1,8.4,96.5,2.4,0.6
1726,21159,97.2,1.5,96.5,1.0,2.0
1727,21160,80.3,17.5,93.8,2.6,3.1
1728,21161,93.7,5.4,96.1,1.0,2.6
1729,21162,97.9,1.9,98.3,1.5,0.1
1730,21163,97.4,2.1,97.5,1.6,0.6
1731,21164,95.2,4.2,97.7,1.0,0.8
1732,21165,98.9,0.6,97.6,0.5,1.5
1733,21166,92.8,4.8,94.6,1.1,3.8
1734,21167,98.1,1.3,97.6,1.5,0.2
1735,21168,95.0,3.9,97.1,1.1,1.5
1736,21169,93.7,5.5,95.8,2.3,1.4
1737,21170,86.0,13.6,96.1,3.0,0.2
1738,21171,96.1,3.4,97.5,1.2,1.2
1739,21172,94.0,5.5,95.6,3.1,0.7
1740,21173,92.6,7.2,97.1,2.3,0.5
1741,21174,87.5,11.4,96.4,2.8,0.3
1742,21175,94.8,3.3,96.3,1.1,1.9
1743,21176,90.9,7.0,95.5,2.0,2.1
1744,21177,96.1,3.2,95.2,2.7,1.7
1745,21178,93.5,6.2,94.0,4.0,1.4
1746,21179,95.1,4.5,96.8,2.3,0.6
1747,21180,89.6,9.9,96.6,2.5,0.5
1748,21181,88.8,9.3,96.6,1.4,1.7
1749,21182,95.6,4.2,98.1,1.1,0.3
1750,21183,98.6,0.9,98.1,0.7,0.5
1751,21184,98.2,1.5,97.5,1.1,1.0
1752,21185,95.2,3.2,95.7,1.0,2.8
1753,21186,94.6,5.0,96.0,2.8,0.8
1754,21187,85.5,14.2,94.9,3.7,1.2
1755,21188,92.7,6.2,96.0,1.2,2.4
1756,21189,95.6,3.7,96.9,1.3,1.2
1757,21190,91.1,8.5,93.2,6.2,0.6
1758,21191,86.1,10.4,93.9,2.1,3.5
1759,21192,95.5,4.3,95.8,3.2,0.2
1760,21193,98.7,0.4,98.7,0.3,0.4
1761,21194,75.7,23.7,92.5,5.8,1.2
1762,21195,96.3,3.0,96.0,1.6,2.0
1763,21196,91.8,7.0,90.6,5.1,3.8
1764,21197,90.8,8.9,96.1,3.3,0.4
1765,21198,95.4,3.6,96.3,0.9,2.3
1766,21199,90.2,9.4,96.7,2.4,0.6
1767,21200,94.7,4.9,97.0,2.1,0.3
1768,21201,94.3,1.3,96.9,1.0,1.8
1769,21202,98.3,1.6,98.0,1.2,0.2
1770,21203,95.4,3.8,96.1,1.7,1.6
1771,21204,97.2,2.6,97.6,1.7,0.1
1772,21205,95.5,3.1,96.5,1.1,1.8
1773,21206,94.9,3.6,94.0,2.0,3.7
1774,21207,95.6,3.7,96.3,2.4,0.7
1775,21208,91.6,7.6,95.4,3.6,0.6
1776,21209,95.3,3.7,96.4,1.3,2.1
1777,21210,96.8,3.0,96.2,3.3,0.1
1778,21211,89.8,9.8,95.2,3.3,1.1
1779,21212,95.9,3.3,97.1,2.2,0.3
1780,21213,93.7,6.0,97.4,1.6,0.7
1781,21214,96.7,2.9,97.8,0.8,0.5
1782,21215,99.1,0.8,99.0,0.6,0.2
1783,21216,96.5,3.4,97.0,2.7,0.1
1784,21217,98.4,1.4,97.4,2.2,0.1
1785,22001,92.0,7.2,96.2,1.7,1.6
1786,22002,95.1,3.9,96.2,1.2,2.0
1787,22003,80.3,18.0,92.5,2.6,4.3
1788,22004,91.0,8.0,95.2,1.8,2.7
1789,22005,95.1,4.5,97.8,1.0,0.7
1790,22006,60.7,37.2,87.3,11.3,0.6
1791,22007,89.0,9.8,96.1,1.8,1.5
1792,22008,94.0,5.1,95.0,1.4,2.8
1793,22009,86.3,12.1,92.6,3.2,3.7
1794,22010,87.3,10.9,92.3,2.3,5.2
1795,22011,87.9,11.1,95.0,3.9,0.7
1796,22012,91.9,7.5,96.8,1.8,0.7
1797,22013,91.5,7.7,95.8,1.6,2.3
1798,22014,66.8,31.1,91.4,7.3,0.6
1799,22015,92.3,5.8,94.5,1.2,4.0
1800,22016,72.7,26.3,91.7,6.6,1.2
1801,22017,85.7,13.4,95.4,3.1,1.0
1802,22018,93.7,5.6,96.9,1.6,1.2
1803,23001,48.1,49.3,91.6,7.2,0.4
1804,23002,82.4,16.1,97.8,1.5,0.1
1805,23003,45.2,52.3,88.9,9.3,0.6
1806,23004,60.8,36.9,94.0,4.6,0.5
1807,23005,33.3,61.8,82.8,14.3,0.5
1808,23006,70.4,29.2,98.3,0.9,0.3
1809,23007,63.0,36.3,96.9,2.3,0.0
1810,23008,29.2,65.2,67.5,28.0,0.8
1811,23009,45.2,50.6,83.9,13.6,0.5
1812,24001,95.6,3.3,96.7,0.9,1.8
1813,24002,96.1,2.8,95.6,0.9,3.3
1814,24003,96.6,2.9,97.4,1.5,0.7
1815,24004,96.4,2.8,96.2,1.7,1.6
1816,24005,92.5,6.2,95.1,1.8,2.8
1817,24006,92.7,6.3,95.3,2.7,1.0
1818,24007,91.2,7.7,94.8,2.6,2.2
1819,24008,93.2,5.2,94.7,1.7,2.8
1820,24009,90.7,7.7,98.0,0.9,0.9
1821,24010,88.0,11.0,95.5,2.0,2.1
1822,24011,91.8,6.6,95.0,1.5,3.3
1823,24012,96.1,3.4,97.8,1.8,0.2
1824,24013,86.0,10.7,95.9,2.9,0.7
1825,24014,96.1,3.6,96.2,3.3,0.1
1826,24015,94.5,5.0,96.7,2.2,0.7
1827,24016,76.4,22.8,93.6,4.3,1.6
1828,24017,87.7,11.2,95.9,2.1,1.4
1829,24018,95.4,4.2,96.6,2.5,0.3
1830,24019,92.1,6.0,94.5,1.2,4.0
1831,24020,87.9,10.9,95.6,2.6,1.5
1832,24021,96.6,2.6,96.9,0.7,1.8
1833,24022,95.2,3.6,95.8,0.8,2.7
1834,24023,91.5,6.0,94.3,1.3,4.1
1835,24024,90.5,7.5,94.9,1.9,2.7
1836,24025,83.9,14.8,94.0,1.9,3.6
1837,24026,98.0,1.9,97.9,1.6,0.0
1838,24027,89.5,8.0,95.4,1.0,3.3
1839,24028,84.7,13.1,95.8,3.0,0.7
1840,24029,91.4,8.2,95.5,3.8,0.5
1841,24030,95.5,3.1,96.1,0.9,2.6
1842,24031,98.3,1.1,98.1,0.3,1.3
1843,24032,95.3,3.3,96.7,0.9,1.7
1844,24033,70.6,27.1,92.2,2.3,5.1
1845,24034,84.5,15.2,94.9,4.1,0.7
1846,24035,86.9,11.2,96.1,2.7,0.6
1847,24036,91.7,6.4,95.1,1.4,2.9
1848,24037,91.7,7.5,96.3,2.8,0.4
1849,24038,94.6,5.1,96.4,3.1,0.1
1850,24039,95.2,4.4,96.4,2.7,0.3
1851,24040,87.3,12.0,94.4,3.8,1.6
1852,24041,97.5,2.3,97.2,2.0,0.2
1853,24042,89.1,10.3,95.0,3.6,0.9
1854,24043,91.7,6.3,94.9,1.3,3.1
1855,24044,92.0,7.6,95.4,2.9,1.1
1856,24045,94.7,4.4,96.4,1.9,1.4
1857,24046,86.1,12.9,96.1,1.8,1.8
1858,24047,94.7,4.2,95.7,1.9,2.2
1859,24048,93.6,5.5,95.8,2.3,1.5
1860,24049,68.9,29.6,93.0,1.7,4.8
1861,24050,93.8,5.2,96.7,1.7,1.0
1862,24051,95.0,3.9,97.7,1.1,0.8
1863,24052,95.5,2.7,94.0,0.7,5.1
1864,24053,95.6,3.9,97.3,2.0,0.2
1865,24054,93.5,5.9,95.6,2.8,1.1
1866,24055,97.8,1.2,98.5,0.3,0.6
1867,24056,94.8,4.5,97.2,1.7,0.9
1868,24057,95.2,4.4,96.5,2.9,0.3
1869,24058,73.2,25.8,94.5,3.0,2.2
1870,25001,89.5,9.6,95.3,3.3,0.9
1871,25002,90.9,7.9,95.7,2.3,1.5
1872,25003,97.7,1.5,98.4,0.4,0.6
1873,25004,91.3,8.3,96.4,2.8,0.4
1874,25005,90.3,8.6,97.4,1.0,0.5
1875,25006,88.8,9.4,95.9,2.6,0.9
1876,25007,90.2,8.5,95.3,2.1,2.1
1877,25008,82.6,16.2,93.7,4.0,1.4
1878,25009,84.3,13.6,94.0,3.7,1.2
1879,25010,92.8,6.6,96.6,2.3,0.8
1880,25011,91.9,7.2,95.4,3.1,1.1
1881,25012,84.3,14.5,94.8,3.9,0.6
1882,25013,93.6,5.5,96.2,2.0,1.4
1883,25014,91.4,7.4,95.8,2.1,0.6
1884,25015,91.2,7.5,94.9,3.3,1.3
1885,25016,91.6,7.4,95.4,2.7,1.3
1886,25017,94.5,4.5,97.0,1.3,1.3
1887,25018,89.7,9.7,96.1,2.7,0.5
1888,26001,98.3,0.7,98.8,-6.0,0.9
1889,26002,72.1,21.4,91.3,4.5,3.5
1890,26003,92.4,7.0,98.0,1.2,0.4
1891,26004,79.3,18.8,93.7,4.6,1.5
1892,26005,96.4,2.2,99.1,-6.0,0.6
1893,26006,96.0,1.6,96.8,0.3,2.5
1894,26007,91.4,5.0,93.2,-6.0,6.4
1895,26008,98.2,1.0,98.8,-6.0,1.1
1896,26009,96.6,2.3,95.3,2.1,2.5
1897,26010,85.5,12.6,93.6,3.0,3.1
1898,26011,95.1,1.4,92.7,0.3,6.8
1899,26012,91.9,6.8,96.4,1.4,1.8
1900,26013,94.3,2.5,95.7,-6.0,3.4
1901,26014,97.8,1.1,97.9,0.4,1.1
1902,26015,84.0,7.7,90.3,3.6,5.2
1903,26016,88.7,10.4,95.8,2.4,1.5
1904,26017,77.7,20.8,93.1,4.8,1.7
1905,26018,85.1,13.4,95.7,2.7,1.0
1906,26019,88.2,9.3,95.0,2.2,2.4
1907,26020,85.7,13.7,90.1,8.8,1.1
1908,26021,96.0,3.0,98.4,1.1,-6.0
1909,26022,94.7,2.4,96.1,0.7,3.3
1910,26023,92.8,3.0,94.5,0.4,4.3
1911,26024,96.2,1.8,98.5,0.8,0.5
1912,26025,84.8,13.6,96.2,1.8,1.4
1913,26026,96.9,2.5,98.6,0.6,0.3
1914,26027,74.8,22.6,89.9,6.2,3.4
1915,26028,97.2,1.3,95.8,0.3,3.6
1916,26029,83.4,15.4,95.3,3.1,0.9
1917,26030,85.1,12.7,95.2,3.1,1.1
1918,26031,95.0,3.9,96.2,0.9,2.3
1919,26032,94.5,1.7,92.3,-6.0,7.4
1920,26033,91.6,7.7,97.7,1.3,0.5
1921,26034,95.3,2.0,96.2,0.4,1.1
1922,26035,81.9,14.5,91.3,4.7,3.5
1923,26036,87.9,9.0,95.1,2.3,2.1
1924,26037,93.6,3.5,98.5,0.5,0.4
1925,26038,92.7,4.8,94.3,1.5,4.0
1926,26039,76.5,13.4,91.7,2.5,5.1
1927,26040,76.9,22.3,90.9,7.1,1.8
1928,26041,73.6,23.7,91.7,4.7,2.9
1929,26042,91.1,7.6,97.4,1.8,0.5
1930,26043,67.1,27.4,91.4,5.2,2.8
1931,26044,96.0,1.3,99.7,0.0,0.0
1932,26045,96.4,2.0,96.6,0.8,2.5
1933,26046,89.2,5.4,94.7,1.7,3.1
1934,26047,87.7,11.5,97.1,1.7,0.8
1935,26048,64.3,31.6,87.4,8.2,3.5
1936,26049,96.4,2.6,98.8,0.7,0.1
1937,26050,98.9,0.5,97.8,0.2,1.8
1938,26051,93.9,5.8,98.6,0.8,0.3
1939,26052,95.4,3.1,96.8,0.9,2.0
1940,26053,97.0,2.5,98.6,0.0,-6.0
1941,26054,88.8,8.9,91.6,7.2,1.2
1942,26055,58.0,35.0,90.2,4.9,4.3
1943,26056,55.8,43.3,79.2,18.9,1.5
1944,26057,97.3,0.9,96.6,0.2,2.1
1945,26058,90.7,6.9,95.4,1.7,2.5
1946,26059,85.9,11.2,93.8,4.6,1.5
1947,26060,86.4,7.1,95.6,1.4,2.8
1948,26061,97.4,1.8,98.6,0.5,0.4
1949,26062,98.4,0.9,98.3,0.3,0.3
1950,26063,96.0,1.0,96.8,0.0,2.4
1951,26064,92.9,3.7,96.5,1.0,1.9
1952,26065,94.5,4.7,98.6,0.4,0.7
1953,26066,97.2,1.6,97.7,0.3,1.7
1954,26067,95.3,1.5,94.0,0.6,4.8
1955,26068,99.3,0.6,99.0,0.7,-6.0
1956,26069,84.2,14.7,95.5,3.4,0.7
1957,26070,62.4,31.8,88.1,8.0,3.1
1958,26071,90.5,8.9,97.4,1.4,0.6
1959,26072,91.1,8.6,97.9,1.3,0.7
1960,27001,88.9,10.3,96.1,2.7,0.6
1961,27002,90.0,8.9,96.6,2.4,0.3
1962,27003,94.6,4.8,97.7,1.7,0.1
1963,27004,83.3,13.6,96.8,2.4,0.1
1964,27005,95.0,4.2,97.8,1.4,0.2
1965,27006,96.1,3.5,97.9,1.4,0.2
1966,27007,81.6,17.9,96.2,3.1,0.1
1967,27008,90.1,9.3,96.7,2.2,0.4
1968,27009,97.2,2.0,98.8,0.6,0.1
1969,27010,97.2,2.2,98.8,0.7,0.2
1970,27011,94.7,4.9,98.7,0.8,0.1
1971,27012,95.0,4.0,98.7,0.9,0.1
1972,27013,91.7,7.4,98.3,1.2,0.1
1973,27014,90.2,7.5,96.9,2.4,0.2
1974,27015,93.3,6.5,98.1,1.4,0.1
1975,27016,84.8,14.2,96.8,2.5,0.1
1976,27017,85.8,13.2,95.4,3.7,0.5
1977,28001,80.9,18.1,96.9,1.3,1.4
1978,28002,84.4,14.7,97.1,1.3,0.9
1979,28003,70.0,27.9,92.9,5.0,0.6
1980,28004,83.0,15.3,94.5,1.8,3.2
1981,28005,85.0,11.6,97.7,0.3,1.5
1982,28006,89.9,9.8,98.5,0.8,0.6
1983,28007,65.5,27.7,95.1,2.6,1.7
1984,28008,88.1,11.2,98.1,1.5,0.1
1985,28009,73.6,22.9,93.6,3.6,0.3
1986,28010,92.0,5.4,97.7,0.7,1.0
1987,28011,86.1,13.3,97.7,1.2,0.8
1988,28012,81.3,17.3,95.7,1.6,1.8
1989,28013,92.4,6.8,97.5,1.7,0.5
1990,28014,58.3,25.8,95.2,2.8,1.5
1991,28015,70.1,22.6,94.7,2.4,2.2
1992,28016,90.3,8.7,97.5,1.7,0.5
1993,28017,95.5,3.6,97.0,1.4,1.0
1994,28018,88.8,9.2,98.4,0.5,0.4
1995,28019,89.9,9.3,96.7,1.6,1.0
1996,28020,61.7,37.5,95.4,4.2,0.3
1997,28021,83.4,13.9,96.8,1.4,1.2
1998,28022,70.3,23.5,94.4,2.7,1.4
1999,28023,83.7,13.9,96.5,1.7,1.2
2000,28024,65.7,29.1,97.8,0.7,0.8
2001,28025,65.1,27.3,95.1,2.7,1.7
2002,28026,88.7,7.7,97.7,1.2,0.4
2003,28027,56.9,32.1,92.3,4.3,1.4
2004,28028,61.4,37.6,93.4,4.9,1.4
2005,28029,90.9,8.0,96.6,1.4,1.6
2006,28030,92.4,6.7,97.8,1.2,0.5
2007,28031,96.5,2.3,96.5,1.1,1.7
2008,28032,53.6,34.6,89.4,7.7,0.9
2009,28033,75.8,20.3,95.8,2.5,1.2
2010,28034,93.3,6.3,98.8,0.6,0.2
2011,28035,82.2,15.7,97.3,1.3,0.9
2012,28036,98.6,0.6,99.8,0.0,0.0
2013,28037,77.4,21.3,96.0,2.5,0.9
2014,28038,73.3,23.1,94.0,3.7,0.4
2015,28039,95.2,3.1,97.5,0.7,1.3
2016,28040,82.8,13.3,97.1,1.2,1.5
2017,28041,88.6,8.4,96.1,1.8,0.4
2018,28042,68.2,31.2,96.7,2.8,0.3
2019,28043,88.9,10.2,97.5,1.2,0.8
2020,29001,85.0,14.1,95.5,3.6,0.4
2021,29002,81.5,17.5,95.1,4.1,0.3
2022,29003,86.7,12.6,94.1,3.6,1.9
2023,29004,91.7,8.1,97.2,2.3,0.2
2024,29005,74.4,24.9,93.6,5.6,0.5
2025,29006,78.9,20.0,95.0,3.8,0.6
2026,29007,88.0,11.7,94.9,4.1,0.5
2027,29008,89.3,10.6,96.4,3.1,0.2
2028,29009,87.1,12.8,96.0,3.5,0.4
2029,29010,88.0,11.3,97.0,2.2,0.5
2030,29011,86.0,13.3,96.2,2.5,1.2
2031,29012,85.7,13.5,95.6,3.5,0.4
2032,29013,89.2,10.4,96.3,3.0,0.3
2033,29014,87.7,11.2,95.1,2.6,1.8
2034,29015,81.4,17.2,95.2,3.3,1.2
2035,29016,88.0,11.8,93.9,5.6,0.4
2036,29017,94.9,4.6,97.9,1.2,0.4
2037,29018,94.8,4.9,98.3,1.2,0.2
2038,29019,67.7,31.1,92.1,6.9,0.5
2039,29020,88.4,11.2,94.6,2.9,0.6
2040,29021,87.0,11.7,95.1,3.3,1.1
2041,29022,88.2,10.4,97.5,1.7,0.5
2042,29023,87.0,12.2,96.1,2.6,0.8
2043,29024,83.4,16.0,94.1,5.3,0.4
2044,29025,76.9,22.5,95.9,3.1,0.2
2045,29026,83.2,16.3,94.6,4.8,0.3
2046,29027,82.0,16.8,93.5,4.1,1.4
2047,29028,90.4,9.0,97.1,1.9,0.5
2048,29029,87.4,9.8,96.5,2.1,0.9
2049,29030,92.2,7.4,96.6,2.2,0.8
2050,29031,81.0,18.7,93.7,5.2,0.8
2051,29032,90.5,8.7,97.3,1.6,0.7
2052,29033,71.9,26.6,93.1,5.7,0.5
2053,29034,78.5,20.8,94.4,4.1,1.0
2054,29035,92.6,7.1,96.9,2.1,0.7
2055,29036,82.7,16.6,96.2,3.0,0.4
2056,29037,88.2,11.5,94.7,4.6,0.4
2057,29038,80.0,19.6,92.6,6.4,0.7
2058,29039,91.3,8.3,96.6,2.7,0.6
2059,29040,85.1,14.2,95.8,3.3,0.8
2060,29041,74.2,23.8,94.1,4.0,1.1
2061,29042,77.0,21.5,94.4,3.6,1.5
2062,29043,73.8,24.5,93.0,6.4,0.4
2063,29044,83.3,15.3,95.4,3.0,1.0
2064,29045,79.7,20.0,96.2,2.9,0.4
2065,29046,94.2,5.4,97.3,1.5,0.9
2066,29047,93.6,6.2,96.8,2.0,0.8
2067,29048,90.2,8.8,96.2,2.4,0.9
2068,29049,91.9,7.9,97.5,1.9,0.3
2069,29050,94.2,5.1,97.5,1.2,1.1
2070,29051,86.3,12.0,96.0,2.6,1.1
2071,29052,92.9,7.0,96.2,3.2,0.5
2072,29053,86.5,12.1,97.3,1.9,0.5
2073,29054,87.2,11.1,96.5,1.7,1.0
2074,29055,87.9,10.6,94.6,2.7,2.1
2075,29056,90.3,9.1,97.4,1.8,0.5
2076,29057,88.5,10.5,94.7,3.2,1.8
2077,29058,86.5,12.0,95.7,2.1,1.8
2078,29059,87.2,10.2,94.6,3.0,1.8
2079,29060,89.5,9.7,97.3,2.1,0.3
2080,30001,97.9,1.7,98.8,0.9,0.1
2081,30002,98.8,0.5,98.2,0.3,1.4
2082,30003,91.5,7.3,95.9,3.2,0.6
2083,30004,95.0,3.7,95.5,1.2,3.0
2084,30005,97.3,2.3,96.8,1.4,1.0
2085,30006,94.7,4.5,97.7,1.4,0.7
2086,30007,97.5,1.9,97.0,1.0,1.6
2087,30008,96.4,3.1,95.4,3.2,1.2
2088,30009,96.8,2.4,95.6,1.2,3.0
2089,30010,95.4,4.1,96.4,2.2,0.8
2090,30011,92.9,5.3,95.8,3.2,0.6
2091,30012,97.3,2.2,96.7,2.2,0.6
2092,30013,87.1,10.8,94.2,5.2,0.2
2093,30014,94.2,5.2,95.5,2.1,1.8
2094,30015,95.5,4.0,95.4,3.6,0.7
2095,30016,90.3,7.0,95.9,2.1,1.0
2096,30017,93.1,5.6,93.7,3.0,3.2
2097,30018,87.9,12.1,95.8,3.4,0.8
2098,30019,97.6,1.6,96.1,1.1,2.0
2099,30020,99.2,0.6,98.7,0.8,0.3
2100,30021,92.9,6.4,94.8,3.0,1.8
2101,30022,96.7,2.1,97.6,1.4,0.7
2102,30023,95.3,4.1,96.8,1.3,1.2
2103,30024,95.3,4.4,96.7,1.2,1.6
2104,30025,97.0,2.8,96.9,2.6,0.2
2105,30026,90.6,8.1,96.0,2.8,0.8
2106,30027,97.3,2.4,97.6,1.7,0.2
2107,30028,80.0,15.3,94.4,4.4,0.4
2108,30029,97.9,1.9,97.7,1.6,0.5
2109,30030,89.8,8.7,96.9,2.2,0.7
2110,30031,97.5,1.7,94.5,0.7,4.4
2111,30032,95.7,3.7,96.9,2.2,0.7
2112,30033,93.7,5.9,94.6,3.8,0.5
2113,30034,86.5,12.8,94.1,5.4,0.1
2114,30035,92.2,7.2,93.5,5.7,0.5
2115,30036,97.0,2.3,97.0,1.3,1.2
2116,30037,96.9,2.7,97.1,2.0,0.5
2117,30038,92.3,6.5,96.6,2.1,0.8
2118,30039,75.7,22.3,94.4,4.7,0.4
2119,30040,88.0,10.8,94.5,4.7,0.3
2120,30041,98.3,1.4,97.4,1.5,0.5
2121,30042,97.2,1.8,96.4,1.0,2.5
2122,30043,98.9,0.8,97.3,0.9,1.6
2123,30044,90.2,8.2,96.6,2.1,0.7
2124,30045,85.8,13.0,95.0,3.7,0.9
2125,30046,97.4,2.5,97.6,1.1,1.0
2126,30047,97.7,1.8,97.0,1.4,1.4
2127,30048,86.4,11.8,95.1,4.1,0.3
2128,30049,97.1,2.1,96.7,0.7,1.8
2129,30050,93.8,5.9,96.5,2.8,0.2
2130,30051,89.5,9.9,94.1,4.6,0.9
2131,30052,94.4,4.7,95.8,1.6,2.3
2132,30053,92.9,5.7,94.2,1.7,3.5
2133,30054,92.8,6.3,96.2,2.6,0.7
2134,30055,79.1,20.6,96.4,3.2,0.1
2135,30056,87.6,12.2,97.0,2.6,0.2
2136,30057,98.9,0.5,97.5,0.3,1.8
2137,30058,95.5,4.2,97.2,2.4,0.1
2138,30059,93.5,6.0,94.5,4.5,0.7
2139,30060,94.8,4.9,96.9,2.7,0.1
2140,30061,81.1,16.1,95.3,2.7,1.6
2141,30062,97.8,1.9,97.2,1.3,1.2
2142,30063,94.6,5.2,95.0,4.4,0.2
2143,30064,94.8,5.0,96.0,3.5,0.1
2144,30065,90.0,8.4,95.0,3.7,1.0
2145,30066,92.1,7.6,95.1,3.9,0.7
2146,30067,97.7,2.1,97.7,1.9,0.0
2147,30068,88.8,9.2,95.9,2.7,0.9
2148,30069,91.9,7.5,94.9,3.9,0.7
2149,30070,92.2,7.0,93.8,3.7,2.2
2150,30071,96.1,3.5,97.0,1.7,1.0
2151,30072,84.5,15.1,93.7,4.6,1.1
2152,30073,96.8,2.8,96.8,2.0,0.7
2153,30074,91.4,7.4,97.4,2.0,0.3
2154,30075,96.0,3.5,96.0,2.2,1.4
2155,30076,95.5,4.2,97.3,2.1,0.4
2156,30077,91.0,8.4,94.8,3.3,1.5
2157,30078,94.6,5.1,95.2,3.9,0.3
2158,30079,95.5,4.3,97.1,2.1,0.5
2159,30080,97.2,2.6,95.9,2.2,1.6
2160,30081,88.3,8.3,95.8,3.4,0.5
2161,30082,85.0,13.7,95.2,4.1,0.2
2162,30083,95.6,4.1,96.8,2.7,0.1
2163,30084,96.6,2.6,98.3,1.2,0.4
2164,30085,94.3,5.1,96.9,1.9,0.8
2165,30086,85.4,14.1,95.5,3.8,0.4
2166,30087,85.9,9.3,96.1,2.8,0.7
2167,30088,96.5,3.0,96.7,1.8,0.8
2168,30089,91.5,8.2,94.2,5.1,0.3
2169,30090,96.7,2.6,97.1,1.1,1.2
2170,30091,84.7,13.9,94.6,2.6,2.3
2171,30092,97.3,2.1,98.7,0.8,0.2
2172,30093,96.9,2.5,96.9,1.0,1.7
2173,30094,90.2,9.2,94.5,3.1,2.2
2174,30095,96.3,2.5,95.4,1.3,3.1
2175,30096,95.1,2.8,95.8,1.3,2.8
2176,30097,93.6,4.5,96.0,2.9,0.6
2177,30098,99.4,0.4,98.9,0.8,0.0
2178,30099,94.3,4.5,95.4,1.8,2.6
2179,30100,96.3,3.1,96.6,1.7,1.1
2180,30101,92.9,5.6,96.3,2.0,1.5
2181,30102,87.9,11.0,95.5,2.8,1.1
2182,30103,96.7,3.0,96.5,3.0,0.1
2183,30104,96.3,3.4,92.9,6.0,0.8
2184,30105,89.7,9.3,94.7,4.1,0.4
2185,30106,95.9,3.4,95.1,2.5,2.2
2186,30107,98.8,1.2,99.1,0.6,-6.0
2187,30108,86.5,12.5,95.5,3.5,0.6
2188,30109,93.6,5.6,95.6,2.5,1.7
2189,30110,99.6,0.1,99.6,0.2,0.1
2190,30111,89.1,10.0,97.1,2.0,0.7
2191,30112,97.8,1.8,97.2,0.9,1.4
2192,30113,97.8,2.0,98.4,1.2,0.2
2193,30114,92.7,6.5,95.9,2.3,1.6
2194,30115,90.3,8.0,96.6,2.2,1.0
2195,30116,93.7,5.6,96.8,2.2,0.5
2196,30117,93.1,6.0,95.4,1.6,2.8
2197,30118,87.6,10.2,96.4,2.7,0.4
2198,30119,80.6,18.5,94.6,4.0,1.3
2199,30120,95.7,3.9,94.5,4.9,0.2
2200,30121,82.1,16.6,96.1,3.3,0.2
2201,30122,97.5,2.3,96.1,3.3,0.4
2202,30123,63.9,35.1,94.6,4.2,0.9
2203,30124,92.9,6.0,95.8,3.1,0.6
2204,30125,96.8,2.7,97.2,0.7,1.6
2205,30126,95.1,4.3,95.5,2.4,1.8
2206,30127,98.6,0.6,98.3,0.5,0.9
2207,30128,87.7,12.0,95.6,3.6,0.4
2208,30129,82.8,16.9,96.3,3.2,0.1
2209,30130,83.6,15.0,93.9,2.9,2.7
2210,30131,83.7,12.6,94.9,4.2,0.2
2211,30132,97.2,2.6,98.4,1.2,0.1
2212,30133,36.2,63.1,93.5,6.0,0.3
2213,30134,92.4,6.1,94.8,2.5,2.3
2214,30135,97.4,2.1,98.8,0.8,0.1
2215,30136,97.3,2.4,98.6,0.9,0.1
2216,30137,99.0,0.8,98.5,0.8,0.4
2217,30138,87.5,10.2,96.4,2.4,0.7
2218,30139,96.0,2.8,96.0,2.7,0.9
2219,30140,99.3,0.5,99.5,-6.0,0.1
2220,30141,95.4,3.4,96.3,2.5,0.9
2221,30142,94.5,5.0,96.3,2.1,1.3
2222,30143,97.3,2.4,97.3,1.8,0.5
2223,30144,93.6,5.9,95.1,3.2,1.3
2224,30145,91.5,8.2,95.4,4.0,0.4
2225,30146,98.8,0.9,98.6,0.6,0.5
2226,30147,99.3,0.6,98.5,1.2,0.2
2227,30148,96.7,2.4,96.9,1.4,1.1
2228,30149,98.3,1.3,97.3,2.2,0.3
2229,30150,94.7,5.0,95.7,3.7,0.2
2230,30151,94.5,5.2,95.8,3.6,0.2
2231,30152,67.7,31.0,94.8,4.7,0.3
2232,30153,91.0,8.5,93.0,6.5,0.2
2233,30154,95.7,4.0,96.4,3.2,0.1
2234,30155,94.9,4.6,98.0,1.5,0.1
2235,30156,98.6,1.3,98.7,0.8,0.2
2236,30157,86.3,13.0,94.5,4.3,1.1
2237,30158,90.0,9.5,94.8,3.9,1.1
2238,30159,99.5,0.3,99.2,0.3,0.1
2239,30160,90.3,9.0,94.4,4.5,0.6
2240,30161,87.7,11.7,96.2,2.7,0.7
2241,30162,98.0,1.4,96.4,1.2,2.1
2242,30163,98.3,1.2,96.6,1.0,2.3
2243,30164,95.7,3.9,95.7,2.5,1.4
2244,30165,97.2,2.4,96.9,1.3,1.7
2245,30166,99.3,0.4,98.7,0.2,0.8
2246,30167,93.2,6.7,94.7,4.9,0.2
2247,30168,99.2,0.6,99.1,0.4,0.1
2248,30169,90.4,8.7,95.7,2.2,1.7
2249,30170,96.4,3.4,97.2,1.5,0.9
2250,30171,99.1,0.6,97.0,0.9,1.9
2251,30172,95.3,4.4,94.4,4.6,0.9
2252,30173,89.1,10.3,95.8,2.8,0.9
2253,30174,88.9,10.2,95.2,2.7,1.7
2254,30175,85.3,13.1,94.8,4.2,0.6
2255,30176,90.7,8.9,94.6,4.5,0.8
2256,30177,99.0,0.9,98.3,0.7,0.3
2257,30178,95.7,3.3,96.7,2.0,0.5
2258,30179,97.0,2.7,96.0,2.0,1.9
2259,30180,94.4,5.3,95.2,2.2,2.2
2260,30181,95.7,3.7,96.5,1.7,1.3
2261,30182,95.6,3.4,98.1,1.3,0.4
2262,30183,81.8,17.7,95.8,2.9,0.9
2263,30184,99.0,0.8,97.4,0.6,1.4
2264,30185,98.2,1.6,98.7,0.8,0.3
2265,30186,97.6,2.1,96.6,1.2,1.9
2266,30187,98.1,1.7,97.4,1.5,1.0
2267,30188,97.8,1.9,96.8,1.1,1.6
2268,30189,87.1,10.3,94.2,5.2,0.3
2269,30190,91.3,8.0,94.5,4.8,0.6
2270,30191,92.3,6.3,95.9,1.8,1.7
2271,30192,93.2,5.7,94.2,2.8,2.7
2272,30193,82.5,12.4,95.0,3.8,0.5
2273,30194,94.8,4.8,96.2,2.6,0.1
2274,30195,97.5,2.2,97.3,1.6,0.6
2275,30196,92.5,5.9,93.8,1.9,3.8
2276,30197,95.2,3.4,94.1,1.6,4.2
2277,30198,90.8,8.6,95.9,2.5,1.0
2278,30199,98.0,1.9,98.1,1.6,0.1
2279,30200,97.6,1.4,96.9,0.9,1.8
2280,30201,98.5,1.2,96.9,1.3,1.2
2281,30202,98.7,1.2,97.9,1.3,0.4
2282,30203,91.1,8.8,97.6,2.1,0.1
2283,30204,76.2,20.8,96.2,3.2,0.3
2284,30205,71.8,27.7,95.9,3.2,0.7
2285,30206,78.4,18.9,95.3,3.2,0.1
2286,30207,81.1,18.0,94.5,3.3,1.8
2287,30208,93.4,5.5,95.1,3.7,0.7
2288,30209,97.3,2.2,95.2,3.5,0.8
2289,30210,72.3,26.9,94.5,3.1,2.1
2290,30211,89.7,8.5,96.0,2.5,1.1
2291,30212,85.5,13.5,95.0,2.1,2.6
2292,31001,99.5,0.4,99.6,0.1,0.2
2293,31002,98.6,1.2,99.0,0.6,0.1
2294,31003,97.8,1.8,97.2,1.0,1.3
2295,31004,95.6,4.3,97.1,2.6,0.1
2296,31005,98.4,1.4,99.4,0.3,-6.0
2297,31006,97.5,2.0,96.6,1.2,1.7
2298,31007,98.7,1.1,98.8,0.9,0.1
2299,31008,94.9,4.8,95.0,4.9,0.1
2300,31009,97.3,2.4,97.7,1.7,0.5
2301,31010,98.7,1.2,98.9,0.7,0.1
2302,31011,91.5,7.4,98.9,0.7,0.2
2303,31012,97.5,1.3,96.3,1.0,2.5
2304,31013,94.7,4.2,98.5,1.0,0.1
2305,31014,96.5,3.4,97.7,2.0,-6.0
2306,31015,99.8,0.1,99.6,0.1,0.0
2307,31016,99.2,0.7,99.1,0.5,0.2
2308,31017,98.8,1.1,99.4,0.5,0.0
2309,31018,98.7,0.8,99.4,0.5,-6.0
2310,31019,98.3,1.5,98.8,0.8,-6.0
2311,31020,97.6,1.8,98.6,1.1,-6.0
2312,31021,97.7,2.0,98.1,1.6,-6.0
2313,31022,98.5,1.1,98.9,0.9,-6.0
2314,31023,97.5,2.4,98.9,1.0,-6.0
2315,31024,98.8,0.9,98.4,0.5,0.8
2316,31025,97.4,2.2,96.5,1.0,2.3
2317,31026,97.0,2.8,96.8,2.9,0.2
2318,31027,96.1,3.6,97.7,1.9,0.2
2319,31028,92.3,7.5,97.4,2.5,-6.0
2320,31029,96.2,2.9,98.2,1.4,-6.0
2321,31030,98.2,1.6,98.3,1.4,-6.0
2322,31031,97.9,1.7,97.8,1.6,0.4
2323,31032,97.7,2.2,98.2,1.5,0.1
2324,31033,96.2,3.7,98.3,1.4,0.0
2325,31034,99.6,0.2,99.4,0.3,0.1
2326,31035,97.9,1.6,97.8,1.2,0.6
2327,31036,99.0,0.6,99.0,0.4,-6.0
2328,31037,99.1,0.7,98.8,0.7,0.3
2329,31038,97.4,2.1,98.5,1.0,0.2
2330,31039,98.3,1.1,99.2,0.6,0.0
2331,31040,96.8,2.8,97.7,1.9,0.1
2332,31041,87.9,10.1,95.8,3.5,0.1
2333,31042,97.8,1.9,97.3,2.0,0.2
2334,31043,98.3,1.6,98.6,1.1,0.2
2335,31044,99.2,0.6,98.8,0.8,0.1
2336,31045,98.7,1.2,98.6,0.5,0.0
2337,31046,97.6,2.0,96.9,1.0,2.1
2338,31047,97.6,1.7,97.3,0.7,1.8
2339,31048,98.5,1.2,99.2,0.4,0.0
2340,31049,99.5,0.2,99.6,0.1,0.1
2341,31050,83.9,13.6,94.2,4.3,0.2
2342,31051,97.0,2.7,96.9,2.4,0.2
2343,31052,97.3,2.3,98.2,1.3,0.3
2344,31053,97.6,1.9,97.5,0.8,1.4
2345,31054,98.3,1.4,98.0,1.4,0.3
2346,31055,99.2,0.8,99.4,0.4,-6.0
2347,31056,95.3,3.3,95.6,1.4,2.8
2348,31057,96.9,2.9,96.7,2.7,0.1
2349,31058,96.0,3.6,96.6,2.0,1.2
2350,31059,87.4,11.3,95.9,3.3,0.3
2351,31060,98.2,1.6,97.1,1.6,0.8
2352,31061,95.7,3.9,97.1,2.2,-6.0
2353,31062,98.4,1.5,98.8,1.0,0.1
2354,31063,99.3,0.5,99.5,0.2,-6.0
2355,31064,99.4,0.4,99.7,0.2,-6.0
2356,31065,97.3,2.4,98.9,0.6,0.0
2357,31066,98.1,1.6,98.4,0.6,0.8
2358,31067,99.0,0.7,98.8,0.5,0.1
2359,31068,95.1,4.5,94.1,5.2,0.1
2360,31069,99.3,0.6,98.9,0.5,0.1
2361,31070,95.8,4.1,96.5,3.2,0.2
2362,31071,96.3,3.5,96.3,3.3,0.2
2363,31072,97.0,2.0,97.8,1.8,-6.0
2364,31073,99.5,0.4,99.5,0.2,0.1
2365,31074,98.4,1.4,98.3,0.9,0.2
2366,31075,99.0,0.8,98.3,0.6,0.7
2367,31076,99.1,0.7,99.3,0.4,0.0
2368,31077,96.7,3.3,97.6,2.3,-6.0
2369,31078,97.1,2.5,97.9,1.8,0.0
2370,31079,96.9,2.9,98.0,1.2,0.6
2371,31080,99.3,0.4,99.3,0.2,0.2
2372,31081,98.3,1.5,99.4,0.5,0.0
2373,31082,95.1,4.0,95.7,3.5,0.6
2374,31083,93.7,5.2,95.7,3.7,0.4
2375,31084,99.3,0.6,98.9,0.9,-6.0
2376,31085,98.7,1.1,99.0,0.8,0.0
2377,31086,97.2,2.2,97.7,2.0,-6.0
2378,31087,99.2,0.7,98.0,0.3,1.5
2379,31088,98.3,1.1,98.5,1.5,0.0
2380,31089,95.7,3.9,97.7,1.7,0.4
2381,31090,98.9,0.6,99.5,0.2,0.0
2382,31091,96.7,3.0,98.2,1.4,0.1
2383,31092,98.6,1.3,98.9,0.8,0.0
2384,31093,97.7,2.0,99.1,0.7,0.0
2385,31094,98.2,1.8,98.4,1.3,0.1
2386,31095,98.0,1.5,99.2,0.5,0.0
2387,31096,95.3,4.3,97.0,2.6,0.1
2388,31097,97.2,2.5,96.4,1.9,1.5
2389,31098,96.4,3.5,97.0,2.6,0.2
2390,31099,99.2,0.5,99.5,0.2,-6.0
2391,31100,97.1,2.0,98.1,1.1,0.2
2392,31101,93.0,6.6,97.9,1.6,0.1
2393,31102,92.3,7.3,96.4,3.2,0.1
2394,31103,98.9,0.5,98.6,0.4,0.0
2395,31104,98.1,1.8,98.4,1.0,0.0
2396,31105,96.3,3.4,97.8,1.9,0.2
2397,31106,95.8,4.1,97.0,2.8,0.2
2398,32001,90.6,7.4,93.8,1.7,3.9
2399,32002,67.0,31.2,92.4,3.9,3.5
2400,32003,76.4,20.1,90.4,4.4,4.7
2401,32004,76.9,19.1,89.5,4.8,5.4
2402,32005,90.0,8.6,95.5,2.4,1.4
2403,32006,90.8,7.8,94.0,2.7,1.9
2404,32007,84.6,14.9,92.9,6.5,0.2
2405,32008,88.4,10.8,95.9,1.6,1.9
2406,32009,75.0,22.3,92.8,1.5,5.2
2407,32010,89.4,7.7,95.1,2.3,2.0
2408,32011,69.7,26.6,92.0,3.5,4.1
2409,32012,95.7,2.8,96.0,0.7,3.0
2410,32013,92.5,6.3,96.6,1.5,1.8
2411,32014,93.6,4.2,93.0,1.0,5.7
2412,32015,92.5,3.5,93.5,0.6,5.3
2413,32016,93.1,5.2,94.1,1.4,4.0
2414,32017,85.3,12.5,94.5,3.6,1.4
2415,32018,84.9,12.5,95.3,1.3,2.9
2416,32019,86.4,10.8,95.2,1.7,2.7
2417,32020,89.3,7.3,94.4,1.8,3.5
2418,32021,90.4,7.8,96.3,0.9,2.2
2419,32022,86.0,10.8,91.9,2.7,5.2
2420,32023,85.5,12.1,94.0,2.1,3.5
2421,32024,74.9,23.9,95.0,2.1,2.3
2422,32025,82.3,15.9,95.9,1.4,2.3
2423,32026,81.1,17.9,91.0,7.7,0.9
2424,32027,82.2,17.7,92.3,7.0,0.6
2425,32028,75.0,22.8,94.3,2.4,2.9
2426,32029,86.2,11.6,94.1,1.9,2.8
2427,32030,79.8,16.6,93.4,1.8,4.8
2428,32031,83.6,12.6,92.7,2.2,4.7
2429,32032,94.2,4.7,96.4,1.0,1.7
2430,32033,78.5,18.9,91.4,3.5,4.5
2431,32034,81.4,15.3,93.2,2.5,4.0
2432,32035,88.9,9.8,93.4,2.1,3.9
2433,32036,90.0,8.2,95.0,1.3,3.1
2434,32037,93.5,3.9,96.0,1.8,1.4
2435,32038,81.9,17.3,95.8,1.4,2.2
2436,32039,91.5,5.3,94.6,1.3,3.9
2437,32040,94.6,3.7,94.8,0.9,3.9
2438,32041,84.2,15.5,96.8,2.6,0.1
2439,32042,84.8,13.5,94.3,2.1,3.3
2440,32043,96.0,1.0,93.0,0.2,5.9
2441,32044,89.7,8.0,94.5,1.5,3.5
2442,32045,89.6,7.5,92.9,2.0,5.0
2443,32046,90.4,7.5,94.2,2.2,3.1
2444,32047,81.6,15.6,92.2,2.9,4.5
2445,32048,81.8,15.7,92.0,4.7,2.8
2446,32049,89.7,7.9,94.7,1.2,3.5
2447,32050,96.3,2.4,97.1,0.7,1.9
2448,32051,90.2,8.0,94.5,2.2,2.4
2449,32052,67.9,31.4,95.3,2.3,1.8
2450,32053,93.4,5.3,94.0,1.3,4.0
2451,32054,89.7,9.0,95.4,1.9,2.4
2452,32055,91.3,6.2,95.3,1.1,3.2
2453,32056,87.1,10.2,95.8,2.8,0.9
2454,32057,93.5,4.2,95.9,1.2,1.8
2455,32058,90.9,6.4,95.1,1.8,2.7
