,popgrowthregpred1620
0,0.031208261418946226
1,0.017696416767094977
2,0.005719238683539406
3,0.003951707026327743
4,0.032538351560136215
5,0.024643222485854148
6,0.021979360780181374
7,0.0010655036500793096
8,0.004439396295565681
9,0.004948127267772985
10,0.023017369564194905
11,0.02571644227269089
12,0.024298447155426353
13,0.0197264616123473
14,0.023891392759921967
15,0.01996354182363436
16,0.025984011336476622
17,0.027585893599484393
18,0.023557565070960265
19,0.026066504451645964
20,0.021131178455683682
21,0.020938708501734196
22,0.0235144337857183
23,0.020433094142543056
24,0.021667107528814015
25,0.019078987711112085
26,0.021064080708294096
27,0.011046643590044236
28,0.012587518454501723
29,0.024794948700750996
30,0.015407203625918407
31,0.02124366769893814
32,-0.005185709181648164
33,0.02608895975255927
34,0.018895600275151084
35,0.01691266335530408
36,-0.0022140284238148875
37,0.021298458792091822
38,0.016574704607837817
39,-0.0069949558198394044
40,0.026058158469501713
41,0.028513730180092397
42,0.011945513528365103
43,-0.006323987315822389
44,-0.004908415167610054
45,0.007857200820096033
46,-0.0058152663342268054
47,-0.007755918444429372
48,0.023914411880152215
49,0.025046473262246752
50,0.013319609342511907
51,0.02572359556280502
52,0.014804801798089882
53,0.022188714846564074
54,0.012493833628361675
55,0.025507771188078985
56,0.022688558945449553
57,-0.0028688050668031254
58,0.026453761343240866
59,0.025765184138580553
60,-0.0024051694752975496
61,0.022009101392472603
62,0.020597092768931916
63,0.02582070562115786
64,0.024555334364729235
65,0.018902220439585567
66,0.022261495136303367
67,0.011934838614074433
68,0.009369398157115415
69,0.011542298719291778
70,0.00537271392439517
71,0.026434276804308834
72,0.006046672148858592
73,0.0071006978510670645
74,0.01094874666476572
75,-0.0011599717754962285
76,0.026760526705505504
77,0.002613746382576301
78,0.02019457721441284
79,0.027799719256942995
80,0.01614078982220801
81,0.01702968815194149
82,0.01749321864873157
83,0.01703075367544907
84,0.015552782066110531
85,0.014943510951252013
86,0.013662449552116101
87,0.01693796143739119
88,0.019789379266600238
89,0.008497976969199884
90,0.015233916642129057
91,0.019605854899084167
92,0.017701892776918318
93,0.016487745326318116
94,0.02222215531271692
95,0.015379583385584249
96,0.019703919216372833
97,0.014698896043507718
98,0.022934390334282424
99,0.02162844901727876
100,0.016004556551571028
101,0.01093562514451779
102,0.019038565133176918
103,0.013578697145639161
104,0.011744312164471409
105,0.018987943113956858
106,0.020671396565315543
107,0.008973905501145827
108,0.007924099314220863
109,0.01822168852575844
110,0.020353828618410282
111,0.018148827856301286
112,0.008167361300999047
113,0.01715833130017056
114,0.012086122065738744
115,0.012575155086110089
116,0.01877949645554777
117,0.01286184301812893
118,0.015956949325064744
119,0.022907411379048254
120,0.0202877214149359
121,0.01341068887024042
122,0.01410015149457601
123,0.017833168476554907
124,-0.0006749090379550515
125,0.018923066430807406
126,0.016513761541717176
127,0.016045840836903313
128,0.012515341742033989
129,0.0048167135526233015
130,0.02105916038296134
131,0.019033883555141958
132,0.010851333402489694
133,0.017645909120174334
134,0.006543673472393738
135,0.009924884130125976
136,0.02110457827763214
137,0.001161733127101364
138,0.01901719842263119
139,0.012974950596785526
140,0.018797823377826907
141,0.0159063630672483
142,0.003889630683990639
143,0.019974962176682143
144,0.01961670031970012
145,0.012563361088503882
146,0.008346152674366792
147,0.01702084483879323
148,0.021179577767039257
149,0.013091304560859739
150,0.017727933323851208
151,0.017206370096583753
152,0.01405115030106793
153,0.021955381149978172
154,0.016995851689385194
155,0.01679617519932737
156,0.019177034422784855
157,0.020600846286074535
158,0.01978787664901861
159,0.019111017078972507
160,0.019348029696495957
161,0.012008826649233308
162,0.015785029162079085
163,0.011254772347258316
164,0.014482180684215777
165,0.017120842527038105
166,0.019946922933305144
167,-0.00024947300836276377
168,0.020497027221109982
169,0.004562932529911721
170,0.013566931197076658
171,0.02187003659596455
172,0.01905178955443804
173,0.019856305114330442
174,0.019662041540611283
175,0.022149830951588383
176,0.009370789959228784
177,0.018214392508838533
178,0.017320909071192485
179,0.021874646495201256
180,0.01886933527874141
181,0.0180277936316972
182,0.014638652882460057
183,0.011424971471789107
184,0.0190461353460566
185,0.02180794666155821
186,0.019146113933740716
187,0.01926330457377612
188,0.00956228124475029
189,0.01979324401562964
190,0.017757565212341564
191,0.008572783095364106
192,0.015157250408715982
193,0.012738429459942559
194,0.012039623477502362
195,0.013133489247575746
196,0.0031076069578074217
197,0.0014471962424580961
198,0.01772867643898374
199,0.017376620779555756
200,0.010874003071538619
201,0.022432713882309465
202,0.006784892968515502
203,-0.004208058047989527
204,0.011327304397891364
205,0.0004908535250150527
206,0.013112088656841577
207,0.004824342012120699
208,0.024398913764990586
209,0.003567434885147135
210,0.01030666940411717
211,-0.010744058171887779
212,-0.00726062768988519
213,-0.005117745803698277
214,0.009765132674786408
215,-0.009377387295938592
216,0.024439093340812842
217,0.0021487672526218624
218,0.02095806136840743
219,-0.017796568438890444
220,0.002224519120495414
221,-0.004807973957144495
222,0.0017992170204801496
223,-0.018809195967712803
224,0.014627678123288721
225,-0.002724705446134135
226,0.01496964506486821
227,0.007041972463153707
228,0.00598571694547634
229,0.025692653534258342
230,-0.006433162437452197
231,-0.0007374188657861443
232,0.0003566661232711799
233,0.026600337412182148
234,0.022442643723726743
235,-0.006519377468207272
236,-0.006825321952067249
237,0.008488907029679187
238,-0.01390339949130038
239,-0.00825117255490758
240,-0.0022819161602152826
241,-0.004973872970892179
242,0.011001752114669416
243,-0.0015004469190598756
244,-0.004101980309419186
245,0.0030475511809298418
246,-0.0073715111515098705
247,0.011830838549563242
248,0.0027750213719915885
249,0.0061000961554846115
250,-0.003827478793822283
251,0.011108084700494687
252,0.005408382638723331
253,-0.01574998978859429
254,-0.011167578121648607
255,-0.008754127856654099
256,0.008688148402005654
257,0.012415172934018524
258,-0.014943958156924637
259,0.00846240103829335
260,0.00010938205118840161
261,-0.012544230020055294
262,0.0061931991642323
263,-0.0056464522601493245
264,-0.002918672937597868
265,0.04013953575077162
266,0.03804547547251915
267,0.04049254952260669
268,0.03832880297748406
269,0.03814775257508134
270,0.0381699680919216
271,0.039803560234128295
272,0.04001265803416021
273,0.03854156469699114
274,0.0383448765788941
275,0.039041153860278975
276,0.03956279743735237
277,0.03858258221926464
278,0.035841557887810786
279,0.03646921796881745
280,0.03867194265654407
281,0.008925525150793244
282,0.0002890137740945524
283,-0.011610896113473115
284,0.008496965784405154
285,0.024157720937971052
286,-0.00016583641931811912
287,0.022624428156948106
288,0.008332312316415324
289,0.005029046804400246
290,-0.000940204779979602
291,-0.0066301782430038345
292,0.024644539839769324
293,0.016152303174067757
294,0.008807587652201495
295,0.0008006231499612848
296,0.003352187035742266
297,-0.0011432771820453931
298,0.002453950999600322
299,-0.0032908187728318225
300,0.002190243561542293
301,0.0018279914431921546
302,0.005765670944043821
303,0.014992276416503721
304,0.00036781004762675046
305,-0.004407938590418355
306,0.01344909051857302
307,0.0035270755423878523
308,0.0015469160661887233
309,-0.005313312612029793
310,-0.008353418296071663
311,-0.0015740510387971165
312,0.009092594805796071
313,-0.0009059638028958234
314,0.008663938182767145
315,0.0009016907876733356
316,0.01692100609168118
317,0.004948272955466802
318,0.006228762367884876
319,0.006548615538989955
320,0.008072196900127589
321,0.01058240468966377
322,0.017422244082919546
323,0.009226604974573642
324,0.018317434752967387
325,-0.013662467445026891
326,0.024948103598295312
327,0.004741849117290896
328,0.016802495273812928
329,0.005528287044355075
330,0.01996049512302785
331,0.0051215854613090315
332,0.002112206231827023
333,0.009176906398216729
334,0.02554303157797407
335,0.0013174917920954056
336,0.024874611855823143
337,0.0067063808385361395
338,0.006271451746663891
339,0.024569839600239653
340,0.025094024562416474
341,0.002038234947745288
342,0.016987978328705865
343,0.0019832080896443876
344,0.021791944996424114
345,0.006419804454421783
346,0.025450647189955284
347,0.008489508095345615
348,0.005719278719230801
349,0.009276004509608795
350,0.02116981112868776
351,0.020724096347946058
352,0.017094418059342708
353,-0.004267418073612471
354,0.008919212720619438
355,-0.0012803971166856123
356,0.02334028003596141
357,0.0006471480121593636
358,0.004674829814606409
359,0.009831470169276262
360,0.020675758574083408
361,0.00872680699394886
362,0.0031629327262402036
363,0.021772309614601266
364,0.006148288318592144
365,0.005370723800175274
366,0.0249876641452011
367,0.01674678392983315
368,0.016174858432291845
369,0.01300420375861792
370,0.0004897882473295043
371,0.012099682676336957
372,0.01568630055335818
373,-0.00037737908498618807
374,0.0030624451436523452
375,0.017588294479148645
376,0.02099420411496504
377,0.020947601559627976
378,0.011070968904754081
379,0.011289352492550834
380,0.003842039149243039
381,0.0005898367173144535
382,0.0019721047054275754
383,0.0041071633619333995
384,0.015270842505913856
385,0.014472713856374723
386,0.020827596788540403
387,0.015463158878276342
388,0.0031077274552855517
389,0.014072288663428155
390,0.01595249683161327
391,0.0034111378221311646
392,0.0004633272154943
393,0.02139422952792838
394,0.025231280149959574
395,0.014712393183184007
396,0.00042817382846271017
397,0.018203662841315766
398,0.0025377587591875654
399,0.005907435799151496
400,0.01950407155803913
401,0.01141261250010672
402,0.00015676840588312176
403,0.02274936245747837
404,0.014586093622103342
405,0.014651464215026517
406,0.013651122235988074
407,0.013460368002972786
408,0.01562706068052694
409,0.014867519586547447
410,0.014699119309252889
411,0.021103520847385586
412,0.006668312508798669
413,0.021582147750956352
414,0.011015710239843629
415,0.022220796070002127
416,0.021056444330883904
417,0.018223557507260228
418,0.006179288820188369
419,0.018284589837344493
420,0.02212682676728593
421,0.02007469761450107
422,0.016944158617727877
423,0.008711786628257286
424,0.0069169830318319605
425,0.0030041742534336457
426,0.021865158406647555
427,0.01720668409512543
428,0.01228989056203456
429,0.002148345642423434
430,-0.0011773440382199097
431,0.020657580314983742
432,0.013249949294954811
433,0.017458870049867826
434,0.014090734919766703
435,0.0006424219950480178
436,0.017120341062603822
437,0.012499312053459903
438,0.010824122902695701
439,0.01702870474307603
440,0.021069881723176274
441,0.017504787269104847
442,0.01234840393644678
443,0.012493626545124878
444,0.015402173056721178
445,0.001799177495937252
446,0.013464640394399634
447,0.0008043664194579078
448,0.01823117343818894
449,0.01172362812535789
450,0.01338874286909119
451,0.008145230323931274
452,0.001825304409617145
453,0.014260453929093747
454,0.028739620236347047
455,0.014273402106353823
456,0.024655593502626118
457,0.015290430450721803
458,0.004319532720858022
459,0.027284017199412605
460,0.015434479130147935
461,-0.0004967395872043849
462,0.018029260196360218
463,0.010110426189216218
464,0.002749914911522584
465,0.0009145372464984315
466,-0.012522877740061214
467,0.018787291536005727
468,0.015877100916855635
469,0.011189124826322193
470,0.0004174200617920543
471,0.01600289977480435
472,0.006766617166735895
473,0.016345134258050863
474,0.01937972027943543
475,0.007937000968870123
476,0.0062873115611437585
477,0.0006279904889555351
478,0.014373786854672542
479,-0.012362932498370404
480,0.008725706069473947
481,0.003960449933821759
482,0.0012001731738219877
483,0.0032461136763615246
484,0.0075335394653438395
485,0.014353039330470808
486,-0.0020622508315975463
487,0.012585495176346793
488,0.010997312295997031
489,-0.0019609551394088186
490,0.01552503935726911
491,0.0009076310907665113
492,0.018829359934188255
493,-0.004821690641631099
494,0.023153246210120396
495,0.0029164729170015062
496,0.009809068037611201
497,0.025625443097791425
498,0.02654814540978089
499,0.015678347771881984
500,0.006514008907595432
501,0.0023371071993378047
502,0.02840802215614745
503,0.011776884208255413
504,0.0009909874684700618
505,0.005070545927426434
506,0.0021342080427377906
507,0.02736178155653668
508,0.014569963852720205
509,0.025114129775204698
510,0.009569819767072149
511,0.018497680572668308
512,0.019084332703920567
513,0.022577053934553386
514,0.011098142416876615
515,0.024663436167587805
516,0.019288994425191004
517,-0.006544373541947959
518,0.018334273345500095
519,0.02018653541883083
520,0.023753461799049566
521,0.021564830657528438
522,0.024550469909685107
523,0.02631456439035337
524,0.014864868271893431
525,0.008028061763641384
526,0.016150505836302356
527,0.016909134408233013
528,0.021182364903989757
529,0.02765429803352708
530,0.005558258730631258
531,0.0032134081165132926
532,0.019343171536963202
533,0.005993682932283783
534,-0.0037677908796793246
535,0.014930373196970612
536,0.008850733710181502
537,0.001789830073872916
538,0.012114174792628106
539,0.007614836018343822
540,0.012483046738714993
541,-0.0031542666686173917
542,-0.003781717952163585
543,0.023491685234937148
544,0.0013351379127189628
545,0.02431199848878215
546,0.007864504966353124
547,0.002039772821746398
548,0.011067710024619277
549,0.01745200384160249
550,0.022015753008536473
551,0.00507752839987781
552,0.033979842481441265
553,0.036598420446797314
554,0.0074161734626361255
555,0.004879341714079726
556,-0.0013300607357282336
557,0.014125920387873388
558,-0.005170003566382168
559,0.0027324642714260483
560,0.010736730801859181
561,-0.01285705497669156
562,-0.002269892901095672
563,0.0015708752034880075
564,-0.006570787686741507
565,0.008891921099230001
566,0.020811449613583357
567,0.0060785447983734585
568,-0.008387026281896588
569,0.039215223349268497
570,0.0016519196455020923
571,-0.007146485622624106
572,-0.0006718472219572552
573,0.001603178132406136
574,0.04072768860101298
575,0.0014474586792277634
576,0.007076150084166352
577,0.011031214137612757
578,0.002537952214858776
579,-0.002530188948686008
580,0.02364214781936867
581,0.020680723009638368
582,-0.003088416327571491
583,0.02447310139970262
584,-0.0038531947565179467
585,0.017957753754234442
586,-0.010053069765596938
587,-0.004373788286691134
588,0.004127700880362858
589,0.004143028163621877
590,-0.005166948562470657
591,0.02789840990215742
592,-0.007743396876894142
593,0.03366173923231421
594,0.018389683395027473
595,-0.0008310205493136533
596,0.022384770691590748
597,0.03480304687439071
598,-0.002016175316549538
599,-0.004493667397399528
600,0.04174003724448195
601,-0.010541365681608706
602,-0.00019908350829351014
603,0.023942860287884345
604,0.0022221573306715637
605,0.004631987454478103
606,0.003215360871484216
607,0.005353755922032307
608,0.0064711907882657425
609,0.016220432433923165
610,-0.01017391636378277
611,-0.00611298656858853
612,0.03913871543122465
613,0.01075192628029132
614,0.014234722782968513
615,0.007748832698783739
616,0.01948791963126494
617,0.003185938906908397
618,0.003698087306426426
619,-0.003907887967042402
620,9.259899920016381e-05
621,0.008329445553607874
622,7.965422764283775e-05
623,0.02392205041712236
624,0.03692279279025423
625,0.000684430229195804
626,0.001506724627451405
627,0.03763869166519541
628,0.03807626924221141
629,-0.0009935665745144564
630,0.006733924555473283
631,0.0361279818870716
632,-0.001608163525498555
633,0.020444363645556983
634,-0.009450121001431555
635,0.0190514046913683
636,-0.005104253506181728
637,0.009286822796536483
638,0.03276704458791683
639,0.002326458460593461
640,0.0024924228722447415
641,0.0010506544244683223
642,-0.005987253808117755
643,0.0012079905969156243
644,0.0034420908807390816
645,-0.005196441131018797
646,0.005864770151808537
647,-0.004742259261429207
648,0.004605221878944581
649,0.008241487122305076
650,0.03958019163273687
651,0.009014254135223517
652,0.002686358845293778
653,0.003347578907784137
654,0.011945414584500623
655,0.0033108258749839654
656,0.02134486223883306
657,0.041157395797992054
658,0.03635434014887403
659,3.9069328597475085e-05
660,0.034288922361833965
661,0.024305623557832827
662,0.02999929170548323
663,0.004089727072009927
664,0.04099261652096858
665,0.03955421559828653
666,0.045829654477484535
667,0.025876133928495665
668,0.037865680504075454
669,0.03551198334630133
670,0.03490853475423373
671,0.03437244452924932
672,0.026339858298597404
673,0.04052549313071386
674,0.04060933126033493
675,0.039513061128253715
676,0.00787478467539858
677,0.033371606283453516
678,0.04354332597850151
679,0.03997773244152296
680,0.03835106832552586
681,0.031582310073234206
682,0.027446437181970026
683,0.05079673638869523
684,0.041995937265847584
685,0.03817164763013122
686,0.03782940330082867
687,0.031875622678186034
688,0.037514685293277346
689,0.0252352360427691
690,0.043301500791879305
691,0.04123946690068632
692,0.03895811261868001
693,0.025783982259404745
694,0.03861252230756726
695,0.01985103822249626
696,0.013262621186221929
697,0.03460428041123448
698,0.03325213282254144
699,0.04096352391702049
700,0.03549954241283068
701,0.036915345400827054
702,0.03930625152512798
703,0.03368188118193345
704,0.013838301214073492
705,0.034934583520225056
706,0.03970685751152123
707,0.019934787218639692
708,0.04223353746528618
709,0.037136133266929175
710,0.026067259273653567
711,0.03169861944107309
712,0.03746242067710609
713,0.039281957869977006
714,0.04671676810020111
715,0.0394213131172987
716,0.028486084168479933
717,0.04167463957797169
718,0.02065617731938757
719,0.03686485298312816
720,0.03978567930247888
721,-0.005329624708001943
722,0.03510946676433138
723,0.03363528179147041
724,0.011705479615360304
725,0.03878259938545101
726,0.020611737338016325
727,0.029136381539862224
728,0.03792686705640315
729,0.033442953751795276
730,0.03609808688941529
731,0.04300116800179428
732,-0.0007038944406464324
733,0.009655403559380746
734,0.022765723688992937
735,0.01799855982970954
736,0.03875854422585398
737,0.00967399906274435
738,0.031009460529123227
739,0.04405377658155873
740,0.032343905786114
741,0.03148369639497783
742,0.03501706829067759
743,0.03300300564356531
744,0.029121041742173302
745,0.03330666993926004
746,0.04341081485022346
747,0.04270430642385601
748,0.0381350905091282
749,0.027806901750945023
750,0.042394248483637736
751,0.04364041119607748
752,0.006816831819710544
753,0.006891916540772565
754,0.03913420019779921
755,0.042828486293719936
756,0.038075214754118396
757,0.023902115666510373
758,0.04167026531283606
759,0.03663250044149506
760,0.0037670827479539676
761,0.03897215525828635
762,0.0038941849824808616
763,0.04420020144237923
764,0.03715304999539618
765,0.03574494146888638
766,0.0395055031848691
767,0.037636366840838834
768,0.009043989270820407
769,0.0363289425188267
770,0.041433465674985424
771,0.004783937745993234
772,0.004631806827613157
773,0.03930736896423346
774,0.0037604502184448324
775,0.041260641713180904
776,0.0373138521160158
777,0.03932816731737422
778,0.0036214474539152824
779,0.03596079796889911
780,0.030028997082844434
781,0.010383674247600465
782,0.002043858186691556
783,0.0023481492347741544
784,0.0012642549448683715
785,0.014235385464673683
786,0.015690978760819554
787,-0.0012023946091225624
788,0.015484093093579308
789,0.009597703078784046
790,0.015556653468170728
791,0.0110583817131458
792,0.005954584793980793
793,0.0011199214610987335
794,0.012852028228563081
795,0.012927809227719564
796,0.0022739635560745128
797,0.007092211220342133
798,-0.0005147942175477099
799,0.0016187156808891519
800,0.007747751497930026
801,0.010537695683989112
802,0.00309270757559839
803,-1.3120968818063375e-05
804,0.004805841160679698
805,0.02160893316020161
806,-0.0014624919778418563
807,-0.0010687333796833192
808,-0.0008804835957520404
809,0.009681102622128054
810,0.00024594243392963276
811,0.003182389416428389
812,0.003492835566790689
813,0.013002454983514733
814,0.009584851179954626
815,0.005670682787942636
816,-0.0005128990793954135
817,0.00014652945158148998
818,0.00841841781521426
819,0.0018560602050969612
820,0.00550437134447395
821,0.0038293476585426695
822,-0.0003621863884387753
823,0.022186265197130788
824,-0.0002981747398193614
825,0.006780861319751387
826,-3.592113000409461e-05
827,0.0029432143278954035
828,-0.0016950020456039752
829,0.0021951430066214596
830,0.008720175237516425
831,0.0029290169727325564
832,0.02594923556154705
833,0.02480193011995963
834,-0.0005834264573131501
835,0.02014742730508332
836,0.013612387304739498
837,0.0030485465685626658
838,0.004132303585676284
839,0.00750476914434505
840,0.00048217633988919634
841,0.01703809437396478
842,0.0015619985434717658
843,0.0012402259960487775
844,0.005230720797555972
845,0.006871761372683271
846,0.018892977905456004
847,0.0009505893588881561
848,0.016990385681439808
849,0.0207713865961366
850,0.004835228712182329
851,0.006492161121835787
852,0.00042532208130683437
853,0.006454315661815525
854,0.0007584733630274714
855,0.01895258553682986
856,0.020245498868144536
857,0.013469732485448199
858,0.0008833509939550051
859,0.009387201441736286
860,0.005721351927501694
861,-0.0014931768039668824
862,0.008389940937323457
863,0.006170454366543992
864,0.014530562399922297
865,0.004523757425982826
866,0.002782385453972723
867,0.001541509058053847
868,0.020564624502701405
869,0.0038901924615178957
870,0.014687312875847883
871,0.0026789562192397133
872,0.0004264192764006435
873,0.018456752197330104
874,-0.0018916258546684817
875,0.002182477424212127
876,0.008971869524063748
877,0.015353975045943442
878,0.0065044030647550925
879,0.0010425696225219213
880,0.010616415215609845
881,8.898100923713646e-06
882,0.021664503260865785
883,0.0030441229890105378
884,0.0013516692812365308
885,0.010619391342874804
886,0.02032254839295652
887,0.02048836031559133
888,0.02072761370410243
889,-0.0025571492072238413
890,0.006371066557049766
891,0.013005409737370284
892,0.022503102385080114
893,0.002556364116483838
894,0.01581121369624189
895,0.01606570633557361
896,0.015513607573998637
897,0.019164451757749865
898,0.008704169375245513
899,0.02594994968824075
900,0.022700520452886695
901,0.02761846285058128
902,0.019134320159250186
903,0.0045012525127634245
904,0.02422396370042496
905,0.021025286710102096
906,0.013182688725264138
907,0.00902838523843074
908,0.015152536433719565
909,0.006091715670190279
910,0.02303002801524246
911,0.02835839862843329
912,0.005597352370472374
913,0.023826517450163644
914,0.009415171263609221
915,0.014586911627833602
916,0.012626828724558314
917,0.01854786337611289
918,0.0073227304638832135
919,0.017839105980007822
920,0.015531982919162633
921,0.026343837138057827
922,0.02685301557492526
923,0.02364969826806783
924,0.022349649531539294
925,0.003393739767723397
926,0.01471890544098525
927,0.023544759864239817
928,0.004809411696449933
929,-8.590328628614061e-05
930,0.009208791669222881
931,0.012810226734514428
932,0.007952632730688896
933,0.014152512681793112
934,0.02489957231238755
935,0.01719784393401356
936,0.004658196583734553
937,0.014149161133759995
938,0.00581588537362856
939,-0.0008999495759435235
940,0.0036365821355744243
941,0.007891575473184916
942,0.009798414044976292
943,0.023209730743337452
944,0.010668364169917718
945,0.009343150869211137
946,0.02896345928952985
947,0.00281925546478884
948,0.00023214278280042278
949,-0.005130536236257768
950,0.024284957672993056
951,0.01834698719408985
952,0.021259461007776752
953,0.010502922896503064
954,0.006139142007564798
955,0.023922030117986097
956,0.02888161256691725
957,0.010565668598268484
958,0.026907291727433693
959,0.014501915104807384
960,0.014477424331237953
961,-0.005303585938188098
962,0.0006645067912028442
963,0.01757764348054514
964,0.027986048754499334
965,0.02302854854409594
966,0.003414104103897782
967,0.02242424563981875
968,0.01097093081843502
969,-0.008321369403083378
970,0.004214398620661476
971,0.027174374639307313
972,0.021672506918609592
973,-0.0023899950188170692
974,-0.003237764490213545
975,0.01342022442450428
976,-0.0021507462216219385
977,0.024287254467913518
978,0.005497274457582183
979,0.02543641161382146
980,0.0033087074289779197
981,-0.004717411107609791
982,0.005668958928923675
983,0.00269802110935835
984,0.027433590480121388
985,0.021036657507778528
986,-0.0018708854906504383
987,0.029215224548542584
988,-0.0031076165881476544
989,-0.005053208175602348
990,0.023564852141274843
991,0.023468623769358772
992,0.021432417441634575
993,0.015955212004264675
994,0.022680641313291148
995,0.024277219752866317
996,-0.0042009767148067
997,0.004156916919217261
998,0.0029527848318032773
999,0.01745169786451276
1000,0.0012329233449834764
1001,-0.0038775355474403857
1002,0.01542158016436254
1003,0.016778995551808666
1004,-0.00045603131731123504
1005,0.0004537992096096988
1006,0.010801469047201225
1007,0.01569140471963382
1008,0.0003204602244671502
1009,0.013156718722745604
1010,-0.0010893887988601325
1011,0.022875361825862812
1012,0.0012307470684083171
1013,0.012909027225253509
1014,-0.003681104147153829
1015,-0.002644663089418262
1016,-0.0005924904762620835
1017,-0.0009857185718718292
1018,0.016603867342973155
1019,-0.0058810359886385735
1020,0.017772866106828877
1021,0.0007304673807538748
1022,0.014194539497718508
1023,0.009671293205061694
1024,0.0002528529536014493
1025,0.004284250662293233
1026,-0.0006774175048654945
1027,0.018043643075622024
1028,0.0007504255798265144
1029,-0.00685198398972747
1030,0.006827726301507199
1031,-0.004214020645643661
1032,-0.0013708661700211988
1033,0.0033992552612014154
1034,-0.0024894188299351156
1035,0.004911584298940899
1036,0.018206235541651482
1037,0.007742120676048933
1038,0.017567624863387907
1039,0.011318367623254156
1040,0.02026465482631948
1041,0.02393941175568318
1042,0.01992888271307129
1043,0.00180495672328414
1044,-0.0012966628944587717
1045,-0.0008415040304830052
1046,-0.004644565303317657
1047,-0.003793013629913286
1048,0.0005936863544694341
1049,0.0052868861951959265
1050,-0.0024965758371286047
1051,-0.0024711942599326565
1052,0.0022988838166232164
1053,-0.0018678789817691613
1054,0.021382189609495218
1055,0.009048933767096102
1056,0.008920823582710525
1057,0.0005580304625309946
1058,-0.0033054131758689805
1059,-0.0044355091050995695
1060,0.006660935439835411
1061,0.0021144744850229687
1062,-0.006292603014874348
1063,0.006501866961320348
1064,0.025712820182519674
1065,0.01380225869117135
1066,0.004001940665304739
1067,0.011745607612808344
1068,0.0017447545365159435
1069,0.009878437194962222
1070,0.0065609444777421574
1071,-0.0016241629376606318
1072,0.0058643994154658555
1073,-0.0019113159492976704
1074,0.004782189456505985
1075,-2.7511510754895356e-05
1076,0.025569281124639583
1077,0.0011210429183065233
1078,-0.004838347806349211
1079,0.0031894079546525133
1080,0.017859199284550438
1081,0.00898940401297869
1082,0.015064885109196574
1083,-0.0006256795836477898
1084,0.006777221483371278
1085,-0.0010518886773675396
1086,0.0042103840461685275
1087,0.010034984902870582
1088,0.009676781036411727
1089,-0.004680104956980327
1090,-0.005565399330990206
1091,-0.00023261882303815735
1092,0.0009250868736585435
1093,-0.002839089813611042
1094,-0.0019650590507310703
1095,0.002727508853721726
1096,-0.0032880582995129834
1097,-0.00601070489547616
1098,-0.004933790023739898
1099,0.0026035365653397104
1100,0.010343253460580962
1101,0.0035705349725232718
1102,0.0026245335388182943
1103,-0.005729766278124691
1104,0.020441412982163825
1105,0.002635072093452583
1106,-0.004538041406775542
1107,-0.0015887971441917188
1108,0.0027598326613296285
1109,0.005849694717434696
1110,0.006201195523007234
1111,-0.004243368504260747
1112,0.01805214546243937
1113,0.0059294254576004604
1114,0.004357781607311621
1115,-0.0034873750873030736
1116,-0.00617846662874124
1117,-0.002468090782066236
1118,-0.002623031651435342
1119,-0.004531100451839216
1120,-0.003396164950095839
1121,0.0161799028202233
1122,0.00707754046024854
1123,0.007403937842990561
1124,-0.003102427815540455
1125,-0.004292504091574875
1126,-8.099769603676624e-05
1127,0.006599475237354621
1128,0.0025936006966728246
1129,-0.0013150729428890939
1130,-0.0012280614672581654
1131,0.017410683331303627
1132,0.003765429608337942
1133,0.013496162805525711
1134,0.001048651711720738
1135,-0.0068665795227470395
1136,-0.0006221919969493115
1137,-0.0035263942796881
1138,0.013189816669530074
1139,-0.002428019375934741
1140,0.014740547060353505
1141,-0.0029138871884037644
1142,0.003997413099921747
1143,0.0013896010498829748
1144,-0.003615565293786521
1145,0.0008594857682813076
1146,0.00037543417410701967
1147,0.015771185857852008
1148,-0.005198764699743125
1149,-0.0014790335184503979
1150,0.0072491537742877254
1151,-0.0008320474340376652
1152,-0.0012021294909468612
1153,-0.002945684683415081
1154,0.01910413748456481
1155,5.469751521280133e-05
1156,0.0020978510446958035
1157,-0.0045050134994852635
1158,-0.0018009488658739952
1159,0.0014705055469779165
1160,0.0008319222318033839
1161,-0.0011707751127149062
1162,-0.0012980782584174492
1163,0.010366957257916365
1164,0.0007148081045854498
1165,-0.005512946206088847
1166,0.0025581794170349815
1167,0.0025585402178177883
1168,0.008784391176566108
1169,-0.002886899974859955
1170,-0.0032229024862071545
1171,0.009638798868245483
1172,-0.0016252729270093882
1173,0.0017172259051732193
1174,0.013616871369636178
1175,0.012493216123194581
1176,-0.0014514865286829753
1177,-0.0032769995471850256
1178,-0.006588028461774274
1179,-0.00033631169153618416
1180,-0.005712662637637969
1181,0.02279923943709496
1182,0.009347077862485492
1183,-0.007265166210740158
1184,-0.0001135572749794163
1185,0.013234270869226725
1186,0.0012987434584853684
1187,0.015933525846035648
1188,-0.0010466648733627264
1189,-0.00016135141679513197
1190,-0.002792300340385015
1191,-0.003870255853272465
1192,-0.001665608515078263
1193,-0.004870709766144675
1194,-0.00016811295372618423
1195,0.017252799995408158
1196,-0.0027154713723095926
1197,0.003677746138513648
1198,-0.0015775805977102755
1199,0.0033693183079807603
1200,-0.0026614814056986247
1201,-0.0058292920462776785
1202,0.010849152140311829
1203,-0.0002851928196135725
1204,0.010501082533086459
1205,-0.004577587772011979
1206,-0.0031442534138645924
1207,-0.004038838363824315
1208,0.000839184688368421
1209,0.0011567366218824865
1210,-0.0028604190945800867
1211,-0.004394780218530458
1212,-0.0027799860404448314
1213,-0.0022199852051358743
1214,4.5401085784784754e-05
1215,-0.0031802109072418564
1216,0.004069389576873218
1217,-0.0008505948995447024
1218,-0.0032507340652437166
1219,-0.000866574737231892
1220,-0.00012197807127854118
1221,-0.00040527378969599777
1222,0.00410023691869814
1223,0.0014546917433511362
1224,0.018956466663168324
1225,-0.00306717716825419
1226,0.009803464245488488
1227,-0.00620658792186712
1228,0.0029062777230581213
1229,0.015499686673722488
1230,-0.0017829948793791942
1231,0.007610266310697915
1232,-0.0032125638259519716
1233,-0.0023188101181815914
1234,-0.004201518611407112
1235,-0.0015177390474251165
1236,-0.0032945664936705056
1237,-0.0036592349547961743
1238,-0.004896043419867694
1239,0.0022308773505693444
1240,-0.0007552354307248453
1241,0.002976453206550084
1242,-0.004504045086863589
1243,-0.002433940753798737
1244,0.005996455856610757
1245,0.014195875095864402
1246,0.004601061605225592
1247,-0.0027473475311040976
1248,-0.0010937758038826945
1249,0.0018152080326743717
1250,-9.193452224558742e-05
1251,-0.00044258645339282206
1252,-0.0011894161519732543
1253,-0.005735145429025251
1254,-0.0005329144351096929
1255,-0.0027274940802648417
1256,-0.0011729438350766724
1257,0.00206748596073472
1258,0.006686270063930578
1259,-0.004947938370273905
1260,0.004248217406911054
1261,-0.0036827843355413305
1262,0.008023928568858814
1263,0.00937234092220662
1264,-0.002624845584144335
1265,-0.002077555395811564
1266,0.005307217747728446
1267,-0.0018388607980117796
1268,0.0015812855279225245
1269,0.010970542250038177
1270,0.0031405347283762044
1271,-0.0018870901209983091
1272,0.012241199897948038
1273,-0.006083159133926818
1274,0.010408533760877218
1275,0.01909932932339316
1276,0.003504810214382771
1277,-0.00020389703256580173
1278,-0.0026880534511531428
1279,-0.0032257692668923375
1280,-0.005134922971517269
1281,0.0023555569915022067
1282,0.0024592496908462445
1283,-0.002582980416885698
1284,-0.005894346096923672
1285,-0.001292349078678186
1286,-0.002339971138327019
1287,-0.005200642490895905
1288,0.0003600310618602951
1289,-0.00032079494688028024
1290,0.0217952372836006
1291,0.014121058161552126
1292,0.0019358176626752184
1293,-0.0027957157165505227
1294,-0.004729784220187499
1295,0.011934120021935049
1296,0.00022416114344873448
1297,0.011766761474740452
1298,-0.0032398209520590237
1299,0.0035826790477433063
1300,-0.0006439605004960986
1301,-0.005195705960549854
1302,0.008610851410783707
1303,0.00036633785900282194
1304,0.012213006848997883
1305,0.006319615941939696
1306,0.012569903792639473
1307,0.008744786819881138
1308,-0.004919235149836496
1309,0.012396578100478839
1310,-0.0026147318415669844
1311,-0.00036535922245077893
1312,-0.003089091696925307
1313,-0.0013234013285560974
1314,-0.0026403752638110354
1315,0.018618064707118465
1316,-0.0009313849540518407
1317,-0.003763806058365655
1318,-0.0021261596504590593
1319,-0.0033267820580328007
1320,0.001079825580434975
1321,0.020553327012946473
1322,0.014847382716151651
1323,0.002331302944603469
1324,0.013308890776615618
1325,-0.0003223794286951307
1326,-0.0018358861267067869
1327,0.002380717476357346
1328,-0.0014691943186870983
1329,-0.0065944018280916
1330,0.002661624453191396
1331,0.007780565458955812
1332,-0.0012477833768109884
1333,-0.0053853508580713125
1334,0.004438512603885612
1335,0.01767168486795544
1336,0.005069265046195504
1337,-0.002112610824696373
1338,-0.004724735197479623
1339,0.003997193879604756
1340,-0.00013144479714291785
1341,0.0012784348460414415
1342,-0.0006442188229506896
1343,-0.0022199548825336795
1344,0.0031339510689362003
1345,0.0006087787219940159
1346,-0.0029742798938197056
1347,0.021553517770562185
1348,-0.0038730946401362015
1349,0.00044640562676051895
1350,-0.0044271819576193715
1351,-0.005260485100992591
1352,-0.0027761507403788236
1353,-0.0004872377341884886
1354,-0.0009023908469883155
1355,-0.0038503089849124318
1356,0.0029083506460198154
1357,0.0009554262339687599
1358,-0.0008793717525611346
1359,-0.0020879754526918998
1360,-0.0004251349411813936
1361,0.015371957097444414
1362,-0.002883262720837691
1363,0.006135054065724171
1364,0.003565393652429679
1365,-0.0029313579495278586
1366,-0.0032319192041032167
1367,-0.00481467991611676
1368,-0.0024753648473666446
1369,0.0028665406307105405
1370,-0.0037309347983179295
1371,-0.0015406735043849717
1372,0.018149862571334736
1373,-0.006787278218469301
1374,0.0120240567988506
1375,-0.0032903666923132634
1376,0.0003986377419081338
1377,0.002163113999496835
1378,-0.0017797215122294621
1379,-0.002453598038434656
1380,-0.002800977754999427
1381,0.003201111615170101
1382,0.02841227118870101
1383,0.012794694468642048
1384,-0.0019708507880819653
1385,-0.0027306837380162217
1386,-0.0021024062538365453
1387,0.027511888502719278
1388,0.0012416965975211526
1389,0.006412102653164207
1390,0.0038703985443066333
1391,0.0004818223103926621
1392,-0.004213209720314204
1393,0.0006402623314838246
1394,0.017372980817841423
1395,-0.0005994471777268962
1396,0.02309773804436287
1397,-0.00323837370393414
1398,0.014155081557332222
1399,-0.0022643097917030555
1400,0.008573050534125758
1401,-0.0024556139091030044
1402,-0.0008352242025778994
1403,0.01006286805578898
1404,0.0069170555096897375
1405,-0.002909655054220012
1406,0.01869108184887476
1407,0.0007047829104979253
1408,-0.0002283778515934439
1409,0.002846060270775207
1410,0.023350158310270323
1411,0.0033570464807439232
1412,0.0027867855992348947
1413,-0.004890629849714853
1414,0.006467494658505607
1415,0.010710673941336351
1416,-0.005751099845668281
1417,-7.962577326693052e-05
1418,0.008907645493116184
1419,-0.002742340610559422
1420,-0.006359223169830269
1421,0.0006512914071537045
1422,0.002199906659614821
1423,0.007313047117237152
1424,0.015462036509075327
1425,0.000449354745065345
1426,-0.0023243715457754773
1427,-0.005478819849607523
1428,0.0008161600471473762
1429,0.0009422334568180384
1430,0.00012102635716123115
1431,0.00029754292457182094
1432,0.001114341550307822
1433,-0.0005156840613145291
1434,0.012517808302140308
1435,-0.0023272637494708135
1436,0.017395376942440356
1437,-0.0006441195566451271
1438,0.01365546239942653
1439,-0.0038857676982394724
1440,-0.00226051374447602
1441,-0.003124105016508624
1442,-0.0023677643286513926
1443,-0.011916468860165123
1444,0.0017335106729475776
1445,-0.0004195984908747957
1446,-0.0012635488756286713
1447,0.011227913730818644
1448,-0.004723484256902205
1449,0.006166488007276323
1450,0.0062837867474743615
1451,-0.0003964015495742019
1452,0.0023524430596017273
1453,-0.0010996015427634856
1454,0.0009198257044475257
1455,-0.004410916152534218
1456,0.005952185060507244
1457,0.001213379207977879
1458,-0.005288740775366496
1459,-0.0009062212464174548
1460,-0.005346744872703587
1461,-0.007965433289878485
1462,-0.001653539388208652
1463,0.010394532917574698
1464,0.01398604283829654
1465,0.010486867116688973
1466,0.007103107897075434
1467,-0.00046449929926511356
1468,-0.0027292349809463776
1469,0.006399441482282247
1470,-0.001250661743878933
1471,-0.0029788249554090593
1472,6.403973516708483e-05
1473,-0.0014488743219506534
1474,-0.0005309796328575437
1475,-0.0020721612672125965
1476,-0.0022480756223560946
1477,-0.0022740385648183804
1478,-0.0010001201316300263
1479,0.021120183771852742
1480,0.01522578885626793
1481,-0.0012089016981711807
1482,-0.0010078510255846437
1483,0.004483800224328269
1484,-0.0012623401120213712
1485,-0.00323372250692189
1486,0.0008234776698181398
1487,-0.000840543706627876
1488,0.0015526741658435366
1489,-0.0029380970845596156
1490,-0.0020874470108727377
1491,0.0007677530064228288
1492,0.0005773676207261794
1493,0.0006254503963883938
1494,0.0047386746572430005
1495,0.008643505523393104
1496,0.0072681429221723454
1497,0.008963161280667839
1498,-0.006393097936499833
1499,0.0018842793894130725
1500,-0.0018826929305906504
1501,-0.003331478234525348
1502,0.013929368796920649
1503,-0.002281418566104788
1504,0.0004614920970680433
1505,-0.003516989194444174
1506,0.012381944029013355
1507,-0.0037309571567589322
1508,-0.00018735054361533753
1509,-0.0010047711108342105
1510,0.013803211389977773
1511,-0.0008003667474691544
1512,0.019700760549674606
1513,1.666701944421408e-06
1514,0.0032368648958618733
1515,-0.0021146029089702824
1516,-0.0014105017324401387
1517,-0.0011633053894868994
1518,-0.005181860924911904
1519,-0.004276712869243251
1520,0.0009863885824988592
1521,-8.47324633691786e-05
1522,0.013475582023985489
1523,0.017344664933736167
1524,0.0017795565728646616
1525,-0.005629014730048419
1526,-0.0032417272376046163
1527,0.0023142459293632052
1528,0.004115310556054702
1529,-0.00040275891978716545
1530,0.0016238081575250258
1531,0.0033830738759643006
1532,0.0018167070211801324
1533,-0.006318409434760172
1534,-0.0015810033766573582
1535,-0.003085340108349747
1536,0.007693060346382998
1537,0.014838470518174968
1538,-0.0002894832665936995
1539,-0.004283485598241304
1540,0.007420506074473311
1541,-0.0037181301811557294
1542,0.01351558447831366
1543,0.005198207734709106
1544,-0.0015412931884231451
1545,0.0015254941631536293
1546,0.001704548028765486
1547,0.004526137045900882
1548,0.013116019265202904
1549,-0.004952285576267443
1550,0.015884703277388643
1551,0.0033588576804791585
1552,0.0004786862578628075
1553,-0.0031606068913014114
1554,0.016689103912846517
1555,-0.00229133295314018
1556,0.00559697167541733
1557,0.008688567773301377
1558,0.0024497208798445226
1559,-0.000872748262029745
1560,-0.0046250476549012775
1561,-0.0024407808255880125
1562,0.022270056031453215
1563,0.001232961103909568
1564,0.0027737297916094776
1565,-0.00386370675380924
1566,-0.002117194675047634
1567,0.005695413821780905
1568,0.02339536699213936
1569,0.024429309625636567
1570,0.0205673425881374
1571,0.034207273364181306
1572,0.005096941966851634
1573,0.024584555296890315
1574,-0.00022288317960342342
1575,0.024557131205300457
1576,-0.00024230331631636945
1577,0.033400273084858774
1578,0.0070963311313038645
1579,0.009352032439169412
1580,0.027627972165872386
1581,0.008563930888227572
1582,0.039401179595390086
1583,0.021492574308685192
1584,0.031310922562863344
1585,0.0020783595106164884
1586,0.022206960797311125
1587,0.02312620448979459
1588,-0.0006269586781704293
1589,0.0020996905959087013
1590,0.02137833200792095
1591,-0.0067680979355427195
1592,0.024943461111785012
1593,0.014385278998704962
1594,0.0008962161335041731
1595,0.004411625598170026
1596,0.006553534676740701
1597,-0.004512087421468026
1598,0.003607482431134639
1599,-0.00479191966321181
1600,0.005092112242316575
1601,0.03362468626164902
1602,0.029316649290975414
1603,0.022294015634541028
1604,0.003729809719134828
1605,0.024756568489170624
1606,0.024872464538851464
1607,0.02160658442836194
1608,0.042840645889413526
1609,0.0037154074436771658
1610,0.03445968140717109
1611,0.02421253795989665
1612,0.033861973247561315
1613,0.024445311641639027
1614,0.016636262711895153
1615,0.02758791399828249
1616,0.029880205104294517
1617,0.03408383797048348
1618,0.0048053334514555615
1619,0.0038530495329632056
1620,0.034535788424932407
1621,0.02944240883126747
1622,0.00619064899877182
1623,0.003766923014840183
1624,0.009522696160140136
1625,0.02875348988310268
1626,-0.004086286808686219
1627,0.02367136458542325
1628,0.02199461189883933
1629,-0.002450269540156044
1630,0.02204351547960681
1631,0.030859622030500102
1632,0.028647159891868973
1633,0.003737504050092665
1634,0.029100669703008484
1635,0.02196261923827413
1636,0.005865780278532062
1637,0.01308695983336129
1638,0.03512126373559103
1639,0.031632532770262414
1640,-0.00011870449528852522
1641,0.03805493832765713
1642,0.023794693229569525
1643,0.032376882169150675
1644,0.004060310300346947
1645,0.024029213570216732
1646,0.0036603374279822612
1647,0.0025616754505324224
1648,0.0024767395842478545
1649,0.020966199906265463
1650,0.024806866713353574
1651,0.0262895940539398
1652,0.009371483275204142
1653,0.017452748192714074
1654,0.0013281846881366152
1655,0.005605463486394593
1656,0.020758414569077236
1657,0.01907878582162354
1658,0.02585569911629712
1659,0.003722624044503706
1660,0.017929600383652378
1661,0.028808115899162438
1662,0.0012825010376603212
1663,0.0037737816648225455
1664,0.00582851247485578
1665,0.009427261915782258
1666,0.023091741339022184
1667,0.018598424707129354
1668,0.0020504694707810744
1669,0.015056909127016531
1670,0.017420885075763164
1671,0.0327845717200891
1672,0.003870855831641024
1673,0.01846391449986808
1674,0.02432102471498265
1675,0.03045457546590218
1676,0.016844819786379472
1677,0.031033457931757005
1678,0.028471189753327356
1679,0.00352340625898426
1680,-0.002260651341713175
1681,0.03878493813114533
1682,0.03594690072761109
1683,0.029113737118250715
1684,0.026840272075610416
1685,0.03254825023198474
1686,0.03980319810804577
1687,0.003004314736910207
1688,-0.001000945868267115
1689,0.023276684742572832
1690,0.0023027532827580074
1691,0.022299883217213864
1692,0.023273488996161096
1693,0.011593191303792367
1694,-0.0015709993424199882
1695,0.025346379271372045
1696,0.013390840335905966
1697,0.007925747705842385
1698,-0.00013807932408015802
1699,0.039482440052250746
1700,-0.004755257885565939
1701,0.027807903422622373
1702,-0.001350248000404141
1703,0.02716632566821654
1704,0.02533202912006474
1705,0.02069406613120738
1706,-0.00016414446542963883
1707,0.04283968999277744
1708,0.0012847029831590227
1709,0.031742385074549684
1710,0.03050825846639661
1711,0.023705758158889815
1712,0.02424084396387715
1713,-0.0030810380328821596
1714,0.011874774617418237
1715,0.010262513050377666
1716,0.0322456447605963
1717,0.013089017476575418
1718,0.017249074769464644
1719,0.013909448546150841
1720,0.02737067667259905
1721,0.033138132440463194
1722,0.005699724196115277
1723,0.035525567862645366
1724,0.0045676596364761304
1725,0.02119068957598659
1726,0.004035758329970038
1727,-0.0024133551973245485
1728,0.005422362452596505
1729,0.009313651934278234
1730,0.028133494659712703
1731,0.03308483184021578
1732,-0.0006331133851894143
1733,0.0004936013152025986
1734,0.01837634595868808
1735,0.015419887720126308
1736,0.026250281100961875
1737,0.032027434483680076
1738,0.010480697476633376
1739,0.031743330917786305
1740,0.013257830989898632
1741,0.03602373133887377
1742,0.014580325247038057
1743,0.011684412490628224
1744,0.02147149283676271
1745,0.024189773590734886
1746,0.03222750079443544
1747,0.03677268918100994
1748,0.015215814170887012
1749,0.010297320980743884
1750,0.029212684404875722
1751,0.011196142708512609
1752,0.0023600065159133615
1753,0.03449607093633537
1754,0.0034685584526351707
1755,0.007014781298060479
1756,0.026960689397455995
1757,0.001833529693768554
1758,0.00044560630924597017
1759,0.015751607994751192
1760,0.02034694660848532
1761,0.03125450557781626
1762,0.01642908857651627
1763,-0.0053750176517745486
1764,0.03455563142180781
1765,-0.0020616854305470704
1766,0.03634605721478746
1767,0.004214664818843302
1768,0.0004964250715620646
1769,0.024917138214697116
1770,0.010707556795946272
1771,0.024605484251460606
1772,0.01905761991164242
1773,-0.0036553197328302017
1774,0.03302001003107327
1775,0.035562086917530336
1776,0.01281442095839859
1777,0.008102252927532652
1778,0.026968715955482725
1779,0.029981170448655167
1780,0.022672448428171385
1781,0.0291919968058709
1782,0.009569545468324897
1783,0.0029273045210723657
1784,0.02919834464427994
1785,0.016082672389776887
1786,0.011250780306899806
1787,-0.001319200150443294
1788,0.00731882899371995
1789,0.025445258454727386
1790,0.03149827236423385
1791,0.02352085084528167
1792,0.0068292909151312095
1793,0.004031908751078078
1794,-0.0011571847853013271
1795,0.034117262647766614
1796,0.031034659094799834
1797,0.01152305193400874
1798,0.02747355061311838
1799,-6.950914774952624e-05
1800,0.03044310565404342
1801,0.03295243288990272
1802,0.020177536786232433
1803,0.14306250805500578
1804,0.18765804676708703
1805,0.11355214823250082
1806,0.15895987315296384
1807,0.13837503250408906
1808,0.1725846924649394
1809,0.14336590385695824
1810,0.13298994760440525
1811,0.011965566391465973
1812,-0.0004725650377402965
1813,0.017316878917291525
1814,-0.010625592335141239
1815,0.004393876884875142
1816,0.01098698921495615
1817,0.01254810432492753
1818,0.004475135776822482
1819,0.011601572859214714
1820,0.013724315529465528
1821,0.006938525521103119
1822,0.012503581672751469
1823,0.025440396610202125
1824,0.011379094318988784
1825,0.015991548346495573
1826,0.021523066514620454
1827,0.012448635478355306
1828,0.004950549518769209
1829,-0.004831157123901585
1830,0.025192238614541552
1831,0.016249463779262976
1832,0.003964160038495519
1833,0.0006607664451519467
1834,0.00823638928398646
1835,0.004929821347175007
1836,0.00461300301159997
1837,0.001374646146544388
1838,0.025104263641832186
1839,0.012140309297859784
1840,-0.010395437542763966
1841,0.006579641960680678
1842,0.016010977196614973
1843,-0.002098547912832602
1844,0.01121585948519502
1845,0.02697764677366975
1846,0.004250814637802418
1847,0.015745629245572407
1848,0.00929661603221404
1849,0.011895604658990314
1850,0.020651648514817985
1851,0.01290733225868596
1852,0.014185629607929651
1853,0.0018438849857317482
1854,0.011909496585223072
1855,0.010746072076424458
1856,0.012486630817098006
1857,0.004843647436184287
1858,0.007553238754668689
1859,0.004815582476208375
1860,0.020222451769413476
1861,0.013982759980980234
1862,0.00013713231859276292
1863,0.016591919384297993
1864,0.018124882368367783
1865,0.01740037552374371
1866,0.012911625608023251
1867,0.013980267057202978
1868,0.012853583498166392
1869,0.024985556751227843
1870,0.022658808206218222
1871,0.017405694566226135
1872,0.01733632781610794
1873,0.014342454226218862
1874,0.02471356918083121
1875,0.013443209610178787
1876,0.022316389682789227
1877,0.022996624787999156
1878,0.022035976829427283
1879,0.022131781129941686
1880,0.022582706858636233
1881,0.02103463385412321
1882,0.02278165270419064
1883,0.025802405159456605
1884,0.015314908402404785
1885,0.02068357801781877
1886,0.01994550857297461
1887,0.006922180200969473
1888,0.010500439414079688
1889,0.016297198558700956
1890,0.015025238939037074
1891,-0.0019417586948579603
1892,-0.0043614589675138
1893,-0.00625011866806705
1894,6.975579136460591e-05
1895,-0.004819187034983399
1896,-0.007144889921756459
1897,-0.004685074752400971
1898,0.012571782265277071
1899,-0.0032659997200642837
1900,0.004603175525445435
1901,-0.004582444083678752
1902,0.004957694357932861
1903,0.026521552747267283
1904,0.025015651380428314
1905,0.013107807495990035
1906,0.005628723565400397
1907,0.003957791877402226
1908,-0.005436182480413012
1909,1.4125652612300954e-05
1910,0.0012885568296364916
1911,0.028181321238672646
1912,0.01944728210955919
1913,0.002341387167297146
1914,-0.003974507925371327
1915,0.026851201412438908
1916,0.02468639722894137
1917,-0.005398449774859961
1918,-0.0053920733065735155
1919,0.01962356110655084
1920,-0.0002039387706455379
1921,0.002356250884154279
1922,0.01653536040906229
1923,0.0017700925517786152
1924,-0.0011543295781836602
1925,-0.001660002083841266
1926,-0.0005269157803820473
1927,0.004945582654168544
1928,0.023194172112546686
1929,0.0196113019359666
1930,-0.0031482796038024025
1931,-0.0035273973876897204
1932,-0.006762109078587292
1933,0.017262385338659023
1934,0.010583146190607573
1935,-0.0017500992358954212
1936,-0.006561409014108746
1937,0.0033882379296596367
1938,0.00472188426999762
1939,-0.0014930140008738771
1940,0.0011811540095002166
1941,0.009389622367328857
1942,0.010647232642659158
1943,-0.0011514300584097286
1944,0.006126618973380658
1945,0.0014878567091212798
1946,-0.007484237499845223
1947,-0.0012821662170935716
1948,-0.0017884474529643289
1949,-0.002791074930640621
1950,-0.0015626073070776096
1951,-0.0018166868213366925
1952,0.011870804058206695
1953,-0.004375778460841832
1954,-0.00043508153626318683
1955,0.0053848605047970574
1956,0.01359103841103203
1957,0.01857049011832196
1958,0.013972868077361835
1959,0.019803181732883562
1960,0.01963714517402042
1961,0.019542477265890184
1962,0.022742388383095984
1963,0.022307790352090573
1964,0.019595716062619978
1965,0.02126146412599096
1966,0.019705229037296896
1967,0.019454710940569497
1968,0.02226288222273497
1969,0.016741357436591445
1970,0.020187022371740047
1971,0.025114497220692637
1972,0.025316100052753462
1973,0.019024810620918223
1974,0.020858709033110687
1975,0.02153577875718838
1976,0.013366808873817335
1977,0.01862877518120112
1978,0.02457802662249685
1979,0.00070864017867624
1980,0.0028765955185108935
1981,0.007832652997629084
1982,0.016823357710280793
1983,-0.003233788847050494
1984,0.024815207119874484
1985,-0.0015906331964706526
1986,0.011557067212989703
1987,0.021310919234986982
1988,0.009253549611748787
1989,0.005006885745708657
1990,0.012050536821241496
1991,0.014693283776800424
1992,0.013627180567706024
1993,0.014066697145291192
1994,0.015338734000539958
1995,-0.006594383408287506
1996,0.026020401389406148
1997,0.02442326684405307
1998,0.00041555378941219087
1999,0.004876055084536997
2000,0.021988611096849166
2001,0.0016689784974495787
2002,0.022490421157829073
2003,-0.00013247235346075637
2004,0.011074038095978381
2005,0.01274354050632581
2006,-0.0015829307500260302
2007,0.023159843191257763
2008,0.02686688261204622
2009,0.009554922520447477
2010,0.023355415133667914
2011,-0.002647882082859442
2012,0.01759418855577912
2013,0.02223075085304638
2014,0.017025614563450687
2015,0.02630508379926958
2016,0.02276147352850608
2017,0.002552363867581341
2018,0.01683036007273189
2019,0.019500161747924256
2020,0.02013737427333605
2021,0.006939277024612229
2022,0.017352900142284723
2023,0.025775786673429047
2024,0.027762317809850046
2025,0.018683343142904416
2026,0.01603576077895814
2027,0.007725913970161763
2028,0.025293292315694233
2029,0.008259354540068696
2030,0.014510285865273606
2031,0.02174641129773457
2032,0.013522502566861593
2033,0.027253574166166163
2034,0.016716826835470256
2035,0.016845292622863915
2036,0.023625091029237856
2037,0.023229397691746236
2038,0.016156832202778925
2039,0.021580187376711305
2040,0.011816260147350238
2041,0.021133646841656716
2042,0.02366634936644759
2043,0.02507467385956636
2044,0.021400148505324897
2045,0.018835654726753664
2046,0.019911655545025286
2047,0.022883651478620783
2048,0.01691404939187449
2049,0.0240062263916253
2050,0.01860590138238237
2051,0.02407680172282457
2052,0.024013840936517934
2053,0.014566735066763259
2054,0.022089014368610157
2055,0.015126945991909642
2056,0.021436501341691207
2057,0.02083157322256918
2058,0.01601517572402646
2059,0.02538507886928454
2060,0.019332811409415944
2061,0.028023350413972553
2062,0.028924519914122516
2063,0.01430330054982297
2064,0.01024475041856853
2065,0.009430417935002803
2066,0.022483252709045914
2067,0.011514938011880308
2068,0.01859454467083885
2069,0.011154040234404831
2070,0.012222698292783517
2071,0.019599003086602545
2072,0.011950216615019773
2073,0.005689996446044742
2074,0.019773662781701052
2075,0.008018794925530814
2076,0.0159961082404382
2077,0.014685570114570029
2078,0.012402187019946581
2079,0.007062242864600923
2080,0.0023792831181401143
2081,0.022865120341866628
2082,0.006364131206911466
2083,0.003510821264315259
2084,0.015515444391765765
2085,0.005951166859102211
2086,0.010256402126348332
2087,0.005217291521018995
2088,0.021452032442141777
2089,0.02312405201765094
2090,0.008161044701520296
2091,0.021888417318983805
2092,0.018384818991679673
2093,0.018571661609362296
2094,0.02222000236425051
2095,-0.011977815081988774
2096,-0.002999583680573972
2097,0.006108292334039539
2098,0.009636611115278542
2099,0.013532505645754403
2100,0.015588688758574809
2101,0.021225559798501735
2102,0.010908984222927597
2103,0.016951937359207317
2104,0.022126959079975694
2105,0.012480047448177689
2106,0.023743790016480863
2107,0.007447335864605006
2108,0.023621561189265845
2109,-0.0005373482569760069
2110,0.02186457422267238
2111,0.01527702688646125
2112,0.022386811213490343
2113,0.012479475546156273
2114,0.013639095557326715
2115,0.012436690209806754
2116,0.027717279191561674
2117,0.02282694634282972
2118,0.0243812151014384
2119,-0.0007319987449128013
2120,0.0005161025068765766
2121,0.012670806732087234
2122,0.024937831590371412
2123,0.023335642861099116
2124,0.015185475452764772
2125,0.02081095666945344
2126,0.021298909370955823
2127,0.012728392687625344
2128,0.015067680148891179
2129,0.01659268620761537
2130,0.004891434466346031
2131,0.004817024092585753
2132,0.013875195649607049
2133,0.006722272925729908
2134,0.0045681909937738815
2135,0.00914232373938672
2136,0.018636190113117547
2137,0.016895675289749244
2138,0.015793358452684023
2139,0.02163095220695314
2140,0.016121626375698167
2141,0.012256766767367415
2142,-0.00039867083971719633
2143,0.02688532027291522
2144,0.017914074358318797
2145,0.015699686560430987
2146,0.027787940572583894
2147,0.01931595297154015
2148,0.011524564549407387
2149,0.02229549605994934
2150,0.0150313731374702
2151,0.021917018182788718
2152,0.0116950512557489
2153,0.013687673892686759
2154,0.006698695660992722
2155,0.021931651040363404
2156,0.012335686494062928
2157,0.01171861720417926
2158,0.013235980105345671
2159,0.018706296888376786
2160,0.01407927199794281
2161,0.018683124111012077
2162,0.001970413061877316
2163,0.022741453396659016
2164,0.019343802828302274
2165,0.025442018713489584
2166,0.007225038548157339
2167,0.02048030954277335
2168,0.013672502970379108
2169,0.01338404944226551
2170,0.02057775853813755
2171,0.013789188793446231
2172,0.01685915057826443
2173,0.0019372729648651282
2174,-0.0034289321406124596
2175,0.019900668073346194
2176,-0.0003801296599999345
2177,0.005132948058709348
2178,0.016582994684552863
2179,0.021489172313932985
2180,0.02325780473825972
2181,0.012071687976258301
2182,0.015602875570080246
2183,0.026203480542895133
2184,0.0035469153574421886
2185,-0.002642173459979994
2186,0.02097238223104035
2187,0.018133000360657375
2188,0.009544912768635592
2189,0.01823449240179416
2190,0.01412487964222568
2191,0.00416833624492582
2192,0.01109539776307185
2193,0.022980875249781076
2194,0.01610420751756934
2195,0.003949391383359296
2196,0.023073807681064012
2197,0.005661214829194641
2198,0.015110057694111485
2199,0.01581967060832383
2200,0.01544336159637745
2201,0.021479821346310234
2202,0.021423215402938692
2203,0.015505607313154788
2204,0.015212804535658169
2205,0.01670834661779654
2206,0.020755304490825268
2207,0.016172190089085915
2208,0.007563170211305325
2209,0.023032738871103332
2210,0.01622360465215174
2211,0.01859676149048731
2212,0.005769237134037333
2213,0.015896869899822103
2214,0.013553269989175724
2215,0.000822984380408377
2216,0.02916588363803927
2217,0.0056379373143229765
2218,-0.0006822326184586081
2219,0.021659236632809283
2220,0.01772689498379147
2221,0.0226405458102943
2222,0.0179555111313589
2223,0.015378318321408789
2224,0.0004791330274836728
2225,0.015484839186934775
2226,0.019189888667315528
2227,0.017660296423797503
2228,0.012338604274262772
2229,0.015072325738962387
2230,0.008376848503228946
2231,-0.000536544600947516
2232,0.007176467507947008
2233,0.018745631402955213
2234,0.0012824715344227624
2235,0.016081404805537772
2236,0.01504933461911095
2237,0.01575375510458695
2238,0.019444025622473073
2239,0.01990666169466906
2240,0.004998951129488808
2241,-0.0014359558609352205
2242,0.012529289543138592
2243,0.007148064992889973
2244,0.011040332174738543
2245,0.013205808576734398
2246,0.01206087066018481
2247,0.013024928907300634
2248,0.007475873875487543
2249,0.0010223654433675461
2250,0.01580626067479707
2251,0.022326928208616086
2252,0.020306710385168316
2253,0.02000166562350181
2254,0.006115193706907407
2255,0.009820358590669235
2256,0.012861590620083884
2257,0.003065408778849072
2258,0.006105650611387188
2259,0.021158028546618267
2260,0.01576409382035297
2261,0.023454216876603855
2262,0.0077985791586939815
2263,0.005466833890735888
2264,0.00947310464270353
2265,0.00192882536133816
2266,0.012864573945682738
2267,0.02407260059845561
2268,0.0021240312740848817
2269,0.017735639780154334
2270,0.004850489688645953
2271,0.022405574320352794
2272,0.013244165799373556
2273,0.004561672553382635
2274,0.0022074561481401004
2275,-0.00017257027496831934
2276,0.009142884883702665
2277,0.01361520267812131
2278,0.007356055377134329
2279,0.02060372198365046
2280,0.008826807826812048
2281,0.013010541130116899
2282,0.025852582317375986
2283,0.01693208425055967
2284,0.024200347170373008
2285,0.022091707727780904
2286,0.01849886567112571
2287,0.013971536214393171
2288,0.016991576605318602
2289,0.01930250860271654
2290,0.0016255869780139114
2291,0.010164091583815605
2292,0.017385389564637786
2293,0.014928286686690205
2294,0.011310396855949237
2295,0.002669129200468636
2296,0.011634302954922729
2297,0.015249807462843112
2298,0.006061773463130709
2299,0.009250842477460044
2300,0.005036333715034978
2301,0.015347324579927026
2302,0.00338806377140257
2303,0.018832459828605336
2304,-0.0014008493465957892
2305,0.010013611376132315
2306,0.0074372425690022665
2307,0.0010108257542773896
2308,0.0011350823505716216
2309,0.01427348591529531
2310,0.007908448106759515
2311,0.00994282088785858
2312,0.00800125324732312
2313,0.00828872182466527
2314,0.009111455463667064
2315,0.005632593806885131
2316,0.007545621892230285
2317,0.015661577273545692
2318,0.00592252359652077
2319,0.009782090847746849
2320,0.007922762131046366
2321,0.008630806580828512
2322,0.015389676556557782
2323,0.01629745194415423
2324,0.010747028769876371
2325,0.01080398915942971
2326,0.011494791029527569
2327,0.010335394551278628
2328,0.017948265882537718
2329,0.010196080423403066
2330,0.017658894230279464
2331,0.025474056289586725
2332,0.008893636225029651
2333,0.007894667245930964
2334,0.014566569135839032
2335,0.005130269757687519
2336,0.007670997468247351
2337,0.008016750539823342
2338,0.01648367672601195
2339,0.0087064377464555
2340,0.022511322546699644
2341,0.004865323633959392
2342,0.019248536290045082
2343,0.013238800319341305
2344,0.006875068864468073
2345,0.009366514426892417
2346,0.0063216095558662234
2347,0.014294154939498371
2348,0.017289753685865186
2349,0.025243595919315968
2350,-0.000990216689193786
2351,0.007480117672052949
2352,0.009792560083748129
2353,0.005482989102391617
2354,-0.00172244361700872
2355,0.005807926842267215
2356,0.010027723073256431
2357,0.015162402328481149
2358,0.008056447203900837
2359,0.014831506789523247
2360,0.008858956425168292
2361,-0.0004559670337376434
2362,0.004476875122992371
2363,0.009506993084441374
2364,0.00875823648134718
2365,0.013071345011694045
2366,0.016328487978879834
2367,0.0067859843560631634
2368,0.009920744182845758
2369,0.021419830430384583
2370,0.015240622208744658
2371,0.006582962286757118
2372,0.0101125025182574
2373,0.007140588535722228
2374,0.011353059229544302
2375,0.01438418434893984
2376,0.00405700112841547
2377,0.007504630668609143
2378,0.0038859203227140037
2379,0.01946088622070412
2380,0.010332787812828037
2381,0.014284665918252849
2382,0.014295738656203618
2383,0.01818237568258513
2384,0.006536390950131652
2385,0.007506346787350447
2386,0.018573363478381445
2387,0.008946962815482337
2388,0.014617515383345922
2389,0.005741732216495962
2390,0.004496602615864723
2391,0.020680811888353214
2392,0.0187630248535238
2393,0.008761879714510272
2394,0.014190945326991257
2395,0.006719322512810178
2396,0.006225092359344006
2397,-0.000944237438741345
2398,-0.003755831526958511
2399,-0.004562692669996866
2400,-0.0029113035157903
2401,0.02948717663303545
2402,0.013416898689575065
2403,0.019378760828736217
2404,0.011787260125514473
2405,0.0010583540518052039
2406,0.021388599131612465
2407,-0.001926948142556697
2408,0.0008857668367159546
2409,0.010164626774301867
2410,0.0018462549059808733
2411,-0.006550799088147052
2412,0.0031980798817058975
2413,0.02656109930333267
2414,-0.0022640466384868814
2415,0.006608851905281556
2416,0.009450855957404237
2417,0.004013080500065926
2418,0.004308148322885814
2419,0.00365835194366117
2420,0.020150566646900656
2421,0.010587196085411268
2422,0.014264033462529765
2423,-0.0006944502687264942
2424,-0.0033175283379218734
2425,0.007202141456713139
2426,-0.0030208689560910877
2427,0.00011108983467161409
2428,0.015270708616591196
2429,-0.003052866537953943
2430,0.006940237095887779
2431,0.0014429452388005641
2432,0.007663590776024648
2433,0.016248029108262025
2434,0.018358713703105427
2435,0.00843139185621754
2436,0.002952628375913795
2437,6.416547704948869e-05
2438,0.008520817092629696
2439,-0.006704307355778456
2440,0.0029291996197649776
2441,0.00022219685727174144
2442,0.0009574491658777645
2443,-0.001302770055488861
2444,0.008699750579069472
2445,0.005514668276419712
2446,0.012035782349490381
2447,0.008537665162504456
2448,0.020421765307898864
2449,0.0016268050572475934
2450,0.006658571045228219
2451,0.006231112970249928
2452,0.02637141837317026
2453,0.017118464754631055
2454,-0.0007673247343979049
