,entmun,firmgrowthclasspred,popgrowthclasspred,firmgrowthclasspred1620,popgrowthclasspred1620,y1,y2,resfirms,respop
0,1001,1,1,1,1,1,1,0,0
1,1002,1,1,1,1,1,0,0,1
2,1003,1,0,1,0,1,0,0,0
3,1004,0,0,1,1,1,0,-1,0
4,1005,1,1,1,1,1,1,0,0
5,1006,1,1,1,1,1,1,0,0
6,1007,1,1,1,1,0,1,1,0
7,1008,0,1,0,0,0,1,0,0
8,1009,0,1,1,1,0,1,0,0
9,1010,0,1,1,1,1,1,-1,0
10,1011,1,1,1,1,1,1,0,0
11,2001,1,1,1,1,1,0,0,1
12,2002,1,1,1,1,1,1,0,0
13,2003,1,1,1,1,1,0,0,1
14,2004,1,1,1,1,1,1,0,0
15,2005,1,1,1,1,1,1,0,0
16,3001,1,0,1,1,1,0,0,0
17,3002,1,0,1,1,1,0,0,0
18,3003,1,1,1,1,1,1,0,0
19,3008,1,1,1,1,1,1,0,0
20,3009,0,1,1,1,1,1,-1,0
21,4001,1,1,1,1,1,1,0,0
22,4002,1,1,1,1,1,1,0,0
23,4003,1,1,1,1,1,1,0,0
24,4004,1,1,1,1,1,1,0,0
25,4005,1,1,1,1,1,1,0,0
26,4006,1,1,1,1,1,1,0,0
27,4007,0,1,0,1,0,1,0,0
28,4008,0,1,1,1,1,1,-1,0
29,4009,1,1,1,1,1,1,0,0
30,4010,1,1,1,1,1,1,0,0
31,4011,1,1,1,1,0,1,1,0
32,5001,0,0,0,0,1,0,-1,0
33,5002,1,1,1,1,1,1,0,0
34,5003,1,0,1,1,0,0,1,0
35,5004,1,0,1,1,1,0,0,0
36,5005,0,0,0,0,0,0,0,0
37,5006,1,1,1,1,0,1,1,0
38,5007,1,0,1,1,0,0,1,0
39,5008,0,0,0,0,1,1,-1,-1
40,5009,1,1,1,1,1,0,0,1
41,5010,1,1,1,1,1,1,0,0
42,5011,0,0,1,1,0,1,0,-1
43,5012,0,0,0,0,0,0,0,0
44,5013,0,0,0,0,0,0,0,0
45,5014,0,0,1,0,0,0,0,0
46,5015,0,0,0,0,0,0,0,0
47,5016,0,0,0,0,0,0,0,0
48,5017,1,1,1,1,1,0,0,1
49,5018,1,1,1,1,0,1,1,0
50,5019,0,0,1,1,0,0,0,0
51,5020,1,1,1,1,1,0,0,1
52,5021,0,0,0,1,0,0,0,0
53,5022,1,1,1,1,1,1,0,0
54,5023,0,0,1,1,0,1,0,-1
55,5024,1,0,1,1,1,0,0,0
56,5025,1,1,1,1,1,1,0,0
57,5026,0,0,0,0,0,0,0,0
58,5027,1,1,1,1,1,1,0,0
59,5028,1,1,1,1,0,0,1,1
60,5029,0,0,0,0,0,0,0,0
61,5030,1,1,1,1,1,1,0,0
62,5031,1,0,1,1,0,1,1,-1
63,5032,1,0,1,1,0,0,1,0
64,5033,1,1,1,1,1,0,0,1
65,5034,0,1,0,1,0,1,0,0
66,5035,1,1,1,1,1,1,0,0
67,5036,0,0,0,1,0,0,0,0
68,5037,0,0,0,0,0,0,0,0
69,5038,1,0,1,0,1,0,0,0
70,6001,0,0,1,0,0,0,0,0
71,6002,1,1,1,1,1,0,0,1
72,6003,1,0,1,0,1,0,0,0
73,6004,1,0,1,0,1,0,0,0
74,6005,1,1,1,1,1,1,0,0
75,6006,0,0,0,0,1,0,-1,0
76,6007,1,1,1,1,1,1,0,0
77,6008,0,1,0,0,0,1,0,0
78,6009,1,1,1,1,1,1,0,0
79,6010,1,1,1,1,0,1,1,0
80,7001,0,1,1,1,1,1,-1,0
81,7002,1,1,1,1,1,1,0,0
82,7003,0,1,1,1,1,0,-1,1
83,7004,1,1,1,1,1,1,0,0
84,7005,0,1,0,1,1,0,-1,1
85,7006,1,1,1,1,1,0,0,1
86,7007,0,1,1,1,1,1,-1,0
87,7008,1,1,1,1,1,1,0,0
88,7009,1,0,1,1,1,0,0,0
89,7010,0,0,0,0,0,0,0,0
90,7011,0,0,1,1,0,0,0,0
91,7012,1,1,1,1,1,1,0,0
92,7013,1,1,1,1,1,1,0,0
93,7014,0,1,1,1,0,1,0,0
94,7015,1,1,1,1,1,0,0,1
95,7016,0,0,0,1,1,0,-1,0
96,7017,1,1,1,1,1,1,0,0
97,7018,0,1,1,1,1,1,-1,0
98,7019,1,1,1,1,1,1,0,0
99,7020,1,1,1,1,1,1,0,0
100,7021,1,1,1,1,1,0,0,1
101,7022,0,1,1,1,1,1,-1,0
102,7023,1,1,1,1,0,1,1,0
103,7024,0,1,1,1,1,1,-1,0
104,7025,0,0,0,1,0,0,0,0
105,7026,1,1,1,1,1,1,0,0
106,7027,1,1,1,1,1,1,0,0
107,7028,0,1,0,0,0,1,0,0
108,7029,0,0,0,1,1,0,-1,0
109,7030,1,1,1,1,1,1,0,0
110,7031,1,1,1,1,1,1,0,0
111,7032,1,1,1,1,1,1,0,0
112,7033,0,1,0,1,1,1,-1,0
113,7034,1,1,1,1,1,1,0,0
114,7035,0,1,0,1,1,1,-1,0
115,7036,0,1,0,1,1,0,-1,1
116,7037,1,1,1,1,1,0,0,1
117,7038,0,1,0,1,1,1,-1,0
118,7039,1,1,1,1,1,0,0,1
119,7040,1,1,1,1,1,1,0,0
120,7041,1,1,1,1,1,1,0,0
121,7042,0,1,0,1,1,1,-1,0
122,7043,0,1,1,1,1,1,-1,0
123,7044,1,1,1,1,1,1,0,0
124,7045,0,0,0,0,0,0,0,0
125,7046,1,1,1,1,1,0,0,1
126,7047,0,1,1,1,0,1,0,0
127,7048,1,1,1,1,0,0,1,1
128,7049,0,1,1,1,1,1,-1,0
129,7050,0,0,0,0,1,0,-1,0
130,7051,1,1,1,1,1,1,0,0
131,7052,1,1,1,1,1,1,0,0
132,7053,0,0,0,0,1,0,-1,0
133,7054,1,1,1,1,0,1,1,0
134,7055,0,0,0,1,1,1,-1,-1
135,7056,0,1,0,1,1,1,-1,0
136,7057,1,1,1,1,1,1,0,0
137,7058,0,0,0,0,0,0,0,0
138,7059,1,1,1,1,1,1,0,0
139,7060,0,1,1,1,0,1,0,0
140,7061,1,1,1,1,1,1,0,0
141,7062,0,1,0,1,0,1,0,0
142,7063,0,0,0,0,1,0,-1,0
143,7064,1,1,1,1,1,1,0,0
144,7065,1,1,1,1,1,1,0,0
145,7066,0,1,1,1,0,1,0,0
146,7067,0,1,0,1,1,1,-1,0
147,7068,1,1,1,1,1,0,0,1
148,7069,1,1,1,1,0,1,1,0
149,7070,0,1,1,1,1,1,-1,0
150,7071,1,1,1,1,1,0,0,1
151,7072,1,1,1,1,0,0,1,1
152,7073,0,1,1,1,1,1,-1,0
153,7074,1,1,1,1,1,1,0,0
154,7075,1,1,1,1,1,1,0,0
155,7076,1,1,1,1,1,1,0,0
156,7077,1,1,1,1,1,1,0,0
157,7078,1,1,1,1,1,1,0,0
158,7079,1,1,1,1,0,1,1,0
159,7080,1,1,1,1,1,0,0,1
160,7081,1,1,1,1,1,1,0,0
161,7082,0,1,0,1,1,1,-1,0
162,7083,0,1,1,1,0,1,0,0
163,7084,0,1,0,1,0,0,0,1
164,7085,0,1,1,1,1,1,-1,0
165,7086,1,1,1,1,1,1,0,0
166,7087,1,1,1,1,1,1,0,0
167,7088,0,0,0,0,0,0,0,0
168,7089,1,1,1,1,1,1,0,0
169,7090,0,0,0,0,1,0,-1,0
170,7091,1,1,1,1,1,1,0,0
171,7092,1,1,1,1,1,0,0,1
172,7093,1,1,1,1,0,1,1,0
173,7094,1,1,1,1,1,1,0,0
174,7096,1,1,1,1,1,1,0,0
175,7097,1,1,1,1,1,1,0,0
176,7098,0,1,0,1,1,1,-1,0
177,7099,1,1,1,1,1,1,0,0
178,7100,1,1,1,1,1,1,0,0
179,7101,1,1,1,1,1,1,0,0
180,7102,1,1,1,1,1,1,0,0
181,7103,1,1,1,1,1,1,0,0
182,7104,0,1,1,1,1,1,-1,0
183,7105,1,1,1,1,1,1,0,0
184,7106,1,1,1,1,1,1,0,0
185,7107,1,1,1,1,1,1,0,0
186,7108,1,1,1,1,1,1,0,0
187,7109,1,1,1,1,1,1,0,0
188,7110,0,1,0,1,1,1,-1,0
189,7111,1,1,1,1,1,1,0,0
190,7112,1,1,1,1,0,1,1,0
191,7113,0,0,0,0,1,1,-1,-1
192,7114,1,1,1,1,1,1,0,0
193,7115,0,1,1,1,1,1,-1,0
194,7116,0,1,1,1,1,1,-1,0
195,7117,0,1,0,1,0,1,0,0
196,7118,0,0,0,0,0,1,0,-1
197,7119,0,0,0,0,0,1,0,-1
198,8001,1,0,1,1,1,1,0,-1
199,8002,1,0,1,1,1,1,0,-1
200,8003,0,0,1,0,0,0,0,0
201,8004,0,0,1,1,1,1,-1,-1
202,8005,1,0,1,0,1,0,0,0
203,8006,0,0,0,0,0,0,0,0
204,8007,0,0,1,1,1,0,-1,0
205,8008,0,0,0,0,0,0,0,0
206,8009,1,0,1,1,0,0,1,0
207,8010,1,0,1,0,1,0,0,0
208,8011,1,1,1,1,1,1,0,0
209,8012,0,0,0,0,0,0,0,0
210,8013,0,0,0,0,1,1,-1,-1
211,8014,0,0,0,0,0,0,0,0
212,8015,0,0,0,0,0,0,0,0
213,8016,0,0,0,0,1,0,-1,0
214,8017,1,1,1,1,1,1,0,0
215,8018,0,0,0,0,0,0,0,0
216,8019,1,1,1,1,1,1,0,0
217,8020,0,0,0,0,0,0,0,0
218,8021,1,1,1,1,1,1,0,0
219,8022,0,0,0,0,0,0,0,0
220,8023,0,0,0,0,0,0,0,0
221,8024,0,0,0,0,0,0,0,0
222,8025,0,0,1,0,1,0,-1,0
223,8026,0,0,0,0,0,0,0,0
224,8027,1,0,1,1,0,0,1,0
225,8028,0,0,0,0,0,0,0,0
226,8029,1,0,1,1,0,0,1,0
227,8030,0,0,0,0,0,0,0,0
228,8031,1,0,1,0,1,0,0,0
229,8032,1,1,1,1,1,0,0,1
230,8033,0,0,0,0,1,0,-1,0
231,8034,0,0,0,0,1,0,-1,0
232,8035,0,0,0,0,1,0,-1,0
233,8036,1,0,1,1,1,0,0,0
234,8037,1,1,1,1,1,0,0,1
235,8038,0,0,0,0,0,0,0,0
236,8039,0,0,0,0,0,0,0,0
237,8040,1,0,1,0,0,0,1,0
238,8041,0,0,0,0,0,0,0,0
239,8042,0,0,0,0,0,0,0,0
240,8043,0,0,0,0,0,0,0,0
241,8044,0,0,0,0,0,0,0,0
242,8045,1,0,1,0,1,0,0,0
243,8046,0,0,0,0,0,0,0,0
244,8047,0,0,0,0,1,0,-1,0
245,8048,1,0,1,0,1,0,0,0
246,8049,0,0,0,0,0,0,0,0
247,8050,1,1,1,1,1,1,0,0
248,8051,0,0,0,0,0,0,0,0
249,8052,1,0,1,0,1,1,0,-1
250,8053,0,0,0,0,0,1,0,-1
251,8054,0,0,0,0,0,0,0,0
252,8055,0,0,1,0,1,0,-1,0
253,8056,0,0,0,0,0,0,0,0
254,8057,0,0,0,0,0,0,0,0
255,8058,0,0,0,0,1,0,-1,0
256,8059,0,0,0,1,1,1,-1,-1
257,8060,1,0,1,1,1,0,0,0
258,8061,0,0,0,0,1,0,-1,0
259,8062,1,0,1,0,0,0,1,0
260,8063,0,0,0,0,0,0,0,0
261,8064,0,0,0,0,0,0,0,0
262,8065,0,0,0,0,0,0,0,0
263,8066,0,0,0,0,0,0,0,0
264,8067,0,0,0,0,0,0,0,0
265,9002,1,0,1,0,1,0,0,0
266,9003,1,0,1,0,1,0,0,0
267,9004,1,1,1,1,1,1,0,0
268,9005,1,0,1,0,1,0,0,0
269,9006,1,0,1,0,1,0,0,0
270,9007,1,0,1,0,1,0,0,0
271,9008,1,0,1,0,1,0,0,0
272,9009,1,1,1,1,1,1,0,0
273,9010,1,0,1,0,1,0,0,0
274,9011,1,0,1,0,1,0,0,0
275,9012,1,0,1,0,1,0,0,0
276,9013,1,0,1,0,1,0,0,0
277,9014,1,1,1,0,1,1,0,0
278,9015,1,0,1,0,1,0,0,0
279,9016,1,0,1,0,1,0,0,0
280,9017,1,0,1,0,1,0,0,0
281,10001,1,0,1,1,0,0,1,0
282,10002,0,0,0,0,0,1,0,-1
283,10003,0,0,0,0,0,0,0,0
284,10004,1,1,1,1,1,1,0,0
285,10005,1,1,1,1,1,1,0,0
286,10006,0,0,0,0,0,0,0,0
287,10007,1,1,1,1,1,0,0,1
288,10008,1,0,1,0,1,0,0,0
289,10009,0,0,0,0,1,0,-1,0
290,10010,0,0,0,0,1,0,-1,0
291,10011,0,0,0,0,0,0,0,0
292,10012,1,1,1,1,1,1,0,0
293,10013,1,1,1,1,1,1,0,0
294,10014,1,1,1,1,0,1,1,0
295,10015,0,0,1,0,1,0,-1,0
296,10016,0,0,1,0,0,1,0,-1
297,10017,0,0,1,0,0,0,0,0
298,10018,1,0,1,0,0,0,1,0
299,10019,0,0,0,0,0,0,0,0
300,10020,0,0,1,0,0,0,0,0
301,10021,0,0,1,0,1,0,-1,0
302,10022,1,0,1,0,1,0,0,0
303,10023,1,1,1,1,1,0,0,1
304,10024,0,0,1,0,1,1,-1,-1
305,10025,0,0,0,0,0,0,0,0
306,10026,0,0,1,1,1,0,-1,0
307,10027,0,0,0,0,0,0,0,0
308,10028,0,0,1,0,0,1,0,-1
309,10029,0,0,0,0,1,0,-1,0
310,10030,0,0,0,0,0,0,0,0
311,10031,0,0,0,0,0,0,0,0
312,10032,1,1,1,1,1,1,0,0
313,10033,0,0,0,0,1,0,-1,0
314,10034,1,0,1,1,0,0,1,0
315,10035,1,0,1,0,1,0,0,0
316,10036,1,0,1,1,1,0,0,0
317,10037,0,0,0,0,0,1,0,-1
318,10038,1,0,1,0,1,0,0,0
319,10039,1,0,1,0,1,0,0,0
320,11001,1,1,1,1,1,1,0,0
321,11002,1,0,1,1,0,0,1,0
322,11003,1,1,1,1,0,1,1,0
323,11004,1,1,1,1,0,1,1,0
324,11005,1,1,1,1,1,1,0,0
325,11006,0,0,0,0,0,0,0,0
326,11007,1,1,1,1,1,1,0,0
327,11008,1,0,1,0,1,0,0,0
328,11009,1,1,1,1,1,1,0,0
329,11010,1,0,1,0,0,0,1,0
330,11011,1,1,1,1,1,1,0,0
331,11012,1,0,1,0,1,0,0,0
332,11013,1,0,1,0,1,0,0,0
333,11014,1,0,1,1,0,0,1,0
334,11015,1,1,1,1,1,1,0,0
335,11016,1,0,1,0,1,1,0,-1
336,11017,1,1,1,1,1,1,0,0
337,11018,1,0,1,0,1,0,0,0
338,11019,1,0,1,0,1,0,0,0
339,11020,1,1,1,1,1,1,0,0
340,11021,1,1,1,1,0,0,1,1
341,11022,1,0,1,0,1,0,0,0
342,11023,1,1,1,1,1,0,0,1
343,11024,1,0,1,0,1,1,0,-1
344,11025,1,1,1,1,1,1,0,0
345,11026,1,1,1,0,1,1,0,0
346,11027,1,1,1,1,1,0,0,1
347,11028,1,0,1,0,1,0,0,0
348,11029,1,0,1,0,0,1,1,-1
349,11030,1,1,1,1,1,1,0,0
350,11031,1,1,1,1,1,1,0,0
351,11032,1,1,1,1,1,1,0,0
352,11033,1,1,1,1,1,0,0,1
353,11034,0,0,0,0,0,0,0,0
354,11035,1,0,1,0,1,0,0,0
355,11036,0,0,1,0,1,0,-1,0
356,11037,1,1,1,1,1,1,0,0
357,11038,0,0,1,0,1,1,-1,-1
358,11039,1,0,1,0,1,0,0,0
359,11040,0,0,1,1,0,0,0,0
360,11041,1,1,1,1,1,1,0,0
361,11042,1,0,1,0,1,0,0,0
362,11043,0,0,1,0,0,0,0,0
363,11044,1,1,1,1,1,1,0,0
364,11045,0,0,0,0,1,0,-1,0
365,11046,1,0,1,0,1,0,0,0
366,12001,1,1,1,1,1,0,0,1
367,12002,1,1,1,1,1,1,0,0
368,12003,1,0,1,1,1,0,0,0
369,12004,0,0,1,1,0,0,0,0
370,12005,0,0,0,0,1,0,-1,0
371,12006,0,0,1,1,0,0,0,0
372,12007,1,0,1,1,1,0,0,0
373,12008,0,0,1,0,0,0,0,0
374,12009,0,0,0,0,0,0,0,0
375,12010,1,0,1,1,0,0,1,0
376,12011,1,1,1,1,1,0,0,1
377,12012,1,1,1,1,0,1,1,0
378,12013,0,0,1,1,1,0,-1,0
379,12014,0,0,1,1,0,0,0,0
380,12015,1,0,1,0,0,0,1,0
381,12016,0,0,0,0,1,0,-1,0
382,12017,0,0,1,0,0,0,0,0
383,12018,0,0,1,0,1,0,-1,0
384,12019,1,0,1,1,0,0,1,0
385,12020,0,1,0,1,0,1,0,0
386,12021,1,1,1,1,1,0,0,1
387,12022,1,0,1,0,0,0,1,0
388,12023,1,0,1,0,1,1,0,-1
389,12024,0,1,0,1,0,1,0,0
390,12025,0,1,0,1,0,1,0,0
391,12026,0,0,0,0,0,0,0,0
392,12027,0,0,1,0,0,0,0,0
393,12028,1,1,1,1,1,1,0,0
394,12029,1,1,1,1,1,1,0,0
395,12030,1,0,1,1,1,0,0,0
396,12031,0,0,0,0,0,0,0,0
397,12032,1,0,1,1,1,0,0,0
398,12033,0,0,1,0,1,1,-1,-1
399,12034,1,0,1,0,1,0,0,0
400,12035,1,1,1,1,1,1,0,0
401,12036,0,1,1,1,1,1,-1,0
402,12037,0,0,0,0,0,0,0,0
403,12038,1,1,1,1,1,1,0,0
404,12039,1,0,1,1,0,0,1,0
405,12040,1,1,1,1,1,1,0,0
406,12041,0,0,0,1,0,0,0,0
407,12042,1,0,1,1,1,0,0,0
408,12043,0,0,1,1,1,0,-1,0
409,12044,0,1,1,1,1,1,-1,0
410,12045,1,0,1,1,1,0,0,0
411,12046,1,1,1,1,1,1,0,0
412,12047,0,0,0,0,0,0,0,0
413,12048,1,0,1,1,1,0,0,0
414,12049,0,1,1,1,0,1,0,0
415,12050,1,0,1,1,0,0,1,0
416,12051,1,1,1,1,1,0,0,1
417,12052,1,1,1,1,1,0,0,1
418,12053,1,0,1,0,1,0,0,0
419,12054,1,0,1,1,1,0,0,0
420,12055,1,1,1,1,1,0,0,1
421,12056,1,0,1,1,1,1,0,-1
422,12057,1,0,1,1,0,0,1,0
423,12058,1,1,1,1,1,1,0,0
424,12059,1,0,1,1,0,0,1,0
425,12060,0,0,1,1,0,1,0,-1
426,12061,1,1,1,1,0,1,1,0
427,12062,0,1,1,1,1,1,-1,0
428,12063,0,0,0,1,1,0,-1,0
429,12064,0,0,1,0,0,1,0,-1
430,12065,0,0,0,0,0,0,0,0
431,12066,1,1,1,1,1,1,0,0
432,12067,1,0,1,1,1,0,0,0
433,12068,0,0,1,1,0,0,0,0
434,12069,0,0,0,1,1,0,-1,0
435,12070,0,0,0,0,0,0,0,0
436,12071,1,0,1,1,0,0,1,0
437,12072,0,1,0,1,1,1,-1,0
438,12073,0,0,1,0,1,0,-1,0
439,12074,1,0,1,1,1,0,0,0
440,12075,1,1,1,1,1,1,0,0
441,12076,1,1,1,1,1,1,0,0
442,12077,0,0,1,1,0,1,0,-1
443,12078,0,0,0,1,1,0,-1,0
444,12079,0,1,0,1,0,1,0,0
445,12080,0,0,0,0,1,1,-1,-1
446,12081,0,1,1,1,1,1,-1,0
447,13001,0,0,0,0,0,0,0,0
448,13002,1,1,1,1,0,1,1,0
449,13003,1,0,1,1,1,0,0,0
450,13004,0,0,0,1,0,0,0,0
451,13005,1,1,1,0,0,1,1,0
452,13006,0,0,1,0,0,1,0,-1
453,13007,0,1,1,1,1,1,-1,0
454,13008,1,1,1,1,0,0,1,1
455,13009,0,1,0,1,0,1,0,0
456,13010,1,1,1,1,1,1,0,0
457,13011,0,0,1,1,1,0,-1,0
458,13012,1,0,1,0,1,0,0,0
459,13013,1,1,1,1,1,1,0,0
460,13014,0,1,1,1,1,0,-1,1
461,13015,0,0,0,0,1,0,-1,0
462,13016,1,1,1,1,0,1,1,0
463,13017,0,1,1,0,1,1,-1,0
464,13018,1,0,1,0,0,1,1,-1
465,13019,0,0,0,0,1,0,-1,0
466,13020,0,0,0,0,1,0,-1,0
467,13021,1,1,1,1,1,1,0,0
468,13022,0,1,1,1,1,1,-1,0
469,13023,1,1,1,1,1,1,0,0
470,13024,0,0,0,0,1,0,-1,0
471,13025,1,1,1,1,1,0,0,1
472,13026,0,1,0,0,1,1,-1,0
473,13027,1,1,1,1,0,1,1,0
474,13028,1,1,1,1,1,1,0,0
475,13029,1,0,1,0,0,0,1,0
476,13030,1,1,1,1,1,1,0,0
477,13031,1,0,1,0,0,0,1,0
478,13032,0,1,1,1,0,1,0,0
479,13033,0,0,0,0,1,0,-1,0
480,13034,0,0,0,0,0,0,0,0
481,13035,0,0,0,0,1,0,-1,0
482,13036,0,0,0,0,1,0,-1,0
483,13037,0,0,1,0,1,0,-1,0
484,13038,0,1,0,0,0,1,0,0
485,13039,1,1,1,1,1,1,0,0
486,13040,0,0,0,0,0,0,0,0
487,13041,1,1,1,1,1,1,0,0
488,13042,0,1,1,1,1,0,-1,1
489,13043,0,0,0,0,0,1,0,-1
490,13044,0,1,1,1,0,1,0,0
491,13045,0,0,0,0,1,1,-1,-1
492,13046,1,1,1,1,0,0,1,1
493,13047,0,0,0,0,0,0,0,0
494,13048,1,1,1,1,1,0,0,1
495,13049,0,0,1,0,0,0,0,0
496,13050,1,1,1,1,0,1,1,0
497,13051,1,1,1,1,1,1,0,0
498,13052,1,1,1,1,1,1,0,0
499,13053,0,0,1,1,0,0,0,0
500,13054,1,0,1,0,1,1,0,-1
501,13055,0,0,0,0,1,1,-1,-1
502,13056,1,1,1,1,0,1,1,0
503,13057,0,1,1,1,1,1,-1,0
504,13058,0,0,1,0,1,0,-1,0
505,13059,1,0,1,0,1,1,0,-1
506,13060,0,0,1,0,0,1,0,-1
507,13061,1,1,1,1,1,1,0,0
508,13062,0,1,0,1,0,1,0,0
509,13063,1,1,1,1,1,1,0,0
510,13064,0,1,0,0,1,1,-1,0
511,13065,0,1,1,1,0,0,0,1
512,13066,1,1,1,1,0,1,1,0
513,13067,1,1,1,1,1,1,0,0
514,13068,0,1,0,1,0,1,0,0
515,13069,1,1,1,1,1,1,0,0
516,13070,1,1,1,1,1,1,0,0
517,13071,0,1,0,0,1,1,-1,0
518,13072,0,1,1,1,1,0,-1,1
519,13073,1,1,1,1,0,1,1,0
520,13074,1,1,1,1,0,1,1,0
521,13075,1,1,1,1,1,1,0,0
522,13076,1,1,1,1,1,0,0,1
523,13077,1,1,1,1,1,1,0,0
524,13078,0,0,0,1,1,0,-1,0
525,13079,0,1,0,0,1,1,-1,0
526,13080,0,0,1,1,1,0,-1,0
527,13081,1,1,1,1,1,1,0,0
528,13082,1,1,1,1,1,0,0,1
529,13083,1,1,1,1,1,1,0,0
530,13084,1,0,1,0,1,0,0,0
531,14001,1,0,1,0,1,0,0,0
532,14002,1,1,1,1,1,0,0,1
533,14003,1,0,1,0,1,1,0,-1
534,14004,0,0,0,0,1,0,-1,0
535,14005,0,0,1,1,0,0,0,0
536,14006,1,1,1,1,1,1,0,0
537,14007,0,0,1,0,1,1,-1,-1
538,14008,1,1,1,1,1,1,0,0
539,14009,1,0,1,0,1,1,0,-1
540,14010,0,0,1,1,1,0,-1,0
541,14011,0,0,0,0,0,0,0,0
542,14012,0,0,0,0,1,0,-1,0
543,14013,1,1,1,1,1,0,0,1
544,14014,0,0,1,0,0,0,0,0
545,14015,1,1,1,1,1,1,0,0
546,14016,1,0,1,0,1,0,0,0
547,14017,1,0,1,0,0,0,1,0
548,14018,1,0,1,1,1,0,0,0
549,14019,0,1,0,0,1,1,-1,0
550,14020,0,1,0,1,0,0,0,1
551,14021,1,0,1,0,0,0,1,0
552,14022,1,1,1,1,1,1,0,0
553,14023,1,1,1,1,1,0,0,1
554,14024,1,0,1,0,1,0,0,0
555,14025,1,0,1,0,1,0,0,0
556,14026,0,0,1,0,0,0,0,0
557,14027,0,0,0,0,1,0,-1,0
558,14028,0,0,0,0,1,0,-1,0
559,14029,0,0,1,0,0,0,0,0
560,14030,1,0,1,0,1,0,0,0
561,14031,0,0,0,0,1,0,-1,0
562,14032,0,0,0,0,0,0,0,0
563,14033,1,0,1,0,0,0,1,0
564,14034,0,0,0,0,0,0,0,0
565,14035,1,0,1,0,1,0,0,0
566,14036,1,1,1,1,1,1,0,0
567,14037,1,0,1,0,0,0,1,0
568,14038,0,0,0,0,1,0,-1,0
569,14039,1,0,1,0,1,0,0,0
570,14040,0,0,0,0,1,0,-1,0
571,14041,0,0,1,0,0,0,0,0
572,14042,0,0,1,0,1,0,-1,0
573,14043,0,0,1,0,1,0,-1,0
574,14044,1,1,1,1,1,1,0,0
575,14045,1,0,1,0,1,0,0,0
576,14046,1,0,1,0,1,1,0,-1
577,14047,1,1,1,0,1,1,0,0
578,14048,1,0,1,0,0,0,1,0
579,14049,0,0,0,0,0,0,0,0
580,14050,1,1,1,1,1,1,0,0
581,14051,0,1,1,1,1,1,-1,0
582,14052,0,0,0,0,0,0,0,0
583,14053,1,1,1,1,1,1,0,0
584,14054,0,0,0,0,0,0,0,0
585,14055,1,1,1,1,1,1,0,0
586,14056,0,0,0,0,0,0,0,0
587,14057,0,0,0,0,0,0,0,0
588,14058,1,0,1,0,0,0,1,0
589,14059,1,0,1,0,0,0,1,0
590,14060,0,0,0,0,0,0,0,0
591,14061,0,1,1,1,0,1,0,0
592,14062,0,0,0,0,1,0,-1,0
593,14063,1,1,1,1,1,1,0,0
594,14064,1,1,1,0,1,1,0,0
595,14065,0,0,1,0,1,0,-1,0
596,14066,1,1,1,0,1,1,0,0
597,14067,1,1,1,1,1,1,0,0
598,14068,1,0,1,0,1,0,0,0
599,14069,0,0,0,0,0,0,0,0
600,14070,1,1,1,1,1,1,0,0
601,14071,0,0,0,0,1,0,-1,0
602,14072,0,0,1,0,0,1,0,-1
603,14073,1,1,1,1,1,1,0,0
604,14074,1,0,1,0,1,0,0,0
605,14075,0,0,0,0,1,0,-1,0
606,14076,0,0,0,0,1,0,-1,0
607,14077,1,0,1,0,1,1,0,-1
608,14078,1,0,1,0,0,1,1,-1
609,14079,1,1,1,1,1,0,0,1
610,14080,0,0,0,0,1,0,-1,0
611,14081,0,0,0,0,1,0,-1,0
612,14082,1,1,1,1,1,1,0,0
613,14083,1,1,1,1,1,1,0,0
614,14084,1,1,1,1,1,0,0,1
615,14085,1,0,1,0,1,0,0,0
616,14086,1,1,1,1,0,1,1,0
617,14087,1,0,1,0,0,0,1,0
618,14088,1,0,1,0,1,0,0,0
619,14089,0,0,0,0,0,1,0,-1
620,14090,0,0,1,0,1,0,-1,0
621,14091,1,0,1,0,1,0,0,0
622,14092,0,0,1,0,1,0,-1,0
623,14093,1,1,1,1,1,0,0,1
624,14094,1,1,1,1,1,0,0,1
625,14095,0,0,0,0,1,1,-1,-1
626,14096,1,0,1,0,0,0,1,0
627,14097,1,1,1,1,1,1,0,0
628,14098,1,1,1,1,1,1,0,0
629,14099,0,0,1,0,1,1,-1,-1
630,14100,1,0,1,0,1,0,0,0
631,14101,1,1,1,1,1,1,0,0
632,14102,0,0,1,0,0,0,0,0
633,14103,0,1,1,1,0,1,0,0
634,14104,0,0,0,0,0,0,0,0
635,14105,1,1,1,1,1,1,0,0
636,14106,0,0,0,0,1,0,-1,0
637,14107,0,0,0,1,0,0,0,0
638,14108,1,1,1,1,0,0,1,1
639,14109,1,0,1,0,1,0,0,0
640,14110,1,0,1,0,0,0,1,0
641,14111,0,0,1,0,0,0,0,0
642,14112,0,0,1,0,0,0,0,0
643,14113,1,0,1,0,0,1,1,-1
644,14114,1,0,1,0,0,1,1,-1
645,14115,0,0,0,0,1,0,-1,0
646,14116,1,0,1,0,0,1,1,-1
647,14117,0,0,0,0,0,0,0,0
648,14118,1,0,1,0,0,0,1,0
649,14119,1,0,1,0,0,0,1,0
650,14120,1,1,1,1,1,1,0,0
651,14121,1,0,1,0,0,0,1,0
652,14122,0,0,0,0,1,1,-1,-1
653,14123,0,0,1,0,1,0,-1,0
654,14124,1,1,1,1,0,1,1,0
655,14125,1,0,1,0,1,1,0,-1
656,15001,1,1,1,1,1,1,0,0
657,15002,1,1,1,1,0,1,1,0
658,15003,1,1,1,1,1,1,0,0
659,15004,1,0,1,0,1,0,0,0
660,15005,1,1,1,1,1,1,0,0
661,15006,1,1,1,1,0,0,1,1
662,15007,0,1,0,1,0,1,0,0
663,15008,1,0,1,0,0,0,1,0
664,15009,1,1,1,1,1,1,0,0
665,15010,1,1,1,1,0,1,1,0
666,15011,1,1,1,1,1,1,0,0
667,15012,1,1,1,1,0,1,1,0
668,15013,1,1,1,1,1,1,0,0
669,15014,1,1,1,1,1,1,0,0
670,15015,1,1,1,1,1,1,0,0
671,15016,1,1,1,1,1,1,0,0
672,15017,0,1,0,1,0,1,0,0
673,15018,1,1,1,1,1,1,0,0
674,15019,1,1,1,1,0,0,1,1
675,15020,1,1,1,1,1,0,0,1
676,15021,1,1,1,0,1,1,0,0
677,15022,0,1,1,1,0,1,0,0
678,15023,1,1,1,1,0,1,1,0
679,15024,1,1,1,1,1,1,0,0
680,15025,1,1,1,1,1,1,0,0
681,15026,1,1,1,1,1,0,0,1
682,15027,0,1,1,1,1,1,-1,0
683,15028,1,1,1,1,0,1,1,0
684,15029,1,1,1,1,1,1,0,0
685,15030,1,1,1,1,0,1,1,0
686,15031,1,1,1,1,1,1,0,0
687,15032,1,0,1,1,1,0,0,0
688,15033,1,0,1,0,1,0,0,0
689,15034,0,1,1,1,1,0,-1,1
690,15035,1,1,1,1,1,1,0,0
691,15036,1,1,1,1,1,1,0,0
692,15037,1,1,1,1,1,1,0,0
693,15038,0,1,0,1,0,1,0,0
694,15039,1,1,1,1,1,1,0,0
695,15040,1,1,1,1,1,1,0,0
696,15041,0,0,0,0,0,0,0,0
697,15042,1,1,1,1,1,1,0,0
698,15043,1,1,1,1,0,1,1,0
699,15044,1,1,1,1,0,1,1,0
700,15045,1,1,1,1,1,0,0,1
701,15046,0,1,1,1,0,1,0,0
702,15047,1,1,1,1,1,1,0,0
703,15048,1,1,1,1,1,1,0,0
704,15049,0,1,1,1,1,1,-1,0
705,15050,1,1,1,1,1,1,0,0
706,15051,1,1,1,1,1,1,0,0
707,15052,1,1,1,1,1,1,0,0
708,15053,1,1,1,1,1,1,0,0
709,15054,1,1,1,1,1,1,0,0
710,15055,1,1,1,1,0,1,1,0
711,15056,1,1,1,1,0,1,1,0
712,15057,1,0,1,1,1,0,0,0
713,15058,1,0,1,0,1,0,0,0
714,15059,1,1,1,1,0,1,1,0
715,15060,1,1,1,1,1,1,0,0
716,15061,0,1,1,1,0,0,0,1
717,15062,1,1,1,1,0,1,1,0
718,15063,1,1,1,1,1,1,0,0
719,15064,1,1,1,1,1,1,0,0
720,15065,1,1,1,1,1,0,0,1
721,15066,0,0,0,0,0,0,0,0
722,15067,1,1,1,1,1,1,0,0
723,15068,1,1,1,1,1,1,0,0
724,15069,0,0,0,1,0,0,0,0
725,15070,1,1,1,1,1,1,0,0
726,15071,0,1,1,1,0,1,0,0
727,15072,0,1,1,1,0,0,0,1
728,15073,1,1,1,1,1,1,0,0
729,15074,1,1,1,1,0,1,1,0
730,15075,1,1,1,1,0,1,1,0
731,15076,1,1,1,1,0,0,1,1
732,15077,0,0,0,0,0,0,0,0
733,15078,0,1,0,0,0,1,0,0
734,15079,0,1,1,1,1,1,-1,0
735,15080,1,1,1,1,1,0,0,1
736,15081,1,1,1,1,1,1,0,0
737,15082,1,1,1,1,1,1,0,0
738,15083,0,1,1,1,1,1,-1,0
739,15084,1,1,1,1,1,1,0,0
740,15085,1,1,1,1,1,0,0,1
741,15086,1,0,1,1,1,0,0,0
742,15087,1,1,1,1,1,1,0,0
743,15088,1,1,1,1,1,1,0,0
744,15089,0,1,1,1,1,1,-1,0
745,15090,1,1,1,1,1,1,0,0
746,15091,1,1,1,1,0,1,1,0
747,15092,1,1,1,1,1,1,0,0
748,15093,1,1,1,1,1,1,0,0
749,15094,1,1,1,1,1,1,0,0
750,15095,1,1,1,1,1,1,0,0
751,15096,1,1,1,1,1,1,0,0
752,15097,1,1,1,1,1,1,0,0
753,15098,0,0,0,1,1,0,-1,0
754,15099,1,1,1,1,1,0,0,1
755,15100,1,1,1,1,1,1,0,0
756,15101,1,1,1,1,1,1,0,0
757,15102,0,1,0,1,0,0,0,1
758,15103,1,1,1,1,0,0,1,1
759,15104,1,1,1,1,1,1,0,0
760,15105,1,0,1,0,1,1,0,-1
761,15106,1,1,1,1,1,1,0,0
762,15107,1,0,1,0,1,0,0,0
763,15108,1,1,1,1,1,1,0,0
764,15109,1,1,1,1,1,0,0,1
765,15110,1,1,1,1,1,1,0,0
766,15111,1,1,1,1,0,1,1,0
767,15112,1,1,1,1,0,1,1,0
768,15113,1,1,1,1,1,1,0,0
769,15114,1,1,1,1,0,1,1,0
770,15115,1,1,1,1,1,1,0,0
771,15116,0,0,0,0,0,0,0,0
772,15117,0,0,1,1,0,0,0,0
773,15118,1,1,1,1,1,1,0,0
774,15119,0,0,1,0,1,0,-1,0
775,15120,1,1,1,1,1,1,0,0
776,15121,1,1,1,1,1,0,0,1
777,15122,1,1,1,1,0,1,1,0
778,15123,1,0,1,0,1,0,0,0
779,15124,1,1,1,1,1,0,0,1
780,15125,0,1,1,1,0,0,0,1
781,16001,0,1,1,1,0,0,0,1
782,16002,1,0,1,0,1,0,0,0
783,16003,0,0,1,0,0,0,0,0
784,16004,0,0,1,0,0,0,0,0
785,16005,0,1,1,1,0,0,0,1
786,16006,1,1,1,1,1,0,0,1
787,16007,0,0,0,0,0,0,0,0
788,16008,0,1,0,1,0,1,0,0
789,16009,1,0,1,0,0,0,1,0
790,16010,0,0,1,1,0,0,0,0
791,16011,0,1,1,1,0,1,0,0
792,16012,1,0,1,0,1,1,0,-1
793,16013,0,0,1,0,0,0,0,0
794,16014,0,0,1,1,0,0,0,0
795,16015,1,0,1,1,1,0,0,0
796,16016,1,0,1,0,1,0,0,0
797,16017,1,0,1,0,0,0,1,0
798,16018,0,0,0,0,1,0,-1,0
799,16019,1,0,1,0,0,0,1,0
800,16020,0,1,1,0,0,1,0,0
801,16021,1,1,1,1,1,0,0,1
802,16022,1,0,1,0,0,0,1,0
803,16023,1,0,1,0,1,0,0,0
804,16024,1,1,1,0,1,1,0,0
805,16025,1,1,1,1,1,1,0,0
806,16026,0,0,0,0,0,0,0,0
807,16027,0,0,0,0,1,0,-1,0
808,16028,0,0,0,0,0,0,0,0
809,16029,0,0,1,0,0,1,0,-1
810,16030,1,0,1,0,1,0,0,0
811,16031,0,0,1,0,0,0,0,0
812,16032,0,0,0,0,0,1,0,-1
813,16033,1,1,1,1,1,1,0,0
814,16034,1,0,1,1,0,0,1,0
815,16035,1,0,1,0,0,0,1,0
816,16036,0,0,1,0,0,0,0,0
817,16037,0,0,0,0,1,0,-1,0
818,16038,1,0,1,0,1,0,0,0
819,16039,0,0,0,0,1,1,-1,-1
820,16040,1,0,1,0,1,0,0,0
821,16041,0,0,1,0,1,0,-1,0
822,16042,0,0,1,0,0,0,0,0
823,16043,1,1,1,1,1,1,0,0
824,16044,0,0,1,0,1,0,-1,0
825,16045,1,0,1,0,1,0,0,0
826,16046,0,0,1,0,0,1,0,-1
827,16047,0,0,1,0,0,1,0,-1
828,16048,0,0,0,0,1,0,-1,0
829,16049,1,0,1,0,1,0,0,0
830,16050,1,1,1,1,1,1,0,0
831,16051,1,0,1,0,1,1,0,-1
832,16052,1,1,1,1,1,0,0,1
833,16053,1,1,1,1,1,1,0,0
834,16054,0,0,1,0,0,0,0,0
835,16055,1,1,1,1,0,0,1,1
836,16056,1,1,1,1,0,0,1,1
837,16057,0,0,0,0,0,1,0,-1
838,16058,1,0,1,0,0,0,1,0
839,16059,0,0,0,0,0,0,0,0
840,16060,0,0,1,0,1,0,-1,0
841,16061,0,0,1,1,0,1,0,-1
842,16062,1,0,1,0,0,0,1,0
843,16063,1,0,1,0,1,0,0,0
844,16064,1,0,1,0,1,1,0,-1
845,16065,1,1,1,0,1,1,0,0
846,16066,1,1,1,1,1,1,0,0
847,16067,0,0,1,0,0,0,0,0
848,16068,1,1,1,1,1,1,0,0
849,16069,1,1,1,1,1,0,0,1
850,16070,1,0,1,0,1,0,0,0
851,16071,1,0,1,0,0,0,1,0
852,16072,1,0,1,0,0,0,1,0
853,16073,1,1,1,0,1,1,0,0
854,16074,0,0,1,0,0,0,0,0
855,16075,1,1,1,1,1,1,0,0
856,16076,1,1,1,1,1,1,0,0
857,16077,1,1,1,1,1,0,0,1
858,16078,0,0,1,0,0,0,0,0
859,16079,1,1,1,1,1,1,0,0
860,16080,0,0,1,1,1,0,-1,0
861,16081,0,0,0,0,0,0,0,0
862,16082,1,1,1,0,1,1,0,0
863,16083,1,0,1,0,0,1,1,-1
864,16084,1,1,1,1,0,1,1,0
865,16085,1,0,1,0,1,0,0,0
866,16086,1,0,1,0,1,0,0,0
867,16087,0,0,1,0,1,1,-1,-1
868,16088,1,1,1,1,1,1,0,0
869,16089,1,0,1,0,1,0,0,0
870,16090,1,1,1,1,1,1,0,0
871,16091,1,0,1,0,1,1,0,-1
872,16092,0,0,1,0,0,0,0,0
873,16093,1,1,1,1,1,0,0,1
874,16094,0,0,0,0,0,0,0,0
875,16095,0,0,1,0,0,0,0,0
876,16096,0,0,0,0,0,0,0,0
877,16097,1,1,1,1,1,0,0,1
878,16098,1,0,1,0,0,1,1,-1
879,16099,0,0,1,0,1,0,-1,0
880,16100,0,1,1,0,0,1,0,0
881,16101,0,0,0,0,0,0,0,0
882,16102,1,1,1,1,1,1,0,0
883,16103,0,0,1,0,0,1,0,-1
884,16104,0,0,1,0,0,0,0,0
885,16105,0,1,1,0,1,1,-1,0
886,16106,1,1,1,1,0,0,1,1
887,16107,1,1,1,1,1,0,0,1
888,16108,1,1,1,1,1,1,0,0
889,16109,0,0,0,0,0,0,0,0
890,16110,1,0,1,0,0,0,1,0
891,16111,0,0,1,0,1,1,-1,-1
892,16112,1,1,1,1,1,1,0,0
893,16113,1,0,1,0,0,0,1,0
894,17001,0,1,1,1,0,0,0,1
895,17002,1,1,1,1,0,1,1,0
896,17003,1,1,1,1,0,1,1,0
897,17004,1,1,1,1,0,1,1,0
898,17005,0,0,0,0,0,0,0,0
899,17006,1,1,1,1,1,1,0,0
900,17007,1,1,1,1,1,0,0,1
901,17008,1,1,1,1,1,1,0,0
902,17009,1,1,1,1,0,1,1,0
903,17010,1,1,1,0,1,1,0,0
904,17011,1,1,1,1,1,1,0,0
905,17012,1,1,1,1,1,0,0,1
906,17013,1,1,1,1,1,1,0,0
907,17014,0,1,1,1,1,1,-1,0
908,17015,1,1,1,1,1,1,0,0
909,17016,0,1,1,0,0,1,0,0
910,17017,1,1,1,1,0,1,1,0
911,17018,1,1,1,1,0,1,1,0
912,17019,1,0,1,0,1,1,0,-1
913,17020,1,1,1,1,1,1,0,0
914,17021,0,0,1,0,0,0,0,0
915,17022,1,1,1,1,0,1,1,0
916,17023,0,1,0,1,0,1,0,0
917,17024,1,1,1,1,1,1,0,0
918,17025,1,1,1,1,0,1,1,0
919,17026,1,1,1,1,0,1,1,0
920,17027,0,1,1,1,0,1,0,0
921,17028,1,1,1,1,1,1,0,0
922,17029,1,1,1,1,0,0,1,1
923,17030,1,1,1,1,1,1,0,0
924,17031,1,1,1,1,0,0,1,1
925,17032,0,0,1,0,0,0,0,0
926,17033,1,1,1,1,0,1,1,0
927,18001,1,1,1,1,1,0,0,1
928,18002,1,0,1,0,1,0,0,0
929,18003,0,0,1,0,1,1,-1,-1
930,18004,1,1,1,1,1,1,0,0
931,18005,0,1,0,1,1,1,-1,0
932,18006,1,1,1,0,0,1,1,0
933,18007,1,0,1,1,0,0,1,0
934,18008,1,1,1,1,1,1,0,0
935,18009,0,1,1,1,0,1,0,0
936,18010,1,0,1,0,0,0,1,0
937,18011,1,1,1,1,1,1,0,0
938,18012,1,0,1,0,1,0,0,0
939,18013,0,0,0,0,1,0,-1,0
940,18014,0,0,1,0,1,0,-1,0
941,18015,1,1,1,1,1,1,0,0
942,18016,1,0,1,0,1,0,0,0
943,18017,1,1,1,1,1,1,0,0
944,18018,1,0,1,1,0,0,1,0
945,18019,0,1,0,1,0,1,0,0
946,18020,1,1,1,1,1,1,0,0
947,19001,0,0,0,0,1,0,-1,0
948,19002,0,0,0,0,0,0,0,0
949,19003,0,0,0,0,0,0,0,0
950,19004,1,0,1,1,1,1,0,-1
951,19005,1,0,1,1,1,0,0,0
952,19006,1,1,1,1,1,1,0,0
953,19007,1,0,1,1,1,0,0,0
954,19008,0,0,0,0,1,1,-1,-1
955,19009,1,1,1,1,1,1,0,0
956,19010,0,1,1,1,0,1,0,0
957,19011,0,0,1,0,1,0,-1,0
958,19012,1,1,1,1,0,1,1,0
959,19013,1,0,1,1,0,0,1,0
960,19014,1,0,1,1,1,0,0,0
961,19015,0,0,0,0,0,0,0,0
962,19016,0,0,0,0,0,0,0,0
963,19017,1,0,1,1,1,0,0,0
964,19018,1,1,1,1,1,1,0,0
965,19019,1,1,1,1,1,0,0,1
966,19020,0,0,0,0,0,0,0,0
967,19021,1,1,1,1,1,1,0,0
968,19022,1,0,1,0,0,0,1,0
969,19023,0,0,0,0,0,0,0,0
970,19024,0,0,0,0,1,0,-1,0
971,19025,1,1,1,1,1,1,0,0
972,19026,1,1,1,1,1,0,0,1
973,19027,0,0,0,0,0,0,0,0
974,19028,0,0,0,0,0,0,0,0
975,19029,0,0,0,0,0,0,0,0
976,19030,0,0,0,0,0,0,0,0
977,19031,1,1,1,1,1,1,0,0
978,19032,0,0,0,0,0,0,0,0
979,19033,1,1,1,1,0,0,1,1
980,19034,0,0,0,0,1,0,-1,0
981,19035,0,0,0,0,0,1,0,-1
982,19036,0,0,0,0,0,0,0,0
983,19037,0,0,0,0,0,0,0,0
984,19038,1,1,1,1,1,0,0,1
985,19039,1,0,1,0,1,0,0,0
986,19040,0,0,0,0,0,0,0,0
987,19041,1,1,1,1,1,1,0,0
988,19042,0,0,0,0,0,0,0,0
989,19043,0,0,0,0,1,0,-1,0
990,19044,1,0,1,1,1,0,0,0
991,19045,1,1,1,1,1,1,0,0
992,19046,1,0,1,1,1,0,0,0
993,19047,1,0,1,1,1,0,0,0
994,19048,1,1,1,1,1,1,0,0
995,19049,1,0,1,1,1,0,0,0
996,19050,0,0,0,0,0,0,0,0
997,19051,0,0,0,0,0,0,0,0
998,20001,0,0,0,0,0,0,0,0
999,20002,1,0,1,1,0,0,1,0
1000,20003,0,0,0,0,1,0,-1,0
1001,20004,0,0,0,0,1,0,-1,0
1002,20005,0,1,1,1,1,0,-1,1
1003,20006,1,1,1,1,1,0,0,1
1004,20007,0,0,0,0,0,0,0,0
1005,20008,0,0,0,0,0,0,0,0
1006,20009,0,1,0,1,1,1,-1,0
1007,20010,0,0,1,1,1,0,-1,0
1008,20011,0,0,0,0,0,0,0,0
1009,20012,0,1,1,1,1,1,-1,0
1010,20013,0,0,0,0,0,1,0,-1
1011,20014,1,1,1,1,1,1,0,0
1012,20015,0,0,0,0,0,0,0,0
1013,20016,0,1,0,1,0,1,0,0
1014,20017,0,0,0,0,0,0,0,0
1015,20018,0,0,0,0,1,0,-1,0
1016,20019,0,0,0,0,0,0,0,0
1017,20020,0,0,0,0,0,0,0,0
1018,20021,1,1,1,1,0,1,1,0
1019,20022,0,0,0,0,1,0,-1,0
1020,20023,1,1,1,1,0,1,1,0
1021,20024,0,0,0,0,0,0,0,0
1022,20025,1,1,1,1,0,0,1,1
1023,20026,0,1,1,1,0,1,0,0
1024,20027,0,0,0,0,0,0,0,0
1025,20028,1,0,1,0,1,1,0,-1
1026,20029,0,0,0,0,0,0,0,0
1027,20030,0,1,1,1,0,0,0,1
1028,20031,0,0,0,0,1,0,-1,0
1029,20032,0,0,0,0,0,0,0,0
1030,20033,0,0,0,0,1,1,-1,-1
1031,20034,0,0,0,0,1,0,-1,0
1032,20035,0,0,0,0,0,0,0,0
1033,20036,0,0,0,0,0,0,0,0
1034,20037,0,0,0,0,0,0,0,0
1035,20038,0,0,0,0,0,0,0,0
1036,20039,1,1,1,1,1,1,0,0
1037,20040,0,0,0,0,0,1,0,-1
1038,20041,1,1,1,1,0,1,1,0
1039,20042,0,1,1,1,1,1,-1,0
1040,20043,1,1,1,1,1,1,0,0
1041,20044,1,1,1,1,1,0,0,1
1042,20045,0,1,0,1,0,1,0,0
1043,20046,0,0,0,0,0,0,0,0
1044,20047,0,0,0,0,0,0,0,0
1045,20048,0,0,0,0,0,1,0,-1
1046,20049,0,0,0,0,1,0,-1,0
1047,20050,0,0,0,0,0,0,0,0
1048,20051,0,0,0,0,0,0,0,0
1049,20052,0,0,0,0,1,0,-1,0
1050,20053,0,0,0,0,0,0,0,0
1051,20054,0,0,0,0,0,0,0,0
1052,20055,0,0,0,0,0,0,0,0
1053,20056,0,0,0,0,1,0,-1,0
1054,20057,1,1,1,1,1,0,0,1
1055,20058,0,0,0,1,0,0,0,0
1056,20059,1,0,1,1,1,0,0,0
1057,20060,0,0,0,0,0,0,0,0
1058,20061,0,0,0,0,0,1,0,-1
1059,20062,0,0,0,0,0,0,0,0
1060,20063,0,0,0,1,1,0,-1,0
1061,20064,0,0,0,0,1,0,-1,0
1062,20065,0,0,0,0,0,0,0,0
1063,20066,0,0,0,1,1,0,-1,0
1064,20067,1,1,1,1,1,0,0,1
1065,20068,1,1,1,1,1,0,0,1
1066,20069,0,0,0,0,0,1,0,-1
1067,20070,0,0,0,1,1,0,-1,0
1068,20071,0,0,0,0,1,0,-1,0
1069,20072,0,0,0,1,0,0,0,0
1070,20073,1,0,1,0,0,0,1,0
1071,20074,0,0,0,0,0,0,0,0
1072,20075,0,0,0,0,1,0,-1,0
1073,20076,0,0,0,0,0,0,0,0
1074,20077,0,0,0,0,0,1,0,-1
1075,20078,0,0,0,0,0,0,0,0
1076,20079,1,1,1,1,0,1,1,0
1077,20080,0,0,0,0,0,1,0,-1
1078,20081,0,0,0,0,0,0,0,0
1079,20082,0,0,0,0,1,0,-1,0
1080,20083,0,1,1,1,1,1,-1,0
1081,20084,0,0,0,0,0,0,0,0
1082,20085,0,1,1,1,1,1,-1,0
1083,20086,0,0,0,0,0,1,0,-1
1084,20087,0,1,0,1,0,1,0,0
1085,20088,0,0,0,0,0,0,0,0
1086,20089,0,0,0,0,0,0,0,0
1087,20090,0,0,0,1,0,1,0,-1
1088,20091,0,0,0,1,1,1,-1,-1
1089,20092,0,0,0,0,0,1,0,-1
1090,20093,0,0,0,0,0,0,0,0
1091,20094,0,0,0,0,0,0,0,0
1092,20095,0,0,0,0,0,1,0,-1
1093,20096,0,0,0,0,0,0,0,0
1094,20097,0,0,0,0,0,0,0,0
1095,20098,0,0,0,0,0,0,0,0
1096,20099,0,0,0,0,0,0,0,0
1097,20100,0,0,0,0,0,0,0,0
1098,20101,0,0,0,0,0,0,0,0
1099,20102,0,0,0,0,1,0,-1,0
1100,20103,0,1,1,1,1,1,-1,0
1101,20104,0,0,0,0,1,0,-1,0
1102,20105,0,0,0,0,0,1,0,-1
1103,20106,0,0,0,0,0,0,0,0
1104,20107,1,1,1,1,0,1,1,0
1105,20108,0,0,0,0,0,0,0,0
1106,20109,0,0,0,0,0,0,0,0
1107,20110,0,0,0,0,0,0,0,0
1108,20111,0,0,0,0,1,0,-1,0
1109,20112,0,0,0,0,0,0,0,0
1110,20113,0,0,0,1,1,1,-1,-1
1111,20114,0,0,0,0,0,0,0,0
1112,20115,0,1,1,1,1,0,-1,1
1113,20116,0,0,0,0,0,1,0,-1
1114,20117,0,0,0,0,1,0,-1,0
1115,20118,0,0,0,0,0,0,0,0
1116,20119,0,0,0,0,0,0,0,0
1117,20120,0,0,0,0,0,0,0,0
1118,20121,0,0,0,0,0,0,0,0
1119,20122,0,0,0,0,0,0,0,0
1120,20123,0,0,0,0,0,0,0,0
1121,20124,1,1,1,1,0,1,1,0
1122,20125,0,0,0,0,1,0,-1,0
1123,20126,0,0,1,0,0,0,0,0
1124,20127,0,0,0,0,0,0,0,0
1125,20128,0,0,0,0,1,0,-1,0
1126,20129,0,0,0,0,0,1,0,-1
1127,20130,0,0,0,0,0,0,0,0
1128,20131,1,0,1,0,0,0,1,0
1129,20132,0,0,0,0,0,0,0,0
1130,20133,0,0,0,0,0,0,0,0
1131,20134,1,1,1,1,0,0,1,1
1132,20135,0,0,0,0,0,1,0,-1
1133,20136,0,1,1,1,0,0,0,1
1134,20137,0,0,0,0,0,0,0,0
1135,20138,0,0,0,0,0,0,0,0
1136,20139,0,0,0,0,0,0,0,0
1137,20140,0,0,0,0,1,0,-1,0
1138,20141,0,1,0,1,1,1,-1,0
1139,20142,0,0,0,0,0,0,0,0
1140,20143,0,1,0,1,1,0,-1,1
1141,20144,0,0,0,0,0,0,0,0
1142,20145,0,0,0,0,1,1,-1,-1
1143,20146,0,0,0,0,0,0,0,0
1144,20147,0,0,0,0,0,0,0,0
1145,20148,0,0,0,0,0,0,0,0
1146,20149,0,0,0,0,0,1,0,-1
1147,20150,1,1,1,1,0,1,1,0
1148,20151,0,0,0,0,0,0,0,0
1149,20152,0,0,0,0,0,0,0,0
1150,20153,0,0,0,1,0,0,0,0
1151,20154,0,0,0,0,0,0,0,0
1152,20155,0,0,0,0,1,0,-1,0
1153,20156,0,0,0,0,0,0,0,0
1154,20157,1,1,1,1,1,1,0,0
1155,20158,0,0,0,0,1,0,-1,0
1156,20159,0,0,0,0,1,0,-1,0
1157,20160,0,0,0,0,0,0,0,0
1158,20161,0,0,0,0,0,0,0,0
1159,20162,0,0,0,0,1,0,-1,0
1160,20163,0,0,0,0,0,0,0,0
1161,20164,0,0,0,0,0,0,0,0
1162,20165,0,0,0,0,0,0,0,0
1163,20166,0,1,1,1,0,1,0,0
1164,20167,0,0,0,0,0,0,0,0
1165,20168,0,0,0,0,0,1,0,-1
1166,20169,0,0,0,0,0,0,0,0
1167,20170,0,0,0,0,0,0,0,0
1168,20171,0,0,0,1,0,0,0,0
1169,20172,0,0,0,0,0,0,0,0
1170,20173,0,0,0,0,1,0,-1,0
1171,20174,0,0,0,1,0,0,0,0
1172,20175,0,0,0,0,0,0,0,0
1173,20176,0,0,0,0,0,0,0,0
1174,20177,0,1,1,1,1,1,-1,0
1175,20178,0,0,0,0,0,1,0,-1
1176,20179,0,0,0,0,0,0,0,0
1177,20180,0,0,0,0,1,1,-1,-1
1178,20181,0,0,0,0,0,1,0,-1
1179,20182,0,0,0,0,0,0,0,0
1180,20183,0,0,0,0,0,0,0,0
1181,20184,1,1,1,1,0,0,1,1
1182,20185,0,1,1,1,0,0,0,1
1183,20186,0,0,0,0,0,0,0,0
1184,20187,0,0,0,0,0,0,0,0
1185,20188,0,1,0,1,0,1,0,0
1186,20189,0,0,0,0,0,1,0,-1
1187,20190,1,1,1,1,1,1,0,0
1188,20191,0,0,0,0,0,0,0,0
1189,20192,0,0,0,0,0,0,0,0
1190,20193,0,0,0,0,0,0,0,0
1191,20194,0,0,0,0,0,0,0,0
1192,20195,0,0,0,0,0,0,0,0
1193,20196,0,0,0,0,0,0,0,0
1194,20197,0,0,0,0,0,1,0,-1
1195,20198,1,1,1,1,0,0,1,1
1196,20199,0,0,0,0,0,0,0,0
1197,20200,0,0,0,0,0,0,0,0
1198,20201,0,0,0,0,0,1,0,-1
1199,20202,0,0,0,0,1,0,-1,0
1200,20203,0,0,0,0,0,0,0,0
1201,20204,0,0,0,0,0,0,0,0
1202,20205,0,0,0,0,0,0,0,0
1203,20206,0,0,0,0,0,0,0,0
1204,20207,0,1,0,0,0,1,0,0
1205,20208,0,0,0,0,0,0,0,0
1206,20209,0,0,0,0,0,0,0,0
1207,20210,0,0,0,0,1,0,-1,0
1208,20211,0,0,0,0,0,0,0,0
1209,20212,0,0,0,0,0,0,0,0
1210,20213,0,0,0,0,1,1,-1,-1
1211,20214,0,0,0,0,0,0,0,0
1212,20215,0,0,0,0,0,0,0,0
1213,20216,0,0,0,0,1,0,-1,0
1214,20217,0,0,0,0,1,0,-1,0
1215,20218,0,0,0,0,0,0,0,0
1216,20219,0,0,0,0,1,0,-1,0
1217,20220,0,0,0,0,0,0,0,0
1218,20221,0,0,0,0,0,0,0,0
1219,20222,0,0,0,0,0,0,0,0
1220,20223,0,0,0,0,0,0,0,0
1221,20224,0,0,0,0,0,0,0,0
1222,20225,0,0,0,0,0,0,0,0
1223,20226,0,0,0,0,0,0,0,0
1224,20227,1,1,1,1,1,1,0,0
1225,20228,0,0,0,0,0,0,0,0
1226,20229,0,1,0,1,1,1,-1,0
1227,20230,0,0,0,0,0,0,0,0
1228,20231,0,0,0,0,0,0,0,0
1229,20232,0,0,1,1,0,0,0,0
1230,20233,0,0,0,0,0,0,0,0
1231,20234,0,0,0,0,0,0,0,0
1232,20235,0,0,0,0,0,0,0,0
1233,20236,0,0,0,0,0,0,0,0
1234,20237,0,0,0,0,1,0,-1,0
1235,20238,0,0,0,0,0,0,0,0
1236,20239,0,0,0,0,0,0,0,0
1237,20240,0,0,0,0,0,0,0,0
1238,20241,0,0,0,0,1,0,-1,0
1239,20242,0,1,0,0,1,1,-1,0
1240,20243,0,0,0,0,1,0,-1,0
1241,20244,0,0,0,0,1,0,-1,0
1242,20245,0,0,0,0,0,0,0,0
1243,20246,0,0,0,0,0,0,0,0
1244,20247,0,0,0,0,1,1,-1,-1
1245,20248,0,1,0,1,0,0,0,1
1246,20249,0,0,0,0,1,0,-1,0
1247,20250,0,0,0,0,0,0,0,0
1248,20251,0,0,0,0,0,0,0,0
1249,20252,0,0,0,0,0,0,0,0
1250,20253,0,0,0,0,0,0,0,0
1251,20254,0,0,0,0,0,0,0,0
1252,20255,0,0,0,0,1,0,-1,0
1253,20256,0,0,0,0,0,0,0,0
1254,20257,0,0,0,0,0,0,0,0
1255,20258,0,0,0,0,0,0,0,0
1256,20259,0,0,0,0,1,0,-1,0
1257,20260,0,0,0,0,0,0,0,0
1258,20261,0,0,0,0,0,0,0,0
1259,20262,0,0,0,0,0,0,0,0
1260,20263,0,0,0,0,1,0,-1,0
1261,20264,0,0,0,0,0,0,0,0
1262,20265,0,0,0,0,1,0,-1,0
1263,20266,0,0,0,0,0,0,0,0
1264,20267,0,0,0,0,0,0,0,0
1265,20268,0,0,0,0,0,1,0,-1
1266,20269,0,0,0,0,1,0,-1,0
1267,20270,0,0,0,0,1,0,-1,0
1268,20271,0,0,0,0,0,0,0,0
1269,20272,0,0,0,1,1,0,-1,0
1270,20273,0,0,0,0,0,0,0,0
1271,20274,0,0,0,0,0,0,0,0
1272,20275,0,1,0,1,1,1,-1,0
1273,20276,0,0,0,0,0,0,0,0
1274,20277,0,1,1,1,1,0,-1,1
1275,20278,1,1,1,1,0,1,1,0
1276,20279,0,0,0,0,0,0,0,0
1277,20280,0,0,0,0,1,0,-1,0
1278,20281,0,0,0,0,0,0,0,0
1279,20282,0,0,0,0,0,0,0,0
1280,20283,0,0,0,0,0,0,0,0
1281,20284,0,0,0,0,0,0,0,0
1282,20285,0,0,0,0,0,1,0,-1
1283,20286,0,0,0,0,0,0,0,0
1284,20287,0,0,0,0,0,0,0,0
1285,20288,0,0,0,0,0,0,0,0
1286,20289,0,0,0,0,0,0,0,0
1287,20290,0,0,0,0,0,0,0,0
1288,20291,0,0,0,0,1,0,-1,0
1289,20292,0,0,0,0,0,0,0,0
1290,20293,0,1,1,1,0,0,0,1
1291,20294,0,1,1,1,1,1,-1,0
1292,20295,1,0,1,0,1,0,0,0
1293,20296,0,0,0,0,0,0,0,0
1294,20297,0,0,0,0,0,1,0,-1
1295,20298,1,1,1,1,1,1,0,0
1296,20299,0,0,0,0,0,0,0,0
1297,20300,0,0,0,1,1,0,-1,0
1298,20301,0,0,0,0,0,0,0,0
1299,20302,0,0,0,0,1,1,-1,-1
1300,20303,0,0,0,0,0,0,0,0
1301,20304,0,0,0,0,0,0,0,0
1302,20305,0,0,0,1,1,1,-1,-1
1303,20306,0,0,0,0,0,0,0,0
1304,20307,0,0,0,1,1,0,-1,0
1305,20308,0,0,0,0,0,1,0,-1
1306,20309,0,1,0,1,0,1,0,0
1307,20310,0,1,0,0,0,1,0,0
1308,20311,0,0,0,0,0,1,0,-1
1309,20312,0,1,1,1,1,1,-1,0
1310,20313,0,0,0,0,0,0,0,0
1311,20314,0,0,0,0,0,0,0,0
1312,20315,0,0,0,0,1,0,-1,0
1313,20316,0,0,0,0,1,0,-1,0
1314,20317,0,0,0,0,0,0,0,0
1315,20318,1,1,1,1,1,1,0,0
1316,20319,0,0,0,0,0,0,0,0
1317,20320,0,0,0,0,0,0,0,0
1318,20321,0,0,0,0,0,0,0,0
1319,20322,0,0,0,0,0,0,0,0
1320,20323,0,0,0,0,0,0,0,0
1321,20324,1,1,1,1,0,1,1,0
1322,20325,0,1,1,1,0,0,0,1
1323,20326,0,0,0,0,0,0,0,0
1324,20327,0,1,1,1,1,1,-1,0
1325,20328,0,0,0,0,0,0,0,0
1326,20329,0,0,0,0,1,0,-1,0
1327,20330,0,0,0,0,0,0,0,0
1328,20331,0,0,0,0,0,0,0,0
1329,20332,0,0,0,0,0,0,0,0
1330,20333,0,0,0,0,0,0,0,0
1331,20334,1,0,1,0,0,1,1,-1
1332,20335,0,0,0,0,0,0,0,0
1333,20336,0,0,0,0,0,0,0,0
1334,20337,0,0,1,1,0,0,0,0
1335,20338,1,1,1,1,0,1,1,0
1336,20339,0,0,0,0,0,0,0,0
1337,20340,0,0,0,0,0,0,0,0
1338,20341,0,0,0,0,0,0,0,0
1339,20342,0,0,0,0,0,1,0,-1
1340,20343,0,0,0,0,1,0,-1,0
1341,20344,0,0,0,0,1,0,-1,0
1342,20345,0,0,0,0,0,0,0,0
1343,20346,0,0,0,0,0,0,0,0
1344,20347,0,0,0,0,0,0,0,0
1345,20348,0,0,0,0,0,0,0,0
1346,20349,0,0,0,0,0,0,0,0
1347,20350,1,1,1,1,0,1,1,0
1348,20351,0,0,0,0,0,1,0,-1
1349,20352,0,0,0,0,1,0,-1,0
1350,20353,0,0,0,0,1,1,-1,-1
1351,20354,0,0,0,0,0,0,0,0
1352,20355,0,0,0,0,0,0,0,0
1353,20356,0,0,0,0,0,0,0,0
1354,20357,0,0,0,0,0,0,0,0
1355,20358,0,0,0,0,0,1,0,-1
1356,20359,0,0,0,0,0,1,0,-1
1357,20360,0,0,0,0,0,1,0,-1
1358,20361,0,0,0,0,0,0,0,0
1359,20362,0,0,0,0,0,0,0,0
1360,20363,0,0,0,0,0,0,0,0
1361,20364,1,1,1,1,1,1,0,0
1362,20365,0,0,0,0,0,0,0,0
1363,20366,0,0,0,1,1,0,-1,0
1364,20367,0,0,0,0,0,0,0,0
1365,20368,0,0,0,0,0,1,0,-1
1366,20369,0,0,0,0,0,0,0,0
1367,20370,0,0,0,0,0,0,0,0
1368,20371,0,0,0,0,0,1,0,-1
1369,20372,0,0,0,0,0,0,0,0
1370,20373,0,0,0,0,0,0,0,0
1371,20374,0,0,0,0,0,1,0,-1
1372,20375,0,1,1,1,0,1,0,0
1373,20376,0,0,0,0,0,0,0,0
1374,20377,0,1,0,1,0,1,0,0
1375,20378,0,0,0,0,0,0,0,0
1376,20379,0,0,0,0,0,0,0,0
1377,20380,0,0,0,0,0,1,0,-1
1378,20381,0,0,0,0,0,0,0,0
1379,20382,0,0,0,0,0,0,0,0
1380,20383,0,0,0,0,0,0,0,0
1381,20384,0,0,0,0,0,1,0,-1
1382,20385,1,1,1,1,1,1,0,0
1383,20386,0,0,0,1,1,0,-1,0
1384,20387,0,0,0,0,0,0,0,0
1385,20388,0,0,0,0,0,0,0,0
1386,20389,0,0,0,0,0,0,0,0
1387,20390,1,1,1,1,1,0,0,1
1388,20391,0,0,0,0,0,0,0,0
1389,20392,0,0,0,0,0,0,0,0
1390,20393,0,0,0,0,1,1,-1,-1
1391,20394,0,0,0,0,1,0,-1,0
1392,20395,0,0,0,0,0,0,0,0
1393,20396,0,0,0,0,0,0,0,0
1394,20397,1,1,1,1,1,0,0,1
1395,20398,0,0,0,0,0,0,0,0
1396,20399,1,1,1,1,1,1,0,0
1397,20400,0,0,0,0,0,0,0,0
1398,20401,1,1,1,1,1,1,0,0
1399,20402,0,0,0,0,1,0,-1,0
1400,20403,0,0,0,1,1,1,-1,-1
1401,20404,0,0,0,0,1,0,-1,0
1402,20405,0,0,0,0,1,1,-1,-1
1403,20406,0,0,0,0,0,0,0,0
1404,20407,0,1,0,0,1,1,-1,0
1405,20408,0,0,0,0,0,0,0,0
1406,20409,0,1,1,1,0,1,0,0
1407,20410,0,0,0,0,0,0,0,0
1408,20411,0,0,0,0,0,0,0,0
1409,20412,0,0,0,0,0,0,0,0
1410,20413,1,1,1,1,1,1,0,0
1411,20414,0,0,1,0,1,1,-1,-1
1412,20415,0,0,0,0,0,0,0,0
1413,20416,0,0,0,0,0,0,0,0
1414,20417,0,0,0,0,0,0,0,0
1415,20418,0,1,1,1,0,1,0,0
1416,20419,0,0,0,0,0,0,0,0
1417,20420,0,0,0,0,0,1,0,-1
1418,20421,0,0,0,1,0,0,0,0
1419,20422,0,0,0,0,0,0,0,0
1420,20423,0,0,0,0,0,0,0,0
1421,20424,0,0,0,0,0,0,0,0
1422,20425,0,0,0,0,0,0,0,0
1423,20426,0,1,0,1,0,1,0,0
1424,20427,0,1,1,1,0,1,0,0
1425,20428,0,0,0,0,0,1,0,-1
1426,20429,0,0,0,0,0,0,0,0
1427,20430,0,0,0,0,0,1,0,-1
1428,20431,0,0,0,0,0,0,0,0
1429,20432,0,0,0,0,1,0,-1,0
1430,20433,0,0,0,0,1,0,-1,0
1431,20434,0,0,0,0,0,0,0,0
1432,20435,0,0,0,0,0,0,0,0
1433,20436,0,0,0,0,0,0,0,0
1434,20437,0,1,0,1,0,0,0,1
1435,20438,0,0,0,0,0,0,0,0
1436,20439,0,0,1,1,0,0,0,0
1437,20440,0,0,0,0,0,0,0,0
1438,20441,0,1,1,1,0,1,0,0
1439,20442,0,0,0,0,0,0,0,0
1440,20443,0,0,0,0,0,1,0,-1
1441,20444,0,0,0,0,0,0,0,0
1442,20445,0,0,0,0,0,0,0,0
1443,20446,0,0,0,0,0,0,0,0
1444,20447,0,0,1,0,0,1,0,-1
1445,20448,0,0,0,0,0,1,0,-1
1446,20449,0,0,0,0,0,0,0,0
1447,20450,0,0,0,1,0,0,0,0
1448,20451,0,0,0,0,0,0,0,0
1449,20452,0,0,0,0,0,0,0,0
1450,20453,0,0,0,0,0,0,0,0
1451,20454,0,0,0,0,0,0,0,0
1452,20455,0,0,0,0,0,0,0,0
1453,20456,0,0,0,0,0,0,0,0
1454,20457,0,0,0,0,1,0,-1,0
1455,20458,0,0,0,0,0,0,0,0
1456,20459,0,0,0,0,0,0,0,0
1457,20460,0,0,0,0,0,0,0,0
1458,20461,0,0,0,0,0,0,0,0
1459,20462,0,0,0,0,1,0,-1,0
1460,20463,0,0,0,0,0,0,0,0
1461,20464,0,0,0,0,0,0,0,0
1462,20465,0,0,0,0,0,0,0,0
1463,20466,0,1,0,1,1,1,-1,0
1464,20467,1,1,1,1,0,0,1,1
1465,20468,0,0,0,0,0,0,0,0
1466,20469,1,0,1,0,1,1,0,-1
1467,20470,0,0,0,0,0,0,0,0
1468,20471,0,0,0,0,0,0,0,0
1469,20472,0,0,0,0,0,0,0,0
1470,20473,0,0,0,0,0,0,0,0
1471,20474,0,0,0,0,1,0,-1,0
1472,20475,1,0,1,0,1,0,0,0
1473,20476,0,0,0,0,0,0,0,0
1474,20477,0,0,0,0,0,0,0,0
1475,20478,0,0,0,0,0,0,0,0
1476,20479,0,0,0,0,0,0,0,0
1477,20480,0,0,0,0,0,0,0,0
1478,20481,0,0,0,0,0,0,0,0
1479,20482,1,1,1,1,1,1,0,0
1480,20483,0,1,1,1,0,1,0,0
1481,20484,0,0,0,0,1,0,-1,0
1482,20485,0,0,0,0,1,1,-1,-1
1483,20486,0,0,0,0,1,0,-1,0
1484,20487,0,0,0,0,0,0,0,0
1485,20488,0,0,0,0,0,0,0,0
1486,20489,0,0,0,0,1,0,-1,0
1487,20490,0,0,0,0,0,0,0,0
1488,20491,0,0,0,0,1,1,-1,-1
1489,20492,0,0,0,0,0,0,0,0
1490,20493,0,0,0,0,0,0,0,0
1491,20494,0,0,0,0,0,0,0,0
1492,20495,0,0,0,0,1,1,-1,-1
1493,20496,0,0,0,0,0,0,0,0
1494,20497,0,0,0,0,1,1,-1,-1
1495,20498,0,0,0,0,0,0,0,0
1496,20499,0,0,0,1,0,0,0,0
1497,20500,0,1,0,0,0,1,0,0
1498,20501,0,0,0,0,0,0,0,0
1499,20502,0,0,0,0,0,0,0,0
1500,20503,0,0,0,0,0,1,0,-1
1501,20504,0,0,0,0,0,0,0,0
1502,20505,0,1,0,1,1,1,-1,0
1503,20506,0,0,0,0,0,0,0,0
1504,20507,0,0,0,0,0,1,0,-1
1505,20508,0,0,0,0,0,0,0,0
1506,20509,0,0,0,1,0,0,0,0
1507,20510,0,0,0,0,0,0,0,0
1508,20511,0,0,0,0,0,0,0,0
1509,20512,0,0,0,0,0,0,0,0
1510,20513,0,1,1,1,1,1,-1,0
1511,20514,0,0,0,0,0,0,0,0
1512,20515,1,1,1,1,1,0,0,1
1513,20516,0,0,0,0,1,1,-1,-1
1514,20517,0,0,0,0,0,0,0,0
1515,20518,0,0,0,0,0,0,0,0
1516,20519,0,0,0,0,0,1,0,-1
1517,20520,0,0,1,0,1,0,-1,0
1518,20521,0,0,0,0,0,0,0,0
1519,20522,0,0,0,0,0,0,0,0
1520,20523,0,0,0,0,0,0,0,0
1521,20524,0,0,0,0,0,0,0,0
1522,20525,0,1,1,1,1,1,-1,0
1523,20526,0,1,1,1,1,1,-1,0
1524,20527,0,0,0,0,0,0,0,0
1525,20528,0,0,0,0,1,0,-1,0
1526,20529,0,0,0,0,0,0,0,0
1527,20530,0,0,0,0,0,1,0,-1
1528,20531,0,0,0,0,1,1,-1,-1
1529,20532,0,0,0,0,0,0,0,0
1530,20533,0,0,0,0,0,0,0,0
1531,20534,0,0,0,0,0,0,0,0
1532,20535,0,0,0,0,1,0,-1,0
1533,20536,0,0,0,0,0,0,0,0
1534,20537,0,0,0,0,0,0,0,0
1535,20538,0,0,0,0,0,0,0,0
1536,20539,0,0,0,1,1,1,-1,-1
1537,20540,0,1,1,1,0,1,0,0
1538,20541,0,0,0,0,0,0,0,0
1539,20542,0,0,0,0,0,1,0,-1
1540,20543,0,0,0,1,1,1,-1,-1
1541,20544,0,0,0,0,0,0,0,0
1542,20545,0,1,1,1,0,1,0,0
1543,20546,0,0,1,0,0,0,0,0
1544,20547,0,0,0,0,0,0,0,0
1545,20548,0,0,0,0,0,0,0,0
1546,20549,0,0,1,0,0,0,0,0
1547,20550,0,0,0,0,0,1,0,-1
1548,20551,1,1,1,1,0,1,1,0
1549,20552,0,0,0,0,0,0,0,0
1550,20553,1,1,1,1,1,1,0,0
1551,20554,0,0,0,0,0,0,0,0
1552,20555,0,0,0,0,0,1,0,-1
1553,20556,0,0,0,0,0,0,0,0
1554,20557,1,1,1,1,0,1,1,0
1555,20558,0,0,0,0,0,0,0,0
1556,20559,0,0,1,0,0,0,0,0
1557,20560,0,0,0,0,1,1,-1,-1
1558,20561,0,0,0,0,0,0,0,0
1559,20562,0,0,0,0,1,1,-1,-1
1560,20563,0,0,0,0,0,0,0,0
1561,20564,0,0,0,0,0,0,0,0
1562,20565,1,1,1,1,1,1,0,0
1563,20566,0,0,0,0,1,0,-1,0
1564,20567,0,0,0,0,1,0,-1,0
1565,20568,0,0,0,0,0,0,0,0
1566,20569,0,0,0,0,0,0,0,0
1567,20570,1,0,1,0,1,0,0,0
1568,21001,1,1,1,1,1,1,0,0
1569,21002,0,1,1,1,1,0,-1,1
1570,21003,1,1,1,1,1,1,0,0
1571,21004,1,1,1,1,1,1,0,0
1572,21005,0,0,0,0,0,0,0,0
1573,21006,0,1,1,1,1,1,-1,0
1574,21007,0,0,0,0,0,0,0,0
1575,21008,0,1,1,1,1,1,-1,0
1576,21009,0,0,0,0,0,0,0,0
1577,21010,1,1,1,1,1,1,0,0
1578,21011,0,0,0,0,0,0,0,0
1579,21012,0,0,0,0,0,0,0,0
1580,21013,1,1,1,1,1,1,0,0
1581,21014,0,0,0,0,1,0,-1,0
1582,21015,1,1,1,1,1,1,0,0
1583,21016,0,1,0,1,0,1,0,0
1584,21017,1,1,1,1,1,1,0,0
1585,21018,0,0,0,0,1,0,-1,0
1586,21019,1,1,1,1,1,1,0,0
1587,21020,0,1,1,1,1,1,-1,0
1588,21021,0,0,0,0,0,1,0,-1
1589,21022,0,0,1,0,1,0,-1,0
1590,21023,0,1,0,1,0,1,0,0
1591,21024,0,0,0,0,1,0,-1,0
1592,21025,0,0,0,1,0,0,0,0
1593,21026,1,1,1,1,0,1,1,0
1594,21027,0,0,0,0,0,0,0,0
1595,21028,0,0,0,0,1,1,-1,-1
1596,21029,0,0,0,0,0,0,0,0
1597,21030,0,0,0,0,0,0,0,0
1598,21031,0,0,0,0,0,0,0,0
1599,21032,0,0,0,0,0,1,0,-1
1600,21033,0,0,0,0,0,0,0,0
1601,21034,1,1,1,1,1,1,0,0
1602,21035,1,1,1,1,0,0,1,1
1603,21036,0,0,0,1,0,0,0,0
1604,21037,0,0,0,0,0,0,0,0
1605,21038,0,1,1,1,0,1,0,0
1606,21039,0,1,0,1,0,0,0,1
1607,21040,0,0,0,1,1,1,-1,-1
1608,21041,1,1,1,1,1,1,0,0
1609,21042,0,0,0,0,0,0,0,0
1610,21043,1,1,1,1,1,0,0,1
1611,21044,0,1,1,1,1,0,-1,1
1612,21045,1,1,1,1,1,1,0,0
1613,21046,0,1,1,1,0,1,0,0
1614,21047,1,1,1,0,0,1,1,0
1615,21048,1,1,1,1,1,1,0,0
1616,21049,0,1,0,1,0,1,0,0
1617,21050,0,1,1,1,1,1,-1,0
1618,21051,1,0,1,0,0,0,1,0
1619,21052,0,0,0,0,1,0,-1,0
1620,21053,1,1,1,1,1,1,0,0
1621,21054,1,1,1,1,1,1,0,0
1622,21055,0,0,0,0,0,0,0,0
1623,21056,0,0,0,0,0,1,0,-1
1624,21057,0,1,0,0,1,1,-1,0
1625,21058,0,0,1,1,0,0,0,0
1626,21059,0,0,0,0,1,0,-1,0
1627,21060,0,1,0,1,0,1,0,0
1628,21061,0,0,0,0,0,0,0,0
1629,21062,0,0,0,0,1,1,-1,-1
1630,21063,1,1,1,1,0,1,1,0
1631,21064,0,1,1,1,0,0,0,1
1632,21065,1,1,1,1,1,1,0,0
1633,21066,0,0,0,0,0,0,0,0
1634,21067,1,1,1,1,1,0,0,1
1635,21068,0,0,0,0,0,0,0,0
1636,21069,1,0,1,0,0,0,1,0
1637,21070,0,0,0,0,1,0,-1,0
1638,21071,1,1,1,1,0,1,1,0
1639,21072,0,1,1,1,0,1,0,0
1640,21073,0,0,1,0,0,0,0,0
1641,21074,1,1,1,1,1,1,0,0
1642,21075,0,1,1,1,1,1,-1,0
1643,21076,1,1,1,1,0,0,1,1
1644,21077,0,0,0,0,0,0,0,0
1645,21078,0,1,0,1,1,1,-1,0
1646,21079,0,0,0,0,1,0,-1,0
1647,21080,0,0,0,0,0,0,0,0
1648,21081,0,0,0,0,0,0,0,0
1649,21082,0,1,1,1,1,1,-1,0
1650,21083,0,0,0,1,1,0,-1,0
1651,21084,0,0,0,1,0,0,0,0
1652,21085,1,1,1,1,1,1,0,0
1653,21086,0,0,0,0,0,0,0,0
1654,21087,0,0,1,0,0,0,0,0
1655,21088,0,0,0,0,0,0,0,0
1656,21089,0,1,1,1,1,0,-1,1
1657,21090,1,1,1,1,1,1,0,0
1658,21091,0,1,1,1,0,0,0,1
1659,21092,0,0,0,0,1,0,-1,0
1660,21093,0,0,0,0,0,0,0,0
1661,21094,1,1,1,1,1,1,0,0
1662,21095,0,0,0,0,0,0,0,0
1663,21096,0,0,0,0,0,1,0,-1
1664,21097,0,0,0,0,1,1,-1,-1
1665,21098,0,0,0,0,1,0,-1,0
1666,21099,0,1,1,1,0,0,0,1
1667,21100,0,0,0,0,0,0,0,0
1668,21101,0,0,0,0,0,0,0,0
1669,21102,1,1,1,1,1,0,0,1
1670,21103,0,0,0,1,0,0,0,0
1671,21104,1,1,1,1,0,1,1,0
1672,21105,0,0,0,0,1,0,-1,0
1673,21106,1,1,1,1,0,1,1,0
1674,21107,0,1,1,1,0,0,0,1
1675,21108,1,1,1,1,0,1,1,0
1676,21109,1,1,1,0,1,1,0,0
1677,21110,1,1,1,1,1,1,0,0
1678,21111,1,1,1,1,1,0,0,1
1679,21112,0,0,1,0,0,0,0,0
1680,21113,0,0,0,0,1,0,-1,0
1681,21114,1,0,1,0,1,0,0,0
1682,21115,1,1,1,1,1,1,0,0
1683,21116,0,0,0,0,0,0,0,0
1684,21117,1,1,1,1,1,0,0,1
1685,21118,1,1,1,1,0,1,1,0
1686,21119,1,1,1,1,1,1,0,0
1687,21120,0,0,0,0,0,1,0,-1
1688,21121,0,0,0,0,0,1,0,-1
1689,21122,0,1,1,1,1,1,-1,0
1690,21123,0,0,0,0,0,0,0,0
1691,21124,1,1,1,1,1,1,0,0
1692,21125,0,1,1,1,0,1,0,0
1693,21126,0,0,0,0,0,1,0,-1
1694,21127,0,0,0,0,0,0,0,0
1695,21128,0,1,1,1,1,1,-1,0
1696,21129,0,0,1,0,1,0,-1,0
1697,21130,0,0,0,0,0,0,0,0
1698,21131,0,0,0,0,0,0,0,0
1699,21132,1,1,1,1,1,1,0,0
1700,21133,0,0,0,0,1,1,-1,-1
1701,21134,1,1,1,1,1,0,0,1
1702,21135,0,0,0,0,0,0,0,0
1703,21136,1,1,1,1,1,1,0,0
1704,21137,0,1,1,1,0,1,0,0
1705,21138,1,1,1,1,0,1,1,0
1706,21139,0,0,0,0,0,0,0,0
1707,21140,1,1,1,1,1,1,0,0
1708,21141,0,0,0,0,0,0,0,0
1709,21142,1,1,1,1,1,1,0,0
1710,21143,1,1,1,1,1,1,0,0
1711,21144,1,1,1,1,1,1,0,0
1712,21145,0,0,0,1,1,0,-1,0
1713,21146,0,0,0,0,0,0,0,0
1714,21147,0,1,1,1,0,1,0,0
1715,21148,0,0,0,0,1,1,-1,-1
1716,21149,1,1,1,1,0,1,1,0
1717,21150,0,0,0,1,0,0,0,0
1718,21151,0,1,1,1,0,1,0,0
1719,21152,0,1,1,1,0,0,0,1
1720,21153,1,1,1,1,1,1,0,0
1721,21154,1,1,1,1,1,1,0,0
1722,21155,0,0,0,0,0,0,0,0
1723,21156,1,1,1,1,1,1,0,0
1724,21157,0,0,1,0,0,0,0,0
1725,21158,0,0,0,0,0,0,0,0
1726,21159,0,0,1,0,1,0,-1,0
1727,21160,0,0,0,0,0,0,0,0
1728,21161,1,0,1,0,1,1,0,-1
1729,21162,0,0,0,0,0,0,0,0
1730,21163,1,1,1,1,1,1,0,0
1731,21164,1,1,1,1,1,1,0,0
1732,21165,0,0,0,0,1,0,-1,0
1733,21166,0,0,1,0,1,1,-1,-1
1734,21167,0,1,0,0,1,1,-1,0
1735,21168,0,0,1,1,0,0,0,0
1736,21169,1,1,1,1,1,0,0,1
1737,21170,0,1,1,1,1,0,-1,1
1738,21171,0,0,0,1,0,1,0,-1
1739,21172,1,1,1,1,1,1,0,0
1740,21173,0,0,1,1,1,0,-1,0
1741,21174,1,1,1,1,1,1,0,0
1742,21175,0,1,1,1,1,1,-1,0
1743,21176,0,0,0,0,0,0,0,0
1744,21177,1,1,1,1,1,1,0,0
1745,21178,0,0,0,1,0,0,0,0
1746,21179,1,1,1,1,0,0,1,1
1747,21180,1,1,1,1,1,1,0,0
1748,21181,0,0,0,1,0,1,0,-1
1749,21182,0,0,0,1,1,0,-1,0
1750,21183,0,1,1,1,1,0,-1,1
1751,21184,0,0,0,0,1,0,-1,0
1752,21185,0,0,0,0,1,0,-1,0
1753,21186,1,1,1,1,0,0,1,1
1754,21187,0,0,0,0,0,0,0,0
1755,21188,0,0,1,1,1,1,-1,-1
1756,21189,1,1,1,1,0,1,1,0
1757,21190,0,0,0,0,0,0,0,0
1758,21191,1,0,1,0,0,0,1,0
1759,21192,0,0,0,0,0,1,0,-1
1760,21193,0,0,0,0,0,1,0,-1
1761,21194,1,1,1,1,1,0,0,1
1762,21195,0,0,1,1,1,0,-1,0
1763,21196,0,0,0,0,0,0,0,0
1764,21197,1,1,1,1,1,1,0,0
1765,21198,0,0,0,0,0,0,0,0
1766,21199,1,1,1,1,0,1,1,0
1767,21200,0,0,0,0,1,0,-1,0
1768,21201,0,0,0,0,1,0,-1,0
1769,21202,0,1,1,1,0,0,0,1
1770,21203,0,0,0,1,0,0,0,0
1771,21204,0,1,1,1,0,1,0,0
1772,21205,1,1,1,1,0,1,1,0
1773,21206,0,0,0,0,0,0,0,0
1774,21207,1,1,1,1,1,0,0,1
1775,21208,1,1,1,1,1,1,0,0
1776,21209,0,0,0,0,1,0,-1,0
1777,21210,0,0,0,0,0,0,0,0
1778,21211,1,1,1,1,0,0,1,1
1779,21212,1,1,1,1,1,0,0,1
1780,21213,0,1,0,1,1,1,-1,0
1781,21214,1,1,1,1,0,1,1,0
1782,21215,0,1,0,1,0,1,0,0
1783,21216,0,0,0,0,0,0,0,0
1784,21217,1,1,1,1,0,0,1,1
1785,22001,1,1,1,1,0,0,1,1
1786,22002,1,0,1,1,1,0,0,0
1787,22003,0,0,0,0,0,0,0,0
1788,22004,1,1,1,1,1,1,0,0
1789,22005,1,1,1,1,1,1,0,0
1790,22006,1,1,1,1,1,1,0,0
1791,22007,1,1,1,1,1,1,0,0
1792,22008,1,1,1,1,0,1,1,0
1793,22009,1,0,1,0,1,1,0,-1
1794,22010,0,0,0,0,1,0,-1,0
1795,22011,1,1,1,1,1,1,0,0
1796,22012,1,1,1,1,1,1,0,0
1797,22013,0,0,0,0,1,1,-1,-1
1798,22014,1,1,1,1,1,1,0,0
1799,22015,0,0,1,0,1,1,-1,-1
1800,22016,1,1,1,1,1,1,0,0
1801,22017,1,1,1,1,1,1,0,0
1802,22018,1,1,1,1,1,1,0,0
1803,23001,1,1,1,1,1,1,0,0
1804,23002,1,1,1,1,0,1,1,0
1805,23003,1,1,1,1,1,1,0,0
1806,23005,1,1,1,1,1,1,0,0
1807,23006,1,1,1,1,1,0,0,1
1808,23007,0,1,1,1,1,1,-1,0
1809,23008,1,1,1,1,1,1,0,0
1810,23009,1,1,1,1,1,1,0,0
1811,24001,0,0,1,1,1,0,-1,0
1812,24002,0,0,0,0,0,0,0,0
1813,24003,1,0,1,1,1,0,0,0
1814,24004,0,0,0,0,0,0,0,0
1815,24005,1,0,1,0,0,0,1,0
1816,24006,0,0,1,1,0,0,0,0
1817,24007,1,0,1,0,1,0,0,0
1818,24008,1,0,1,0,0,0,1,0
1819,24009,0,1,0,0,0,1,0,0
1820,24010,1,0,1,0,1,0,0,0
1821,24011,1,0,1,0,1,0,0,0
1822,24012,0,0,1,1,0,0,0,0
1823,24013,1,1,1,1,1,1,0,0
1824,24014,0,0,0,1,1,0,-1,0
1825,24015,1,0,1,1,1,0,0,0
1826,24016,1,0,1,1,1,0,0,0
1827,24017,0,0,1,0,0,0,0,0
1828,24018,0,0,0,0,0,0,0,0
1829,24019,0,0,0,0,0,0,0,0
1830,24020,1,1,1,1,1,1,0,0
1831,24021,1,1,1,1,0,1,1,0
1832,24022,0,0,1,0,0,0,0,0
1833,24023,0,0,1,0,1,0,-1,0
1834,24024,1,0,1,1,1,0,0,0
1835,24025,1,0,1,0,1,1,0,-1
1836,24026,0,0,0,0,0,0,0,0
1837,24027,1,0,1,0,1,0,0,0
1838,24028,1,1,1,1,1,1,0,0
1839,24029,0,0,1,1,0,0,0,0
1840,24030,0,0,0,0,0,0,0,0
1841,24031,0,0,0,0,0,0,0,0
1842,24032,1,0,1,1,1,0,0,0
1843,24033,0,0,0,0,0,0,0,0
1844,24034,0,0,1,1,0,0,0,0
1845,24035,1,1,1,1,1,1,0,0
1846,24036,1,0,1,0,1,0,0,0
1847,24037,1,1,1,1,1,0,0,1
1848,24038,0,0,0,0,0,0,0,0
1849,24039,0,0,0,1,1,1,-1,-1
1850,24040,1,0,1,1,0,0,1,0
1851,24041,0,0,1,1,0,0,0,0
1852,24042,1,0,1,1,0,1,1,-1
1853,24043,0,0,1,0,1,0,-1,0
1854,24044,0,0,0,1,0,0,0,0
1855,24045,0,0,1,1,0,0,0,0
1856,24046,0,0,1,1,0,1,0,-1
1857,24047,0,0,0,0,1,0,-1,0
1858,24048,0,0,0,0,0,0,0,0
1859,24049,1,0,1,0,1,0,0,0
1860,24050,1,1,1,1,1,1,0,0
1861,24051,0,0,1,1,0,0,0,0
1862,24052,0,0,1,0,0,0,0,0
1863,24053,1,0,1,1,1,1,0,-1
1864,24054,1,0,1,1,1,0,0,0
1865,24055,1,0,1,1,0,1,1,-1
1866,24056,0,0,1,1,1,0,-1,0
1867,24057,1,0,1,1,0,0,1,0
1868,24058,1,0,1,1,1,1,0,-1
1869,25001,1,1,1,1,1,1,0,0
1870,25002,1,0,1,1,1,0,0,0
1871,25003,1,0,1,1,1,1,0,-1
1872,25004,1,0,1,1,1,0,0,0
1873,25005,0,0,1,1,0,0,0,0
1874,25006,1,1,1,1,1,1,0,0
1875,25007,1,0,1,0,1,0,0,0
1876,25008,1,0,1,1,0,1,1,-1
1877,25009,1,1,1,1,1,1,0,0
1878,25010,1,0,1,1,1,0,0,0
1879,25011,1,1,1,1,1,0,0,1
1880,25012,1,1,1,1,1,1,0,0
1881,25013,1,0,1,1,1,0,0,0
1882,25014,1,1,1,1,0,1,1,0
1883,25015,1,1,1,1,1,0,0,1
1884,25016,0,0,1,1,0,0,0,0
1885,25017,1,0,1,1,0,0,1,0
1886,25018,1,1,1,1,1,1,0,0
1887,26001,0,0,0,0,0,0,0,0
1888,26002,1,0,1,1,1,0,0,0
1889,26003,1,0,1,1,1,0,0,0
1890,26004,0,0,1,1,1,1,-1,-1
1891,26005,0,0,0,0,0,0,0,0
1892,26006,0,0,0,0,0,0,0,0
1893,26007,0,0,0,0,0,0,0,0
1894,26008,0,0,0,0,1,0,-1,0
1895,26009,0,0,0,0,0,0,0,0
1896,26010,0,0,0,0,0,0,0,0
1897,26011,0,0,0,0,0,0,0,0
1898,26012,1,0,1,0,1,0,0,0
1899,26013,0,0,0,0,1,0,-1,0
1900,26014,0,0,0,0,0,0,0,0
1901,26015,0,0,0,0,1,0,-1,0
1902,26016,0,0,0,0,0,0,0,0
1903,26017,1,1,1,1,1,1,0,0
1904,26018,1,1,1,1,1,1,0,0
1905,26019,1,1,1,1,1,1,0,0
1906,26020,0,0,0,0,0,0,0,0
1907,26021,0,0,0,0,0,1,0,-1
1908,26022,0,0,0,0,0,0,0,0
1909,26023,0,0,0,0,1,0,-1,0
1910,26024,0,0,0,0,0,0,0,0
1911,26025,1,0,1,1,1,0,0,0
1912,26026,1,1,1,1,1,0,0,1
1913,26027,0,0,1,0,1,0,-1,0
1914,26028,0,0,0,0,1,0,-1,0
1915,26029,1,1,1,1,1,1,0,0
1916,26030,1,1,1,1,1,1,0,0
1917,26031,0,0,0,0,1,0,-1,0
1918,26032,0,0,0,0,0,0,0,0
1919,26033,1,1,1,1,1,0,0,1
1920,26034,0,0,0,0,0,0,0,0
1921,26035,0,0,1,0,1,0,-1,0
1922,26036,1,0,1,1,1,0,0,0
1923,26037,0,0,0,0,0,0,0,0
1924,26038,0,0,1,0,1,1,-1,-1
1925,26039,0,0,1,0,0,0,0,0
1926,26040,0,0,0,0,1,0,-1,0
1927,26041,1,1,1,0,1,1,0,0
1928,26042,1,1,1,1,1,0,0,1
1929,26043,1,1,1,1,1,1,0,0
1930,26044,0,0,0,0,0,1,0,-1
1931,26045,0,0,0,0,0,0,0,0
1932,26046,0,0,0,0,0,0,0,0
1933,26047,0,0,1,1,0,0,0,0
1934,26048,1,1,1,1,1,1,0,0
1935,26049,0,0,0,0,0,0,0,0
1936,26050,0,0,0,0,1,0,-1,0
1937,26051,0,0,0,0,1,0,-1,0
1938,26052,0,0,0,0,0,0,0,0
1939,26053,0,0,0,0,0,0,0,0
1940,26054,0,0,0,0,0,1,0,-1
1941,26055,1,1,1,1,1,1,0,0
1942,26056,0,1,0,1,1,1,-1,0
1943,26057,0,0,0,0,0,0,0,0
1944,26058,1,0,1,0,0,0,1,0
1945,26059,0,0,0,0,0,0,0,0
1946,26060,0,0,0,0,0,0,0,0
1947,26061,0,0,0,0,0,1,0,-1
1948,26062,0,0,0,0,1,0,-1,0
1949,26063,0,0,0,0,0,0,0,0
1950,26064,0,0,0,0,0,0,0,0
1951,26065,0,0,0,0,0,0,0,0
1952,26066,0,0,1,1,1,0,-1,0
1953,26067,0,0,0,0,0,0,0,0
1954,26068,0,0,0,0,0,0,0,0
1955,26069,0,0,0,0,0,0,0,0
1956,26070,1,1,1,0,0,1,1,0
1957,26071,0,0,1,1,0,0,0,0
1958,26072,0,0,1,1,1,0,-1,0
1959,27001,1,1,1,1,0,1,1,0
1960,27002,1,1,1,1,1,0,0,1
1961,27003,1,1,1,1,1,1,0,0
1962,27004,1,1,1,1,1,1,0,0
1963,27005,1,1,1,1,1,0,0,1
1964,27006,1,1,1,1,1,1,0,0
1965,27007,1,0,1,1,0,0,1,0
1966,27008,1,1,1,1,1,1,0,0
1967,27009,1,1,1,1,0,1,1,0
1968,27010,1,1,1,1,1,0,0,1
1969,27011,0,0,1,1,0,0,0,0
1970,27012,1,1,1,1,1,1,0,0
1971,27013,1,1,1,1,1,1,0,0
1972,27014,1,1,1,1,1,1,0,0
1973,27015,1,1,1,1,1,1,0,0
1974,27016,1,1,1,1,1,1,0,0
1975,27017,1,1,1,1,0,0,1,1
1976,28001,0,0,1,1,1,0,-1,0
1977,28002,0,0,1,1,0,0,0,0
1978,28003,1,1,1,1,1,1,0,0
1979,28004,0,0,0,0,0,1,0,-1
1980,28005,0,0,0,0,0,0,0,0
1981,28006,0,0,0,0,0,1,0,-1
1982,28007,0,0,1,1,0,1,0,-1
1983,28008,0,0,0,0,0,0,0,0
1984,28009,1,1,1,1,0,1,1,0
1985,28010,0,0,0,0,0,0,0,0
1986,28011,0,0,0,1,0,0,0,0
1987,28012,1,0,1,1,0,0,1,0
1988,28013,0,0,0,0,1,0,-1,0
1989,28014,0,0,0,0,0,0,0,0
1990,28015,1,0,1,1,0,0,1,0
1991,28016,1,0,1,1,1,0,0,0
1992,28017,0,0,1,1,1,0,-1,0
1993,28018,0,0,1,1,0,0,0,0
1994,28019,0,0,1,1,0,0,0,0
1995,28020,0,0,0,0,0,0,0,0
1996,28021,1,1,1,1,1,0,0,1
1997,28022,1,1,1,1,0,1,1,0
1998,28023,0,0,0,0,0,0,0,0
1999,28024,0,0,0,0,0,0,0,0
2000,28025,1,0,1,1,0,0,1,0
2001,28026,0,0,0,0,0,0,0,0
2002,28027,1,1,1,1,1,0,0,1
2003,28028,0,0,0,0,0,1,0,-1
2004,28029,0,0,1,1,0,1,0,-1
2005,28030,1,0,1,1,0,0,1,0
2006,28031,0,0,0,0,0,0,0,0
2007,28032,1,1,1,1,1,1,0,0
2008,28033,1,1,1,1,1,1,0,0
2009,28034,0,0,0,1,1,0,-1,0
2010,28035,1,1,1,1,0,0,1,1
2011,28036,0,0,0,0,0,0,0,0
2012,28037,0,0,1,1,0,0,0,0
2013,28038,1,1,1,1,0,1,1,0
2014,28039,1,0,1,1,1,1,0,-1
2015,28040,1,1,1,1,1,0,0,1
2016,28041,1,1,1,1,1,1,0,0
2017,28042,0,0,0,0,1,0,-1,0
2018,28043,1,0,1,1,0,0,1,0
2019,29001,0,1,1,1,0,1,0,0
2020,29002,1,1,1,1,1,1,0,0
2021,29003,0,1,0,0,1,1,-1,0
2022,29004,0,1,1,1,0,1,0,0
2023,29005,1,1,1,1,1,0,0,1
2024,29006,1,1,1,1,1,1,0,0
2025,29007,1,1,1,1,1,1,0,0
2026,29008,0,1,1,1,0,1,0,0
2027,29009,0,0,0,0,1,0,-1,0
2028,29010,1,1,1,1,1,1,0,0
2029,29011,0,1,0,0,0,1,0,0
2030,29012,0,0,0,1,0,0,0,0
2031,29013,1,1,1,1,1,1,0,0
2032,29014,0,1,1,1,0,1,0,0
2033,29015,1,1,1,1,1,1,0,0
2034,29016,0,1,1,1,1,0,-1,1
2035,29017,0,1,1,1,0,1,0,0
2036,29018,1,1,1,1,1,1,0,0
2037,29019,1,1,1,1,1,1,0,0
2038,29020,0,1,1,1,1,1,-1,0
2039,29021,1,1,1,1,1,1,0,0
2040,29022,0,0,0,1,0,0,0,0
2041,29023,1,1,1,1,1,1,0,0
2042,29024,1,1,1,1,1,1,0,0
2043,29025,1,1,1,1,0,1,1,0
2044,29026,1,1,1,1,1,1,0,0
2045,29027,1,1,1,1,1,1,0,0
2046,29028,1,1,1,1,0,1,1,0
2047,29029,0,1,0,1,0,1,0,0
2048,29030,0,1,1,1,1,1,-1,0
2049,29031,1,1,1,1,0,1,1,0
2050,29032,0,1,1,1,0,1,0,0
2051,29033,1,1,1,1,1,1,0,0
2052,29034,1,1,1,1,1,1,0,0
2053,29035,0,0,1,1,0,0,0,0
2054,29036,1,1,1,1,0,1,1,0
2055,29037,0,1,1,1,0,1,0,0
2056,29038,1,1,1,1,1,1,0,0
2057,29039,1,1,1,1,1,1,0,0
2058,29040,0,0,0,1,1,0,-1,0
2059,29041,1,1,1,1,0,1,1,0
2060,29042,1,1,1,1,1,1,0,0
2061,29043,1,1,1,1,1,1,0,0
2062,29044,1,1,1,1,1,1,0,0
2063,29045,0,1,0,1,1,1,-1,0
2064,29046,0,1,0,1,1,1,-1,0
2065,29047,0,1,0,0,1,1,-1,0
2066,29048,1,1,1,1,1,1,0,0
2067,29049,0,1,0,1,1,1,-1,0
2068,29050,1,1,1,1,0,1,1,0
2069,29051,0,1,0,1,0,1,0,0
2070,29052,0,0,0,1,0,0,0,0
2071,29053,0,1,1,1,0,1,0,0
2072,29054,0,1,0,1,0,1,0,0
2073,29055,0,1,0,0,0,1,0,0
2074,29056,0,1,1,1,1,1,-1,0
2075,29057,0,0,0,1,0,0,0,0
2076,29058,0,1,1,1,0,1,0,0
2077,29059,0,1,1,1,1,1,-1,0
2078,29060,0,1,0,1,1,1,-1,0
2079,30001,0,1,0,1,1,1,-1,0
2080,30002,0,0,0,1,0,0,0,0
2081,30003,1,1,1,1,1,0,0,1
2082,30004,1,1,1,0,0,1,1,0
2083,30005,0,0,0,0,0,0,0,0
2084,30006,0,1,1,1,0,1,0,0
2085,30007,0,0,0,0,0,0,0,0
2086,30008,0,1,0,0,0,1,0,0
2087,30009,1,0,1,0,1,0,0,0
2088,30010,1,1,1,1,1,1,0,0
2089,30011,1,0,1,0,1,0,0,0
2090,30012,0,1,0,0,0,1,0,0
2091,30013,1,1,1,1,0,0,1,1
2092,30014,1,1,1,1,0,1,1,0
2093,30015,1,1,1,1,1,0,0,1
2094,30016,1,1,1,1,0,1,1,0
2095,30017,0,0,0,0,0,0,0,0
2096,30018,0,0,0,0,0,1,0,-1
2097,30019,0,0,0,0,0,1,0,-1
2098,30020,0,1,0,1,0,1,0,0
2099,30021,1,1,1,1,1,0,0,1
2100,30022,1,1,1,1,1,1,0,0
2101,30023,1,1,1,1,1,1,0,0
2102,30024,0,1,1,1,1,1,-1,0
2103,30025,1,1,1,1,0,0,1,1
2104,30026,1,1,1,1,1,1,0,0
2105,30027,0,1,0,1,0,1,0,0
2106,30028,1,1,1,1,1,0,0,1
2107,30029,0,0,0,0,0,0,0,0
2108,30030,1,1,1,1,0,0,1,1
2109,30031,0,0,0,0,1,0,-1,0
2110,30032,1,0,1,0,0,0,1,0
2111,30033,0,1,1,1,1,0,-1,1
2112,30034,1,1,1,1,1,0,0,1
2113,30035,0,1,1,1,1,1,-1,0
2114,30036,0,1,1,1,0,1,0,0
2115,30037,0,1,0,1,1,1,-1,0
2116,30038,1,1,1,1,1,1,0,0
2117,30039,1,1,1,1,1,0,0,1
2118,30040,1,1,1,1,0,1,1,0
2119,30041,0,0,0,0,0,0,0,0
2120,30042,0,0,0,0,0,0,0,0
2121,30043,1,1,1,1,1,1,0,0
2122,30044,1,1,1,1,1,1,0,0
2123,30045,1,1,1,1,1,0,0,1
2124,30046,0,1,1,1,0,0,0,1
2125,30047,1,1,1,1,1,1,0,0
2126,30048,1,1,1,1,1,1,0,0
2127,30049,0,1,1,0,1,1,-1,0
2128,30050,0,1,1,1,1,1,-1,0
2129,30051,1,1,1,1,0,0,1,1
2130,30052,0,1,1,1,1,1,-1,0
2131,30053,1,0,1,0,1,1,0,-1
2132,30054,0,1,0,1,0,1,0,0
2133,30055,0,1,0,1,1,1,-1,0
2134,30056,0,0,0,0,0,0,0,0
2135,30057,0,1,1,1,1,1,-1,0
2136,30058,1,1,1,1,1,0,0,1
2137,30059,1,1,1,1,0,1,1,0
2138,30060,0,1,1,1,1,1,-1,0
2139,30061,1,1,1,1,0,1,1,0
2140,30062,1,1,1,1,1,1,0,0
2141,30063,0,1,0,1,0,0,0,1
2142,30064,0,0,0,0,0,0,0,0
2143,30065,1,1,1,1,1,1,0,0
2144,30066,1,1,1,1,1,1,0,0
2145,30067,0,1,1,1,0,1,0,0
2146,30068,1,1,1,1,1,1,0,0
2147,30069,1,0,1,1,0,0,1,0
2148,30070,0,1,0,0,0,1,0,0
2149,30071,1,1,1,1,1,1,0,0
2150,30072,1,1,1,1,0,0,1,1
2151,30073,1,1,1,1,0,0,1,1
2152,30074,0,1,0,1,1,1,-1,0
2153,30075,0,0,1,1,1,0,-1,0
2154,30076,0,0,0,0,0,0,0,0
2155,30077,1,0,1,1,1,0,0,0
2156,30078,0,1,1,1,0,1,0,0
2157,30079,0,1,0,1,1,1,-1,0
2158,30080,0,1,1,1,0,1,0,0
2159,30081,0,1,1,1,1,1,-1,0
2160,30082,0,1,1,1,0,1,0,0
2161,30083,1,1,1,1,0,1,1,0
2162,30084,0,0,0,0,0,0,0,0
2163,30085,1,1,1,1,1,1,0,0
2164,30086,1,1,1,1,1,1,0,0
2165,30087,1,1,1,1,1,1,0,0
2166,30088,0,0,0,1,0,0,0,0
2167,30089,1,1,1,1,0,0,1,1
2168,30090,0,1,0,1,1,1,-1,0
2169,30091,1,1,1,0,0,1,1,0
2170,30092,1,1,1,1,1,1,0,0
2171,30093,1,1,1,1,1,1,0,0
2172,30094,1,0,1,0,1,0,0,0
2173,30095,0,0,1,0,0,0,0,0
2174,30096,0,0,0,0,0,0,0,0
2175,30097,1,1,1,1,1,0,0,1
2176,30098,0,0,0,0,1,0,-1,0
2177,30099,1,0,1,0,0,1,1,-1
2178,30100,1,1,1,1,1,0,0,1
2179,30101,1,1,1,1,0,1,1,0
2180,30102,1,1,1,1,1,1,0,0
2181,30103,0,1,1,1,1,0,-1,1
2182,30104,0,1,0,1,1,0,-1,1
2183,30105,1,1,1,1,1,1,0,0
2184,30106,0,0,0,0,0,1,0,-1
2185,30107,0,0,0,0,0,0,0,0
2186,30108,1,1,1,1,0,0,1,1
2187,30109,1,1,1,1,1,0,0,1
2188,30110,0,1,0,1,0,1,0,0
2189,30111,0,1,1,1,0,1,0,0
2190,30112,1,1,1,1,1,1,0,0
2191,30113,0,0,0,0,1,0,-1,0
2192,30114,0,1,0,1,1,1,-1,0
2193,30115,1,1,1,1,1,1,0,0
2194,30116,1,1,1,1,1,1,0,0
2195,30117,0,0,1,0,0,1,0,-1
2196,30118,1,1,1,1,1,0,0,1
2197,30119,0,0,0,1,0,1,0,-1
2198,30120,1,1,1,1,1,1,0,0
2199,30121,0,0,1,1,0,0,0,0
2200,30122,0,1,0,1,0,1,0,0
2201,30123,1,1,1,1,1,0,0,1
2202,30124,1,1,1,1,1,0,0,1
2203,30125,1,1,1,1,1,1,0,0
2204,30126,1,1,1,1,0,0,1,1
2205,30127,0,1,1,1,0,1,0,0
2206,30128,1,1,1,1,1,1,0,0
2207,30129,1,1,1,1,0,0,1,1
2208,30130,1,0,1,0,1,0,0,0
2209,30131,1,1,1,1,1,0,0,1
2210,30132,1,1,1,1,0,1,1,0
2211,30133,1,0,1,0,0,0,1,0
2212,30134,0,0,1,1,0,0,0,0
2213,30135,1,1,1,1,0,1,1,0
2214,30136,0,1,0,1,1,1,-1,0
2215,30137,0,0,0,0,0,1,0,-1
2216,30138,1,1,1,1,0,0,1,1
2217,30139,0,0,0,0,0,0,0,0
2218,30140,0,0,0,0,0,1,0,-1
2219,30141,1,1,1,1,1,0,0,1
2220,30142,1,1,1,1,1,0,0,1
2221,30143,1,1,1,1,0,0,1,1
2222,30144,1,1,1,1,1,0,0,1
2223,30145,0,1,1,1,1,1,-1,0
2224,30146,0,0,0,0,1,0,-1,0
2225,30147,0,1,1,1,0,1,0,0
2226,30148,1,1,1,1,1,0,0,1
2227,30149,1,1,1,1,1,1,0,0
2228,30150,0,1,1,1,1,0,-1,1
2229,30151,0,0,1,1,0,0,0,0
2230,30152,0,0,0,0,0,0,0,0
2231,30153,0,0,0,0,1,0,-1,0
2232,30154,0,0,0,0,0,0,0,0
2233,30155,1,1,1,1,0,0,1,1
2234,30156,0,0,0,0,0,0,0,0
2235,30157,0,1,1,1,0,1,0,0
2236,30158,0,0,1,1,0,0,0,0
2237,30159,1,1,1,1,1,1,0,0
2238,30160,1,1,1,1,1,0,0,1
2239,30161,1,1,1,1,1,0,0,1
2240,30162,0,0,0,0,0,1,0,-1
2241,30163,0,0,0,0,0,0,0,0
2242,30164,1,1,1,1,1,0,0,1
2243,30165,0,0,0,0,1,0,-1,0
2244,30166,0,1,0,1,0,1,0,0
2245,30167,0,1,1,1,0,1,0,0
2246,30168,0,1,1,1,1,0,-1,1
2247,30169,1,0,1,1,1,0,0,0
2248,30170,0,0,0,0,0,0,0,0
2249,30171,0,0,0,0,0,0,0,0
2250,30172,0,1,1,1,0,0,0,1
2251,30173,1,1,1,1,1,1,0,0
2252,30174,1,1,1,1,1,1,0,0
2253,30175,1,1,1,1,0,1,1,0
2254,30176,0,0,0,1,0,1,0,-1
2255,30177,0,1,0,1,0,1,0,0
2256,30178,1,0,1,1,1,0,0,0
2257,30179,0,0,0,0,1,0,-1,0
2258,30180,0,0,0,0,0,0,0,0
2259,30181,1,1,1,1,1,0,0,1
2260,30182,0,1,1,1,1,1,-1,0
2261,30183,1,1,1,1,1,1,0,0
2262,30184,0,1,0,0,0,1,0,0
2263,30185,0,0,0,0,0,1,0,-1
2264,30186,0,0,0,1,1,0,-1,0
2265,30187,0,0,0,0,0,0,0,0
2266,30188,0,1,1,1,0,1,0,0
2267,30189,1,1,1,1,1,1,0,0
2268,30190,0,0,0,0,1,0,-1,0
2269,30191,1,1,1,0,0,1,1,0
2270,30192,0,0,1,0,0,0,0,0
2271,30193,1,1,1,1,1,1,0,0
2272,30194,0,1,1,1,1,1,-1,0
2273,30195,0,0,0,0,0,1,0,-1
2274,30196,1,0,1,0,0,0,1,0
2275,30197,0,0,1,0,0,1,0,-1
2276,30198,0,1,0,0,0,1,0,0
2277,30199,0,1,1,1,0,1,0,0
2278,30200,0,1,0,0,0,1,0,0
2279,30201,1,1,1,1,1,0,0,1
2280,30202,0,1,0,0,0,1,0,0
2281,30203,0,1,1,1,0,1,0,0
2282,30204,1,0,1,1,1,0,0,0
2283,30205,1,1,1,1,0,0,1,1
2284,30206,1,1,1,1,0,1,1,0
2285,30207,1,1,1,1,1,0,0,1
2286,30208,1,1,1,1,0,1,1,0
2287,30209,0,1,1,1,0,1,0,0
2288,30210,1,1,1,1,0,1,1,0
2289,30211,1,1,1,1,1,0,0,1
2290,30212,0,0,0,0,0,0,0,0
2291,31001,0,0,0,0,0,0,0,0
2292,31002,1,1,1,1,0,1,1,0
2293,31003,1,1,1,1,1,1,0,0
2294,31004,0,0,0,1,0,0,0,0
2295,31005,0,0,0,0,0,1,0,-1
2296,31006,0,0,1,1,1,0,-1,0
2297,31007,0,1,1,1,0,1,0,0
2298,31008,0,0,0,0,0,0,0,0
2299,31009,0,0,0,1,1,0,-1,0
2300,31010,0,0,0,0,1,0,-1,0
2301,31011,0,0,1,1,1,1,-1,-1
2302,31012,0,0,0,0,1,0,-1,0
2303,31013,0,1,1,1,1,1,-1,0
2304,31014,0,0,0,0,0,0,0,0
2305,31015,0,0,0,1,0,0,0,0
2306,31016,0,1,0,0,1,1,-1,0
2307,31017,0,0,0,0,1,0,-1,0
2308,31018,0,0,0,0,0,0,0,0
2309,31019,1,1,1,1,1,1,0,0
2310,31020,0,1,0,1,0,1,0,0
2311,31021,0,1,0,1,1,1,-1,0
2312,31022,0,0,0,1,1,0,-1,0
2313,31023,0,0,0,1,0,0,0,0
2314,31024,0,1,1,1,0,1,0,0
2315,31025,0,1,0,1,1,1,-1,0
2316,31026,0,0,0,0,0,0,0,0
2317,31027,0,0,1,1,0,0,0,0
2318,31028,0,1,0,1,0,1,0,0
2319,31029,0,0,0,1,0,0,0,0
2320,31030,0,0,0,1,1,1,-1,-1
2321,31031,0,0,0,1,1,0,-1,0
2322,31032,1,0,1,1,1,0,0,0
2323,31033,1,1,1,1,1,1,0,0
2324,31034,0,0,0,1,0,0,0,0
2325,31035,0,0,0,1,1,0,-1,0
2326,31036,0,1,1,1,0,1,0,0
2327,31037,0,1,0,1,1,1,-1,0
2328,31038,1,1,1,1,1,1,0,0
2329,31039,0,1,0,1,0,1,0,0
2330,31040,1,1,1,1,1,0,0,1
2331,31041,1,1,1,1,1,1,0,0
2332,31042,0,0,0,1,0,0,0,0
2333,31043,0,0,0,1,1,1,-1,-1
2334,31044,0,1,0,1,0,1,0,0
2335,31045,0,0,0,0,1,0,-1,0
2336,31046,0,1,0,0,0,1,0,0
2337,31047,0,1,1,1,0,1,0,0
2338,31048,1,0,1,1,1,0,0,0
2339,31049,0,1,0,1,0,1,0,0
2340,31050,1,1,1,1,1,1,0,0
2341,31051,0,0,0,0,0,0,0,0
2342,31052,1,1,1,1,0,1,1,0
2343,31053,1,0,1,1,0,0,1,0
2344,31054,0,0,0,0,0,0,0,0
2345,31055,0,1,0,1,0,1,0,0
2346,31056,1,0,1,1,0,1,1,-1
2347,31057,0,0,1,1,0,0,0,0
2348,31058,1,0,1,1,1,0,0,0
2349,31059,1,1,1,1,1,1,0,0
2350,31060,0,0,0,0,1,0,-1,0
2351,31061,0,0,0,0,0,0,0,0
2352,31062,0,1,0,1,0,1,0,0
2353,31063,0,0,0,0,0,0,0,0
2354,31064,0,0,0,0,1,0,-1,0
2355,31065,0,0,0,0,0,1,0,-1
2356,31066,0,1,0,1,1,1,-1,0
2357,31067,0,1,1,1,1,0,-1,1
2358,31068,0,0,0,0,0,0,0,0
2359,31069,0,1,1,1,1,1,-1,0
2360,31070,0,0,0,1,0,0,0,0
2361,31071,0,0,0,0,0,0,0,0
2362,31072,0,0,0,0,0,0,0,0
2363,31073,0,1,1,1,0,1,0,0
2364,31074,0,0,0,1,0,0,0,0
2365,31075,0,1,1,1,1,1,-1,0
2366,31076,0,1,1,1,1,1,-1,0
2367,31077,0,0,0,1,1,0,-1,0
2368,31078,0,0,0,1,0,0,0,0
2369,31079,1,1,1,1,1,0,0,1
2370,31080,1,1,1,1,0,0,1,1
2371,31081,0,0,0,0,0,0,0,0
2372,31082,0,0,0,1,0,0,0,0
2373,31083,0,0,0,0,0,0,0,0
2374,31084,0,1,1,1,1,1,-1,0
2375,31085,1,1,1,1,1,0,0,1
2376,31086,0,0,0,0,0,0,0,0
2377,31087,0,0,0,1,0,1,0,-1
2378,31088,0,0,0,0,0,0,0,0
2379,31089,1,1,1,1,1,1,0,0
2380,31090,0,1,0,1,0,1,0,0
2381,31091,1,1,1,1,1,0,0,1
2382,31092,0,1,0,1,1,1,-1,0
2383,31093,1,0,1,1,0,0,1,0
2384,31094,0,0,0,1,1,0,-1,0
2385,31095,0,0,0,1,0,0,0,0
2386,31096,1,1,1,1,1,1,0,0
2387,31097,0,0,0,1,1,0,-1,0
2388,31098,1,1,1,1,1,1,0,0
2389,31099,0,1,0,1,0,1,0,0
2390,31100,0,0,0,0,0,1,0,-1
2391,31101,1,1,1,1,1,1,0,0
2392,31102,1,1,1,1,1,1,0,0
2393,31103,0,1,0,0,0,1,0,0
2394,31104,0,0,1,1,1,0,-1,0
2395,31105,0,0,0,0,0,1,0,-1
2396,31106,0,0,0,0,0,0,0,0
2397,32001,0,0,0,0,1,0,-1,0
2398,32002,0,0,0,0,0,0,0,0
2399,32003,0,0,0,0,0,0,0,0
2400,32004,0,0,0,0,0,0,0,0
2401,32005,1,1,1,1,1,1,0,0
2402,32006,0,0,1,1,0,0,0,0
2403,32007,1,1,1,1,0,0,1,1
2404,32008,0,1,1,1,1,1,-1,0
2405,32009,0,0,1,0,0,1,0,-1
2406,32010,1,1,1,1,1,1,0,0
2407,32011,0,0,0,0,0,0,0,0
2408,32012,0,0,0,0,0,0,0,0
2409,32013,0,0,0,1,0,1,0,-1
2410,32014,1,0,1,0,0,0,1,0
2411,32015,0,0,0,0,0,0,0,0
2412,32016,1,0,1,0,1,0,0,0
2413,32017,1,1,1,1,0,1,1,0
2414,32018,0,0,0,0,1,0,-1,0
2415,32019,1,0,1,0,1,0,0,0
2416,32020,1,0,1,1,1,0,0,0
2417,32021,0,0,0,0,0,0,0,0
2418,32022,1,0,1,0,0,1,1,-1
2419,32023,1,0,1,0,0,0,1,0
2420,32024,1,1,1,1,1,1,0,0
2421,32025,0,1,1,1,0,1,0,0
2422,32026,0,0,0,1,0,0,0,0
2423,32027,0,0,0,0,0,1,0,-1
2424,32028,0,0,0,0,0,0,0,0
2425,32029,1,0,1,0,1,1,0,-1
2426,32030,0,0,0,0,0,0,0,0
2427,32031,0,0,1,0,0,0,0,0
2428,32032,1,1,1,1,1,1,0,0
2429,32033,0,0,0,0,0,0,0,0
2430,32034,1,0,1,0,1,0,0,0
2431,32035,0,0,0,0,0,1,0,-1
2432,32036,1,0,1,0,1,1,0,-1
2433,32037,0,0,1,1,0,0,0,0
2434,32038,1,1,1,1,1,0,0,1
2435,32039,1,0,1,0,1,0,0,0
2436,32040,0,0,1,0,0,0,0,0
2437,32041,0,0,0,0,0,0,0,0
2438,32042,1,0,1,1,1,0,0,0
2439,32043,0,0,0,0,0,0,0,0
2440,32044,1,0,1,0,0,0,1,0
2441,32045,0,0,1,0,1,1,-1,-1
2442,32046,0,0,0,0,0,0,0,0
2443,32047,0,0,0,0,1,0,-1,0
2444,32048,1,0,1,0,1,0,0,0
2445,32049,1,0,1,0,0,0,1,0
2446,32050,0,0,0,1,0,0,0,0
2447,32051,1,0,1,1,0,0,1,0
2448,32052,0,1,1,1,0,0,0,1
2449,32053,0,0,1,0,0,0,0,0
2450,32054,0,0,1,1,0,0,0,0
2451,32055,1,0,1,0,1,0,0,0
2452,32056,1,1,1,1,1,1,0,0
2453,32057,1,1,1,1,0,1,1,0
2454,32058,0,0,0,0,0,0,0,0
